date,vader_score,roberta_score,tweet_count
2021-07-17 05:00:00,0.17691,0.1,10
2021-07-17 06:00:00,0.03758888888888888,0.0,18
2021-07-17 07:00:00,0.2958866666666667,0.13333333333333333,15
2021-07-17 08:00:00,0.19775555555555557,0.07407407407407407,27
2021-07-17 09:00:00,0.23520000000000002,-0.0087527352297593,457
2021-07-17 10:00:00,0.24244808362369338,0.03832752613240418,574
2021-07-17 11:00:00,0.16931434108527132,-0.03682170542635659,516
2021-07-17 12:00:00,0.16157003367003367,-0.025252525252525252,594
2021-07-17 13:00:00,0.2003011182108626,0.020766773162939296,626
2021-07-17 14:00:00,0.17218031837916065,-0.0694645441389291,691
2021-07-17 15:00:00,0.19120127388535033,-0.020700636942675158,628
2021-07-17 16:00:00,0.16070377073906486,-0.05279034690799397,663
2021-07-17 17:00:00,0.21180872374798063,0.011308562197092083,619
2021-07-17 18:00:00,0.14091651651651652,-0.036036036036036036,666
2021-07-17 19:00:00,0.16502744360902255,-0.02819548872180451,532
2021-07-17 20:00:00,0.13067942386831277,-0.06584362139917696,486
2021-07-17 21:00:00,0.1802022181146026,-0.08502772643253234,541
2021-07-17 22:00:00,0.15342124756335282,-0.07407407407407407,513
2021-07-17 23:00:00,0.19223765182186237,0.044534412955465584,494
2021-07-18 00:00:00,0.11377509881422924,-0.08695652173913043,506
2021-07-18 01:00:00,0.17323720930232558,-0.023255813953488372,516
2021-07-18 02:00:00,0.17243478260869566,-0.03324808184143223,391
2021-07-18 03:00:00,0.23524305882352942,-0.01647058823529412,425
2021-07-18 04:00:00,0.18594699453551913,0.01912568306010929,366
2021-07-18 05:00:00,0.19499805013927576,0.07520891364902507,359
2021-07-18 06:00:00,0.15646253369272237,0.02425876010781671,371
2021-07-18 07:00:00,0.18556721649484537,0.08041237113402062,485
2021-07-18 08:00:00,0.1813064837905237,-0.007481296758104738,401
2021-07-18 09:00:00,0.1945421052631579,-0.03110047846889952,418
2021-07-18 10:00:00,0.17983032407407407,-0.0023148148148148147,432
2021-07-18 11:00:00,0.19217266811279826,-0.015184381778741865,461
2021-07-18 12:00:00,0.20792631578947368,0.028070175438596492,570
2021-07-18 13:00:00,0.23247685512367489,0.007067137809187279,566
2021-07-18 14:00:00,0.5622689470553242,0.555026769779893,1681
2021-07-18 15:00:00,0.4531011119936457,0.38204924543288327,1259
2021-07-18 16:00:00,0.39265860655737705,0.29815573770491804,976
2021-07-18 17:00:00,0.3098093959731544,0.20693512304250558,894
2021-07-18 18:00:00,0.2202807372175981,0.06777645659928656,841
2021-07-18 19:00:00,0.2538711356466877,0.09779179810725552,634
2021-07-18 20:00:00,0.21294254937163373,0.02872531418312388,557
2021-07-18 21:00:00,0.2756995297805643,0.07366771159874608,638
2021-07-18 22:00:00,0.22195482233502536,0.028764805414551606,591
2021-07-18 23:00:00,0.174984496124031,-0.005813953488372093,516
2021-07-19 00:00:00,0.1972899430740038,0.04743833017077799,527
2021-07-19 01:00:00,0.23087738970588237,0.06433823529411764,544
2021-07-19 02:00:00,0.24760021459227466,0.01072961373390558,466
2021-07-19 03:00:00,0.2134347921225383,0.0262582056892779,457
2021-07-19 04:00:00,0.1518829268292683,-0.0066518847006651885,451
2021-07-19 05:00:00,0.12838958333333333,-0.06875,480
2021-07-19 06:00:00,0.1748738656987296,-0.018148820326678767,551
2021-07-19 07:00:00,0.1524770093457944,-0.024299065420560748,535
2021-07-19 08:00:00,0.18200198915009042,0.02531645569620253,553
2021-07-19 09:00:00,0.24530500715307582,0.0815450643776824,699
2021-07-19 10:00:00,0.3409048498845265,0.27251732101616627,866
2021-07-19 11:00:00,0.45207193744569935,0.40834057341442226,1151
2021-07-19 12:00:00,0.2834444081632653,0.14285714285714285,1225
2021-07-19 13:00:00,0.21548413197172037,0.09662215239591516,1273
2021-07-19 14:00:00,0.2267171996542783,0.04840103716508211,1157
2021-07-19 15:00:00,0.22088474747474748,0.052525252525252523,990
2021-07-19 16:00:00,0.20407284079084287,0.07284079084287201,961
2021-07-19 17:00:00,0.21037391304347827,0.01645123384253819,851
2021-07-19 18:00:00,0.18124408983451537,0.0035460992907801418,846
2021-07-19 19:00:00,0.17107787182587667,-0.030229746070133012,827
2021-07-19 20:00:00,0.1387748670212766,-0.06382978723404255,752
2021-07-19 21:00:00,0.16514808259587022,-0.0029498525073746312,678
2021-07-19 22:00:00,0.16376135265700484,-0.07085346215780998,621
2021-07-19 23:00:00,0.14117148148148148,-0.03333333333333333,540
2021-07-20 00:00:00,0.18387042253521127,0.007042253521126761,568
2021-07-20 01:00:00,0.12407692307692307,-0.05961538461538462,520
2021-07-20 02:00:00,0.1185230440967283,-0.034139402560455195,703
2021-07-20 03:00:00,0.05804205905826017,-0.1787709497206704,1253
2021-07-20 04:00:00,0.08088916349809885,-0.12737642585551331,1052
2021-07-20 05:00:00,0.12025688456189153,-0.06258692628650904,719
2021-07-20 06:00:00,0.16023537906137184,-0.08784596871239471,831
2021-07-20 07:00:00,0.0901391874180865,-0.09305373525557012,763
2021-07-20 08:00:00,0.13402331125827815,-0.09403973509933775,755
2021-07-20 09:00:00,0.12109681697612733,-0.09549071618037135,754
2021-07-20 10:00:00,0.10030763157894737,-0.1,760
2021-07-20 11:00:00,0.0,0.0,0
2021-07-20 12:00:00,0.0,0.0,0
2021-07-20 13:00:00,0.0,0.0,0
2021-07-20 14:00:00,0.0,0.0,0
2021-07-20 15:00:00,0.0,0.0,0
2021-07-20 16:00:00,0.0,0.0,0
2021-07-20 17:00:00,0.0,0.0,0
2021-07-20 18:00:00,0.0,0.0,0
2021-07-20 19:00:00,0.0,0.0,0
2021-07-20 20:00:00,0.0,0.0,0
2021-07-20 21:00:00,0.0,0.0,0
2021-07-20 22:00:00,0.0,0.0,0
2021-07-20 23:00:00,0.0,0.0,0
2021-07-21 00:00:00,0.0,0.0,0
2021-07-21 01:00:00,0.0,0.0,0
2021-07-21 02:00:00,0.0,0.0,0
2021-07-21 03:00:00,0.0,0.0,0
2021-07-21 04:00:00,0.0,0.0,0
2021-07-21 05:00:00,0.0,0.0,0
2021-07-21 06:00:00,0.0,0.0,0
2021-07-21 07:00:00,0.0,0.0,0
2021-07-21 08:00:00,0.0,0.0,0
2021-07-21 09:00:00,0.0,0.0,0
2021-07-21 10:00:00,0.0,0.0,0
2021-07-21 11:00:00,0.0,0.0,0
2021-07-21 12:00:00,0.0,0.0,0
2021-07-21 13:00:00,0.0,0.0,0
2021-07-21 14:00:00,0.0,0.0,0
2021-07-21 15:00:00,0.0,0.0,0
2021-07-21 16:00:00,0.0,0.0,0
2021-07-21 17:00:00,0.0,0.0,0
2021-07-21 18:00:00,0.0,0.0,0
2021-07-21 19:00:00,0.0,0.0,0
2021-07-21 20:00:00,0.0,0.0,0
2021-07-21 21:00:00,0.0,0.0,0
2021-07-21 22:00:00,0.0,0.0,0
2021-07-21 23:00:00,0.0,0.0,0
2021-07-22 00:00:00,0.0,0.0,0
2021-07-22 01:00:00,0.0,0.0,0
2021-07-22 02:00:00,0.0,0.0,0
2021-07-22 03:00:00,0.0,0.0,0
2021-07-22 04:00:00,0.0,0.0,0
2021-07-22 05:00:00,0.0,0.0,0
2021-07-22 06:00:00,0.0,0.0,0
2021-07-22 07:00:00,0.0,0.0,0
2021-07-22 08:00:00,0.0,0.0,0
2021-07-22 09:00:00,0.0,0.0,0
2021-07-22 10:00:00,0.0,0.0,0
2021-07-22 11:00:00,0.0,0.0,0
2021-07-22 12:00:00,0.0,0.0,0
2021-07-22 13:00:00,0.0,0.0,0
2021-07-22 14:00:00,0.0,0.0,0
2021-07-22 15:00:00,0.0,0.0,0
2021-07-22 16:00:00,0.0,0.0,0
2021-07-22 17:00:00,0.0,0.0,0
2021-07-22 18:00:00,0.0,0.0,0
2021-07-22 19:00:00,0.0,0.0,0
2021-07-22 20:00:00,0.0,0.0,0
2021-07-22 21:00:00,0.0,0.0,0
2021-07-22 22:00:00,0.0,0.0,0
2021-07-22 23:00:00,0.0,0.0,0
2021-07-23 00:00:00,0.0,0.0,0
2021-07-23 01:00:00,0.0,0.0,0
2021-07-23 02:00:00,0.0,0.0,0
2021-07-23 03:00:00,0.0,0.0,0
2021-07-23 04:00:00,0.0,0.0,0
2021-07-23 05:00:00,0.0,0.0,0
2021-07-23 06:00:00,0.0,0.0,0
2021-07-23 07:00:00,0.0,0.0,0
2021-07-23 08:00:00,0.2885388888888889,0.027777777777777776,36
2021-07-23 09:00:00,0.33422466367713005,0.17937219730941703,223
2021-07-23 10:00:00,0.27439947643979057,0.05759162303664921,191
2021-07-23 11:00:00,0.3488457236842106,0.16447368421052633,304
2021-07-23 12:00:00,0.2270113924050633,-0.016877637130801686,237
2021-07-23 13:00:00,0.29501115107913667,0.12589928057553956,278
2021-07-23 14:00:00,0.25658364312267656,0.07063197026022305,269
2021-07-23 15:00:00,0.5022497093023256,0.3866279069767442,344
2021-07-23 16:00:00,0.4715479899497487,0.3492462311557789,398
2021-07-23 17:00:00,0.38860807453416146,0.18633540372670807,322
2021-07-23 18:00:00,0.30085620437956206,0.09124087591240876,274
2021-07-23 19:00:00,0.29083200000000003,0.065,200
2021-07-23 20:00:00,0.3888901140684411,0.22813688212927757,263
2021-07-23 21:00:00,0.2117495283018868,-0.07075471698113207,212
2021-07-23 22:00:00,0.22643684210526316,0.06390977443609022,266
2021-07-23 23:00:00,0.23479587628865978,0.06529209621993128,291
2021-07-24 00:00:00,0.2905320754716981,0.07924528301886792,265
2021-07-24 01:00:00,0.279312,-0.005714285714285714,175
2021-07-24 02:00:00,0.28248765432098766,0.09259259259259259,162
2021-07-24 03:00:00,0.3893722543352601,0.21965317919075145,173
2021-07-24 04:00:00,0.3019725274725275,0.24175824175824176,182
2021-07-24 05:00:00,0.2416187134502924,0.15204678362573099,171
2021-07-24 06:00:00,0.39819559748427674,0.29559748427672955,159
2021-07-24 07:00:00,0.34845128205128206,0.15384615384615385,234
2021-07-24 08:00:00,0.4062946341463415,0.23414634146341465,205
2021-07-24 09:00:00,0.3201262569832402,0.13966480446927373,179
2021-07-24 10:00:00,0.31105244444444446,0.12444444444444444,225
2021-07-24 11:00:00,0.3286650602409638,0.14457831325301204,249
2021-07-24 12:00:00,0.2522613953488372,0.06976744186046512,215
2021-07-24 13:00:00,0.26652745901639346,0.06967213114754098,244
2021-07-24 14:00:00,0.27796444444444446,0.09777777777777778,225
2021-07-24 15:00:00,0.2680868421052631,0.07142857142857142,266
2021-07-24 16:00:00,0.19342643312101912,-0.044585987261146494,314
2021-07-24 17:00:00,0.21179580645161292,0.07096774193548387,310
2021-07-24 18:00:00,0.2948838174273859,0.12863070539419086,241
2021-07-24 19:00:00,0.21369999999999997,0.005917159763313609,169
2021-07-24 20:00:00,0.24905445544554455,0.0049504950495049506,202
2021-07-24 21:00:00,0.18086666666666668,-0.017857142857142856,168
2021-07-24 22:00:00,0.1865,-0.034482758620689655,174
2021-07-24 23:00:00,0.2957977443609022,0.022556390977443608,133
2021-07-25 00:00:00,0.18624148471615723,0.056768558951965066,229
2021-07-25 01:00:00,0.2041569306930693,-0.04455445544554455,202
2021-07-25 02:00:00,0.22807062146892654,-0.005649717514124294,177
2021-07-25 03:00:00,0.21122912087912088,0.02197802197802198,182
2021-07-25 04:00:00,0.19351387559808614,-0.004784688995215311,209
2021-07-25 05:00:00,0.13694170616113743,-0.061611374407582936,211
2021-07-25 06:00:00,0.24782543352601158,0.04046242774566474,173
2021-07-25 07:00:00,0.21573275261324043,-0.013937282229965157,287
2021-07-25 08:00:00,0.17482,-0.036734693877551024,245
2021-07-25 09:00:00,0.24078735177865615,0.07114624505928854,253
2021-07-25 10:00:00,0.23361598360655736,0.01639344262295082,244
2021-07-25 11:00:00,0.17890353982300886,0.02654867256637168,226
2021-07-25 12:00:00,0.20448253968253968,0.023809523809523808,252
2021-07-25 13:00:00,0.20230387323943663,-0.06338028169014084,284
2021-07-25 14:00:00,0.20611666666666667,-0.06333333333333334,300
2021-07-25 15:00:00,0.2650138686131387,-0.021897810218978103,274
2021-07-25 16:00:00,0.18967322033898307,0.04406779661016949,295
2021-07-25 17:00:00,0.22855661016949153,-0.013559322033898305,295
2021-07-25 18:00:00,0.20677236842105265,0.013157894736842105,304
2021-07-25 19:00:00,0.24485912698412698,-0.03571428571428571,252
2021-07-25 20:00:00,0.18904977168949771,-0.0684931506849315,219
2021-07-25 21:00:00,0.20592364532019705,-0.04926108374384237,203
2021-07-25 22:00:00,0.14788430034129693,0.010238907849829351,293
2021-07-25 23:00:00,0.14233738095238097,0.016666666666666666,420
2021-07-26 00:00:00,0.18589172661870504,0.07014388489208633,556
2021-07-26 01:00:00,0.0980745382585752,-0.04353562005277045,1516
2021-07-26 02:00:00,0.23695765765765764,0.09009009009009009,777
2021-07-26 03:00:00,0.19355363457760313,0.060903732809430254,509
2021-07-26 04:00:00,0.13972892057026476,0.004073319755600814,491
2021-07-26 05:00:00,0.1894876651982379,0.06167400881057269,454
2021-07-26 06:00:00,0.19517231040564373,0.03880070546737213,567
2021-07-26 07:00:00,0.19973728813559322,0.04331450094161959,531
2021-07-26 08:00:00,0.2211774193548387,0.021505376344086023,465
2021-07-26 09:00:00,0.21375317073170733,0.02926829268292683,410
2021-07-26 10:00:00,0.2102133474576271,-0.01694915254237288,472
2021-07-26 11:00:00,0.2965858624454148,0.75764192139738,1832
2021-07-26 12:00:00,0.18485735294117647,-0.02022058823529412,544
2021-07-26 13:00:00,0.13737076612903226,-0.05443548387096774,496
2021-07-26 14:00:00,0.14330549898167005,-0.024439918533604887,491
2021-07-26 15:00:00,0.2839934990439771,0.036328871892925434,523
2021-07-26 16:00:00,0.20079357945425363,-0.009630818619582664,623
2021-07-26 17:00:00,0.19399877192982456,0.0456140350877193,570
2021-07-26 18:00:00,0.18733216374269004,0.049707602339181284,684
2021-07-26 19:00:00,0.1454948347107438,-0.002066115702479339,968
2021-07-26 20:00:00,0.09860667475728155,-0.1383495145631068,824
2021-07-26 21:00:00,0.11611702898550724,-0.1721014492753623,552
2021-07-26 22:00:00,0.22166462765957448,-0.0026595744680851063,376
2021-07-26 23:00:00,0.21573040752351097,-0.08150470219435736,319
2021-07-27 00:00:00,0.15560712074303407,-0.06501547987616099,323
2021-07-27 01:00:00,0.15066023166023165,-0.0888030888030888,259
2021-07-27 02:00:00,0.1811976430976431,-0.0707070707070707,297
2021-07-27 03:00:00,0.21504249084249086,-0.029304029304029304,273
2021-07-27 04:00:00,0.17551507352941176,-0.007352941176470588,272
2021-07-27 05:00:00,0.19684055118110236,-0.015748031496062992,254
2021-07-27 06:00:00,0.2260085585585586,-0.02702702702702703,222
2021-07-27 07:00:00,0.2474173913043478,0.010869565217391304,276
2021-07-27 08:00:00,0.21289381818181818,0.01818181818181818,275
2021-07-27 09:00:00,0.2100861111111111,0.003968253968253968,252
2021-07-27 10:00:00,0.23554210526315789,0.058823529411764705,323
2021-07-27 11:00:00,0.1715930930930931,-0.04804804804804805,333
2021-07-27 12:00:00,0.2017955958549223,-0.023316062176165803,386
2021-07-27 13:00:00,0.22157518248175184,0.0024330900243309003,411
2021-07-27 14:00:00,0.2181537712895377,-0.0170316301703163,411
2021-07-27 15:00:00,0.22292,-0.06756756756756757,370
2021-07-27 16:00:00,0.26724972826086957,-0.005434782608695652,368
2021-07-27 17:00:00,0.20186169491525424,-0.03389830508474576,295
2021-07-27 18:00:00,0.19823588235294118,0.0058823529411764705,340
2021-07-27 19:00:00,0.15056,-0.059375,320
2021-07-27 20:00:00,0.15682222222222222,-0.1003584229390681,279
2021-07-27 21:00:00,0.1655191570881226,-0.05747126436781609,261
2021-07-27 22:00:00,0.1336642441860465,-0.046511627906976744,344
2021-07-27 23:00:00,0.2002890625,-0.05,320
2021-07-28 00:00:00,0.22062533333333334,0.056666666666666664,300
2021-07-28 01:00:00,0.20496459854014598,-0.051094890510948905,274
2021-07-28 02:00:00,0.16433197115384615,-0.0673076923076923,416
2021-07-28 03:00:00,0.1328189024390244,-0.009146341463414634,328
2021-07-28 04:00:00,0.1752608695652174,-0.05928853754940711,253
2021-07-28 05:00:00,0.15990345911949685,-0.012578616352201259,318
2021-07-28 06:00:00,0.2192706051873199,-0.020172910662824207,347
2021-07-28 07:00:00,0.21739641873278237,0.06060606060606061,363
2021-07-28 08:00:00,0.1862409090909091,0.03333333333333333,330
2021-07-28 09:00:00,0.1514601880877743,-0.08150470219435736,319
2021-07-28 10:00:00,0.16470700280112044,-0.022408963585434174,357
2021-07-28 11:00:00,0.18431252446183954,0.007827788649706457,511
2021-07-28 12:00:00,0.1870086776859504,-0.04132231404958678,484
2021-07-28 13:00:00,0.17489000000000002,-0.055,400
2021-07-28 14:00:00,0.18084912280701754,-0.0029239766081871343,342
2021-07-28 15:00:00,0.25467593818984546,0.10154525386313466,453
2021-07-28 16:00:00,0.2650860510805501,0.12573673870333987,509
2021-07-28 17:00:00,0.2099369140625,-0.00390625,512
2021-07-28 18:00:00,0.1792657894736842,0.06275303643724696,494
2021-07-28 19:00:00,0.20609164490861617,0.02349869451697128,383
2021-07-28 20:00:00,0.22261159874608152,0.025078369905956112,319
2021-07-28 21:00:00,0.23427906137184118,0.01444043321299639,277
2021-07-28 22:00:00,0.24087822878228785,0.07011070110701106,271
2021-07-28 23:00:00,0.26447318007662834,0.038314176245210725,261
2021-07-29 00:00:00,0.2014174193548387,0.03225806451612903,310
2021-07-29 01:00:00,0.2435448888888889,0.044444444444444446,225
2021-07-29 02:00:00,0.22264518828451885,0.016736401673640166,239
2021-07-29 03:00:00,0.20861470588235295,0.03431372549019608,204
2021-07-29 04:00:00,0.22191637168141592,0.05752212389380531,226
2021-07-29 05:00:00,0.23290489795918368,0.044897959183673466,245
2021-07-29 06:00:00,0.247212927756654,0.07224334600760456,263
2021-07-29 07:00:00,0.23838730769230768,0.06538461538461539,260
2021-07-29 08:00:00,0.2540132616487455,0.017921146953405017,279
2021-07-29 09:00:00,0.248885754985755,0.037037037037037035,351
2021-07-29 10:00:00,0.209706,-0.0033333333333333335,300
2021-07-29 11:00:00,0.23237089337175793,0.07492795389048991,347
2021-07-29 12:00:00,0.25879599999999997,0.04857142857142857,350
2021-07-29 13:00:00,0.19099340974212034,0.045845272206303724,349
2021-07-29 14:00:00,0.2252996835443038,0.08544303797468354,316
2021-07-29 15:00:00,0.23154010282776352,0.03598971722365039,389
2021-07-29 16:00:00,0.21104827586206898,-0.034482758620689655,377
2021-07-29 17:00:00,0.17296867469879518,-0.05120481927710843,332
2021-07-29 18:00:00,0.1947870662460568,0.012618296529968454,317
2021-07-29 19:00:00,0.18756472303206997,0.02040816326530612,343
2021-07-29 20:00:00,0.1926575,-0.04285714285714286,280
2021-07-29 21:00:00,0.18573927125506073,-0.05668016194331984,247
2021-07-29 22:00:00,0.19473805309734513,-0.004424778761061947,226
2021-07-29 23:00:00,0.19580315398886827,0.0074211502782931356,539
2021-07-30 00:00:00,0.19820337457817772,0.00562429696287964,889
2021-07-30 01:00:00,0.1926213783403657,0.01828410689170183,711
2021-07-30 02:00:00,0.22539365284974092,0.0051813471502590676,772
2021-07-30 03:00:00,0.21184759615384616,0.004807692307692308,624
2021-07-30 04:00:00,0.2455910149750416,0.08319467554076539,601
2021-07-30 05:00:00,0.22930649546827797,0.03625377643504532,662
2021-07-30 06:00:00,0.21865359877488513,0.04134762633996937,653
2021-07-30 07:00:00,0.20601984334203657,0.04569190600522193,766
2021-07-30 08:00:00,0.19328751381215467,0.023204419889502764,905
2021-07-30 09:00:00,0.16478967741935485,-0.03118279569892473,930
2021-07-30 10:00:00,0.1773171111111111,0.023333333333333334,900
2021-07-30 11:00:00,0.2153334088335221,-0.027180067950169876,883
2021-07-30 12:00:00,0.16205446985446986,-0.029106029106029108,962
2021-07-30 13:00:00,0.20258046709129512,-0.008492569002123142,942
2021-07-30 14:00:00,0.20395868089233754,0.026188166828322017,1031
2021-07-30 15:00:00,0.20837572906867358,-0.014111006585136407,1063
2021-07-30 16:00:00,0.2352112676056338,0.013204225352112676,1136
2021-07-30 17:00:00,0.23170710116731516,0.008754863813229572,1028
2021-07-30 18:00:00,0.1841091882247993,-0.02408563782337199,1121
2021-07-30 19:00:00,0.19134389999999998,-0.003,1000
2021-07-30 20:00:00,0.1601933845245127,0.02362669816893089,1693
2021-07-30 21:00:00,0.13423651839648545,0.014827018121911038,1821
2021-07-30 22:00:00,0.16834490311710193,0.008424599831508003,1187
2021-07-30 23:00:00,0.15008293075684379,0.013687600644122383,1242
2021-07-31 00:00:00,0.0,0.0,0
2021-07-31 01:00:00,0.0,0.0,0
2021-07-31 02:00:00,0.0,0.0,0
2021-07-31 03:00:00,0.0,0.0,0
2021-07-31 04:00:00,0.0,0.0,0
2021-07-31 05:00:00,0.0,0.0,0
2021-07-31 06:00:00,0.0,0.0,0
2021-07-31 07:00:00,0.0,0.0,0
2021-07-31 08:00:00,0.0,0.0,0
2021-07-31 09:00:00,0.0,0.0,0
2021-07-31 10:00:00,0.0,0.0,0
2021-07-31 11:00:00,0.0,0.0,0
2021-07-31 12:00:00,0.0,0.0,0
2021-07-31 13:00:00,0.0,0.0,0
2021-07-31 14:00:00,0.0,0.0,0
2021-07-31 15:00:00,0.0,0.0,0
2021-07-31 16:00:00,0.0,0.0,0
2021-07-31 17:00:00,0.0,0.0,0
2021-07-31 18:00:00,0.0,0.0,0
2021-07-31 19:00:00,0.0,0.0,0
2021-07-31 20:00:00,0.0,0.0,0
2021-07-31 21:00:00,0.0,0.0,0
2021-07-31 22:00:00,0.0,0.0,0
2021-07-31 23:00:00,0.0,0.0,0
2021-08-01 00:00:00,0.0,0.0,0
2021-08-01 01:00:00,0.0,0.0,0
2021-08-01 02:00:00,0.0,0.0,0
2021-08-01 03:00:00,0.0,0.0,0
2021-08-01 04:00:00,0.0,0.0,0
2021-08-01 05:00:00,0.0,0.0,0
2021-08-01 06:00:00,0.0,0.0,0
2021-08-01 07:00:00,0.0,0.0,0
2021-08-01 08:00:00,0.0,0.0,0
2021-08-01 09:00:00,0.0,0.0,0
2021-08-01 10:00:00,0.0,0.0,0
2021-08-01 11:00:00,0.0,0.0,0
2021-08-01 12:00:00,0.0,0.0,0
2021-08-01 13:00:00,0.0,0.0,0
2021-08-01 14:00:00,0.0,0.0,0
2021-08-01 15:00:00,0.0,0.0,0
2021-08-01 16:00:00,0.0,0.0,0
2021-08-01 17:00:00,0.0,0.0,0
2021-08-01 18:00:00,0.0,0.0,0
2021-08-01 19:00:00,0.0,0.0,0
2021-08-01 20:00:00,0.0,0.0,0
2021-08-01 21:00:00,0.0,0.0,0
2021-08-01 22:00:00,0.0,0.0,0
2021-08-01 23:00:00,0.0,0.0,0
2021-08-02 00:00:00,0.0,0.0,0
2021-08-02 01:00:00,0.0,0.0,0
2021-08-02 02:00:00,0.0,0.0,0
2021-08-02 03:00:00,0.0,0.0,0
2021-08-02 04:00:00,0.0,0.0,0
2021-08-02 05:00:00,0.0,0.0,0
2021-08-02 06:00:00,0.0,0.0,0
2021-08-02 07:00:00,0.0,0.0,0
2021-08-02 08:00:00,0.0,0.0,0
2021-08-02 09:00:00,0.0,0.0,0
2021-08-02 10:00:00,0.0,0.0,0
2021-08-02 11:00:00,0.0,0.0,0
2021-08-02 12:00:00,0.0,0.0,0
2021-08-02 13:00:00,0.0,0.0,0
2021-08-02 14:00:00,0.0,0.0,0
2021-08-02 15:00:00,0.0,0.0,0
2021-08-02 16:00:00,0.0,0.0,0
2021-08-02 17:00:00,0.0,0.0,0
2021-08-02 18:00:00,0.0,0.0,0
2021-08-02 19:00:00,0.0,0.0,0
2021-08-02 20:00:00,0.0,0.0,0
2021-08-02 21:00:00,0.0,0.0,0
2021-08-02 22:00:00,0.0,0.0,0
2021-08-02 23:00:00,0.0,0.0,0
2021-08-03 00:00:00,0.0,0.0,0
2021-08-03 01:00:00,0.0,0.0,0
2021-08-03 02:00:00,0.0,0.0,0
2021-08-03 03:00:00,0.0,0.0,0
2021-08-03 04:00:00,0.0,0.0,0
2021-08-03 05:00:00,0.0,0.0,0
2021-08-03 06:00:00,0.0,0.0,0
2021-08-03 07:00:00,0.0,0.0,0
2021-08-03 08:00:00,0.0,0.0,0
2021-08-03 09:00:00,0.0,0.0,0
2021-08-03 10:00:00,0.0,0.0,0
2021-08-03 11:00:00,0.0,0.0,0
2021-08-03 12:00:00,0.0,0.0,0
2021-08-03 13:00:00,0.0,0.0,0
2021-08-03 14:00:00,0.0,0.0,0
2021-08-03 15:00:00,0.0,0.0,0
2021-08-03 16:00:00,0.0,0.0,0
2021-08-03 17:00:00,0.0,0.0,0
2021-08-03 18:00:00,0.0,0.0,0
2021-08-03 19:00:00,0.0,0.0,0
2021-08-03 20:00:00,0.0,0.0,0
2021-08-03 21:00:00,0.0,0.0,0
2021-08-03 22:00:00,0.0,0.0,0
2021-08-03 23:00:00,0.0,0.0,0
2021-08-04 00:00:00,0.0,0.0,0
2021-08-04 01:00:00,0.0,0.0,0
2021-08-04 02:00:00,0.0,0.0,0
2021-08-04 03:00:00,0.0,0.0,0
2021-08-04 04:00:00,0.0,0.0,0
2021-08-04 05:00:00,0.0,0.0,0
2021-08-04 06:00:00,0.0,0.0,0
2021-08-04 07:00:00,0.0,0.0,0
2021-08-04 08:00:00,0.0,0.0,0
2021-08-04 09:00:00,0.0,0.0,0
2021-08-04 10:00:00,0.0,0.0,0
2021-08-04 11:00:00,0.0,0.0,0
2021-08-04 12:00:00,0.0,0.0,0
2021-08-04 13:00:00,0.0,0.0,0
2021-08-04 14:00:00,0.0,0.0,0
2021-08-04 15:00:00,0.0,0.0,0
2021-08-04 16:00:00,0.0,0.0,0
2021-08-04 17:00:00,0.0,0.0,0
2021-08-04 18:00:00,0.0,0.0,0
2021-08-04 19:00:00,0.0,0.0,0
2021-08-04 20:00:00,0.21607093023255813,-0.029069767441860465,172
2021-08-04 21:00:00,0.16481524163568773,-0.06319702602230483,269
2021-08-04 22:00:00,0.189705078125,-0.046875,256
2021-08-04 23:00:00,0.19520231481481481,-0.013888888888888888,216
2021-08-05 00:00:00,0.1827584905660377,-0.014150943396226415,212
2021-08-05 01:00:00,0.21193461538461536,0.019230769230769232,156
2021-08-05 02:00:00,0.22342816091954024,0.0,174
2021-08-05 03:00:00,0.1993042424242424,-0.08484848484848485,165
2021-08-05 04:00:00,0.23229811320754717,0.006289308176100629,159
2021-08-05 05:00:00,0.18782435233160624,0.0051813471502590676,193
2021-08-05 06:00:00,0.20386923076923077,0.03365384615384615,208
2021-08-05 07:00:00,0.16735560747663553,-0.009345794392523364,214
2021-08-05 08:00:00,0.23040971223021584,0.02877697841726619,278
2021-08-05 09:00:00,0.26028301886792454,0.02830188679245283,318
2021-08-05 10:00:00,0.21137037037037038,0.08518518518518518,270
2021-08-05 11:00:00,0.2342358422939068,0.05017921146953405,279
2021-08-05 12:00:00,0.2087452599388379,-0.021406727828746176,327
2021-08-05 13:00:00,0.24744896142433234,-0.04154302670623145,337
2021-08-05 14:00:00,0.16694041297935103,-0.032448377581120944,339
2021-08-05 15:00:00,0.17585470085470087,-0.005698005698005698,351
2021-08-05 16:00:00,0.16324229607250756,-0.03927492447129909,331
2021-08-05 17:00:00,0.1701312101910828,0.02335456475583864,471
2021-08-05 18:00:00,0.23291805225653206,0.10688836104513064,421
2021-08-05 19:00:00,0.20133160173160172,0.02813852813852814,462
2021-08-05 20:00:00,0.18301590106007068,0.0,283
2021-08-05 21:00:00,0.24513185185185182,0.17037037037037037,270
2021-08-05 22:00:00,0.15527376237623763,0.0049504950495049506,202
2021-08-05 23:00:00,0.21390235294117646,-0.029411764705882353,170
2021-08-06 00:00:00,0.22709866666666667,0.022222222222222223,225
2021-08-06 01:00:00,0.21949273743016762,0.03910614525139665,179
2021-08-06 02:00:00,0.20922474226804122,-0.12886597938144329,194
2021-08-06 03:00:00,0.18371444444444446,-0.08888888888888889,180
2021-08-06 04:00:00,0.15651753554502368,-0.02843601895734597,211
2021-08-06 05:00:00,0.13760666666666668,-0.06666666666666667,195
2021-08-06 06:00:00,0.21677164750957853,-0.034482758620689655,261
2021-08-06 07:00:00,0.1741931623931624,-0.07264957264957266,234
2021-08-06 08:00:00,0.21448,0.04905660377358491,265
2021-08-06 09:00:00,0.15905461538461538,0.023076923076923078,260
2021-08-06 10:00:00,0.21458015873015873,0.051587301587301584,252
2021-08-06 11:00:00,0.2827486187845304,-0.0027624309392265192,362
2021-08-06 12:00:00,0.2905092077087794,0.16488222698072805,467
2021-08-06 13:00:00,0.39348170212765954,0.17446808510638298,470
2021-08-06 14:00:00,0.41417710084033615,0.21638655462184875,476
2021-08-06 15:00:00,0.1785336820083682,-0.010460251046025104,478
2021-08-06 16:00:00,0.1532922902494331,0.003401360544217687,882
2021-08-06 17:00:00,0.2061458041958042,0.03146853146853147,572
2021-08-06 18:00:00,0.19989342723004697,0.02112676056338028,426
2021-08-06 19:00:00,0.1650981627296588,-0.010498687664041995,381
2021-08-06 20:00:00,0.16872732919254657,-0.046583850931677016,322
2021-08-06 21:00:00,0.22667927631578946,-0.019736842105263157,304
2021-08-06 22:00:00,0.26406173285198553,-0.05776173285198556,277
2021-08-06 23:00:00,0.21371792452830188,-0.07075471698113207,212
2021-08-07 00:00:00,0.1667375510204082,-0.061224489795918366,245
2021-08-07 01:00:00,0.1998536170212766,-0.07234042553191489,235
2021-08-07 02:00:00,0.21177351778656126,0.019762845849802372,253
2021-08-07 03:00:00,0.22150296610169493,0.03389830508474576,236
2021-08-07 04:00:00,0.16326346153846155,0.026923076923076925,260
2021-08-07 05:00:00,0.20230684931506848,0.0639269406392694,219
2021-08-07 06:00:00,0.21468325358851675,0.04784688995215311,209
2021-08-07 07:00:00,0.2110708695652174,0.043478260869565216,230
2021-08-07 08:00:00,0.2172809836065574,0.08196721311475409,305
2021-08-07 09:00:00,0.23898857142857144,0.05714285714285714,315
2021-08-07 10:00:00,0.20686271777003484,-0.017421602787456445,287
2021-08-07 11:00:00,0.2046632258064516,-0.016129032258064516,310
2021-08-07 12:00:00,0.2581738019169329,0.1389776357827476,626
2021-08-07 13:00:00,0.30193252747252747,0.05934065934065934,455
2021-08-07 14:00:00,0.26129294710327455,-0.012594458438287154,397
2021-08-07 15:00:00,0.27500985074626866,0.0626865671641791,335
2021-08-07 16:00:00,0.17447763496143956,-0.043701799485861184,389
2021-08-07 17:00:00,0.2112332298136646,0.043478260869565216,322
2021-08-07 18:00:00,0.2138585185185185,-0.02962962962962963,270
2021-08-07 19:00:00,0.2314969696969697,0.026515151515151516,264
2021-08-07 20:00:00,0.21818533834586468,-0.022556390977443608,266
2021-08-07 21:00:00,0.20082533333333333,-0.03111111111111111,225
2021-08-07 22:00:00,0.15896380952380953,-0.08095238095238096,210
2021-08-07 23:00:00,0.13563463035019455,-0.019455252918287938,257
2021-08-08 00:00:00,0.1591636879432624,-0.05531914893617021,705
2021-08-08 01:00:00,0.1899424336973479,-0.0171606864274571,641
2021-08-08 02:00:00,0.2124917562724014,0.0035842293906810036,558
2021-08-08 03:00:00,0.192359165154265,0.012704174228675136,551
2021-08-08 04:00:00,0.2296644036697248,0.03486238532110092,545
2021-08-08 05:00:00,0.18859717868338557,0.004702194357366771,638
2021-08-08 06:00:00,0.14159441816461685,0.0293282876064333,1057
2021-08-08 07:00:00,0.1408471175166297,0.0,902
2021-08-08 08:00:00,0.2483014234875445,0.1103202846975089,843
2021-08-08 09:00:00,0.3689270684371808,0.30132788559754853,979
2021-08-08 10:00:00,0.30686924754634676,0.14721919302071973,917
2021-08-08 11:00:00,0.2376952941176471,0.040522875816993466,765
2021-08-08 12:00:00,0.2556668080593849,0.09968186638388123,943
2021-08-08 13:00:00,0.25765674603174604,0.06944444444444445,1008
2021-08-08 14:00:00,0.26523088363954506,0.024496937882764653,1143
2021-08-08 15:00:00,0.2124978640776699,0.024271844660194174,1030
2021-08-08 16:00:00,0.20601001001001001,-0.005005005005005005,999
2021-08-08 17:00:00,0.21191072555205046,0.011566771819137749,951
2021-08-08 18:00:00,0.2170614090431125,0.029442691903259727,951
2021-08-08 19:00:00,0.18939866310160428,0.014705882352941176,748
2021-08-08 20:00:00,0.20829698162729657,0.028871391076115485,762
2021-08-08 21:00:00,0.1833839863713799,-0.04599659284497445,587
2021-08-08 22:00:00,0.16331302395209582,-0.029940119760479042,668
2021-08-08 23:00:00,0.12815216284987277,-0.06870229007633588,786
2021-08-09 00:00:00,0.1756959409594096,-0.07257072570725707,813
2021-08-09 01:00:00,0.16062710027100272,-0.056910569105691054,738
2021-08-09 02:00:00,0.15548,-0.024390243902439025,615
2021-08-09 03:00:00,0.1811202572347267,-0.0932475884244373,622
2021-08-09 04:00:00,0.15667578397212542,-0.03484320557491289,574
2021-08-09 05:00:00,0.192270826306914,-0.025295109612141653,593
2021-08-09 06:00:00,0.21909872204472844,0.039936102236421724,626
2021-08-09 07:00:00,0.30423652561247216,0.1714922048997773,898
2021-08-09 08:00:00,0.3792443024494143,0.25878594249201275,939
2021-08-09 09:00:00,0.24608526422764226,0.10670731707317073,984
2021-08-09 10:00:00,0.19200725925925924,0.09555555555555556,1350
2021-08-09 11:00:00,0.161094674556213,0.044707429322813935,1521
2021-08-09 12:00:00,0.17087992673992675,0.02564102564102564,1365
2021-08-09 13:00:00,0.18735252808988764,0.038623595505617975,1424
2021-08-09 14:00:00,0.20015379436964506,0.03427172582619339,1634
2021-08-09 15:00:00,0.26918556701030927,0.11469072164948453,1552
2021-08-09 16:00:00,0.2678912981455064,0.1369472182596291,1402
2021-08-09 17:00:00,0.2492767705382436,0.11048158640226628,1412
2021-08-09 18:00:00,0.25829928338762215,0.14527687296416938,1535
2021-08-09 19:00:00,0.2674350548741123,0.1291155584247902,1549
2021-08-09 20:00:00,0.1535053013798112,-0.06245461147421932,1377
2021-08-09 21:00:00,0.15516052173913045,-0.10840579710144928,1725
2021-08-09 22:00:00,0.16039204934886908,-0.08567511994516792,1459
2021-08-09 23:00:00,0.20149380234505862,-0.036013400335008376,1194
2021-08-10 00:00:00,0.0,0.0,0
2021-08-10 01:00:00,0.0,0.0,0
2021-08-10 02:00:00,0.0,0.0,0
2021-08-10 03:00:00,0.0,0.0,0
2021-08-10 04:00:00,0.0,0.0,0
2021-08-10 05:00:00,0.0,0.0,0
2021-08-10 06:00:00,0.0,0.0,0
2021-08-10 07:00:00,0.0,0.0,0
2021-08-10 08:00:00,0.0,0.0,0
2021-08-10 09:00:00,0.0,0.0,0
2021-08-10 10:00:00,0.0,0.0,0
2021-08-10 11:00:00,0.0,0.0,0
2021-08-10 12:00:00,0.0,0.0,0
2021-08-10 13:00:00,0.0,0.0,0
2021-08-10 14:00:00,0.0,0.0,0
2021-08-10 15:00:00,0.0,0.0,0
2021-08-10 16:00:00,0.0,0.0,0
2021-08-10 17:00:00,0.0,0.0,0
2021-08-10 18:00:00,0.0,0.0,0
2021-08-10 19:00:00,0.0,0.0,0
2021-08-10 20:00:00,0.0,0.0,0
2021-08-10 21:00:00,0.0,0.0,0
2021-08-10 22:00:00,0.0,0.0,0
2021-08-10 23:00:00,0.0,0.0,0
2021-08-11 00:00:00,0.0,0.0,0
2021-08-11 01:00:00,0.0,0.0,0
2021-08-11 02:00:00,0.0,0.0,0
2021-08-11 03:00:00,0.0,0.0,0
2021-08-11 04:00:00,0.0,0.0,0
2021-08-11 05:00:00,0.0,0.0,0
2021-08-11 06:00:00,0.0,0.0,0
2021-08-11 07:00:00,0.0,0.0,0
2021-08-11 08:00:00,0.0,0.0,0
2021-08-11 09:00:00,0.0,0.0,0
2021-08-11 10:00:00,0.0,0.0,0
2021-08-11 11:00:00,0.0,0.0,0
2021-08-11 12:00:00,0.0,0.0,0
2021-08-11 13:00:00,0.0,0.0,0
2021-08-11 14:00:00,0.0,0.0,0
2021-08-11 15:00:00,0.0,0.0,0
2021-08-11 16:00:00,0.0,0.0,0
2021-08-11 17:00:00,0.0,0.0,0
2021-08-11 18:00:00,0.0,0.0,0
2021-08-11 19:00:00,0.0,0.0,0
2021-08-11 20:00:00,0.0,0.0,0
2021-08-11 21:00:00,0.0,0.0,0
2021-08-11 22:00:00,0.0,0.0,0
2021-08-11 23:00:00,0.0,0.0,0
2021-08-12 00:00:00,0.0,0.0,0
2021-08-12 01:00:00,0.0,0.0,0
2021-08-12 02:00:00,0.0,0.0,0
2021-08-12 03:00:00,0.0,0.0,0
2021-08-12 04:00:00,0.0,0.0,0
2021-08-12 05:00:00,0.0,0.0,0
2021-08-12 06:00:00,0.0,0.0,0
2021-08-12 07:00:00,0.0,0.0,0
2021-08-12 08:00:00,0.0,0.0,0
2021-08-12 09:00:00,0.0,0.0,0
2021-08-12 10:00:00,0.0,0.0,0
2021-08-12 11:00:00,0.0,0.0,0
2021-08-12 12:00:00,0.0,0.0,0
2021-08-12 13:00:00,0.0,0.0,0
2021-08-12 14:00:00,0.0,0.0,0
2021-08-12 15:00:00,0.0,0.0,0
2021-08-12 16:00:00,0.0,0.0,0
2021-08-12 17:00:00,0.0,0.0,0
2021-08-12 18:00:00,0.0,0.0,0
2021-08-12 19:00:00,0.0,0.0,0
2021-08-12 20:00:00,0.0,0.0,0
2021-08-12 21:00:00,0.0,0.0,0
2021-08-12 22:00:00,0.0,0.0,0
2021-08-12 23:00:00,0.0,0.0,0
2021-08-13 00:00:00,0.0,0.0,0
2021-08-13 01:00:00,0.0,0.0,0
2021-08-13 02:00:00,0.0,0.0,0
2021-08-13 03:00:00,0.0,0.0,0
2021-08-13 04:00:00,0.0,0.0,0
2021-08-13 05:00:00,0.0,0.0,0
2021-08-13 06:00:00,0.0,0.0,0
2021-08-13 07:00:00,0.0,0.0,0
2021-08-13 08:00:00,0.0,0.0,0
2021-08-13 09:00:00,0.0,0.0,0
2021-08-13 10:00:00,0.0,0.0,0
2021-08-13 11:00:00,0.0,0.0,0
2021-08-13 12:00:00,0.0,0.0,0
2021-08-13 13:00:00,0.0,0.0,0
2021-08-13 14:00:00,0.0,0.0,0
2021-08-13 15:00:00,0.0,0.0,0
2021-08-13 16:00:00,0.0,0.0,0
2021-08-13 17:00:00,0.0,0.0,0
2021-08-13 18:00:00,0.0,0.0,0
2021-08-13 19:00:00,0.0,0.0,0
2021-08-13 20:00:00,0.0,0.0,0
2021-08-13 21:00:00,0.0,0.0,0
2021-08-13 22:00:00,0.0,0.0,0
2021-08-13 23:00:00,0.0,0.0,0
2021-08-14 00:00:00,0.0,0.0,0
2021-08-14 01:00:00,0.0,0.0,0
2021-08-14 02:00:00,0.0,0.0,0
2021-08-14 03:00:00,0.0,0.0,0
2021-08-14 04:00:00,0.0,0.0,0
2021-08-14 05:00:00,0.0,0.0,0
2021-08-14 06:00:00,0.0,0.0,0
2021-08-14 07:00:00,0.0,0.0,0
2021-08-14 08:00:00,0.0,0.0,0
2021-08-14 09:00:00,0.0,0.0,0
2021-08-14 10:00:00,0.0,0.0,0
2021-08-14 11:00:00,0.0,0.0,0
2021-08-14 12:00:00,0.3617680555555556,0.22685185185185186,216
2021-08-14 13:00:00,0.3293720664589823,0.2398753894080997,963
2021-08-14 14:00:00,0.25516842723004696,0.09389671361502347,852
2021-08-14 15:00:00,0.2144926183844011,0.07381615598885793,718
2021-08-14 16:00:00,0.16983833049403746,-0.020442930153321975,587
2021-08-14 17:00:00,0.19616810344827587,-0.006896551724137931,580
2021-08-14 18:00:00,0.26038841567291315,0.049403747870528106,587
2021-08-14 19:00:00,0.2529995356037152,0.04179566563467492,646
2021-08-14 20:00:00,0.1380884892086331,-0.1093525179856115,695
2021-08-14 21:00:00,0.1532350152905199,-0.07186544342507645,654
2021-08-14 22:00:00,0.18150523076923078,-0.012307692307692308,650
2021-08-14 23:00:00,0.19216909722222222,-0.03125,576
2021-08-15 00:00:00,0.19546490250696377,-0.04596100278551532,718
2021-08-15 01:00:00,0.10122531876138433,-0.10200364298724955,549
2021-08-15 02:00:00,0.15234404973357016,-0.05150976909413854,563
2021-08-15 03:00:00,0.2180875,0.001953125,512
2021-08-15 04:00:00,0.16644297872340424,0.0,470
2021-08-15 05:00:00,0.15455349716446123,-0.003780718336483932,529
2021-08-15 06:00:00,0.19573005893909626,0.043222003929273084,509
2021-08-15 07:00:00,0.16099595808383232,-0.029940119760479042,668
2021-08-15 08:00:00,0.1831261904761905,0.00980392156862745,714
2021-08-15 09:00:00,0.1923731448763251,0.0,566
2021-08-15 10:00:00,0.20142426850258177,0.0068846815834767644,581
2021-08-15 11:00:00,0.22072404692082112,0.02346041055718475,682
2021-08-15 12:00:00,0.19299959893048127,0.00267379679144385,748
2021-08-15 13:00:00,0.16198133333333334,-0.017777777777777778,900
2021-08-15 14:00:00,0.15719533622559653,-0.05422993492407809,922
2021-08-15 15:00:00,0.17747044444444443,-0.05444444444444444,900
2021-08-15 16:00:00,0.19992990654205609,-0.04361370716510903,963
2021-08-15 17:00:00,0.1603946996466431,-0.05535924617196702,849
2021-08-15 18:00:00,0.2022289142857143,-0.005714285714285714,875
2021-08-15 19:00:00,0.1828697522816167,-0.04563233376792699,767
2021-08-15 20:00:00,0.1834216748768473,-0.029556650246305417,812
2021-08-15 21:00:00,0.16419812265331665,-0.03879849812265332,799
2021-08-15 22:00:00,0.17008569604086846,-0.04980842911877394,783
2021-08-15 23:00:00,0.20674905956112852,0.05329153605015674,638
2021-08-16 00:00:00,0.24311235294117647,0.10470588235294118,850
2021-08-16 01:00:00,0.20925698051948052,0.017857142857142856,616
2021-08-16 02:00:00,0.17446246376811594,-0.005797101449275362,690
2021-08-16 03:00:00,0.20223311688311688,0.00974025974025974,616
2021-08-16 04:00:00,0.174558407079646,0.0,565
2021-08-16 05:00:00,0.23251424,0.0528,625
2021-08-16 06:00:00,0.18768554913294797,0.031791907514450865,692
2021-08-16 07:00:00,0.23358391167192427,0.04416403785488959,634
2021-08-16 08:00:00,0.23135817655571636,0.011577424023154847,691
2021-08-16 09:00:00,0.20904818897637795,0.009448818897637795,635
2021-08-16 10:00:00,0.2069667157584683,0.010309278350515464,679
2021-08-16 11:00:00,0.2107965,-0.0125,800
2021-08-16 12:00:00,0.20526101895734597,0.0,844
2021-08-16 13:00:00,0.219431334622824,0.05125725338491296,1034
2021-08-16 14:00:00,0.20124936708860758,-0.044790652385589096,1027
2021-08-16 15:00:00,0.24242621167161224,0.01483679525222552,1011
2021-08-16 16:00:00,0.21068552253116013,0.04122722914669223,1043
2021-08-16 17:00:00,0.18705421545667447,-0.03981264637002342,854
2021-08-16 18:00:00,0.22579546925566343,-0.017259978425026967,927
2021-08-16 19:00:00,0.20057268292682928,-0.042682926829268296,820
2021-08-16 20:00:00,0.1764137149028078,-0.0550755939524838,926
2021-08-16 21:00:00,0.1830356756756757,-0.04594594594594595,740
2021-08-16 22:00:00,0.16852819074333802,-0.021037868162692847,713
2021-08-16 23:00:00,0.1794888178913738,-0.027156549520766772,626
2021-08-17 00:00:00,0.1836142068965517,-0.008275862068965517,725
2021-08-17 01:00:00,0.15827571644042232,-0.012066365007541479,663
2021-08-17 02:00:00,0.12146463195691203,-0.05565529622980251,557
2021-08-17 03:00:00,0.18677669724770643,-0.047706422018348627,545
2021-08-17 04:00:00,0.17580991596638654,0.01680672268907563,595
2021-08-17 05:00:00,0.20520369718309858,0.03873239436619718,568
2021-08-17 06:00:00,0.18166346153846155,-0.022727272727272728,572
2021-08-17 07:00:00,0.16299984939759035,-0.009036144578313253,664
2021-08-17 08:00:00,0.19805495495495493,-0.036036036036036036,666
2021-08-17 09:00:00,0.18642970027247957,-0.025885558583106268,734
2021-08-17 10:00:00,0.2072600278551532,0.004178272980501393,718
2021-08-17 11:00:00,0.19882790404040404,-0.02904040404040404,792
2021-08-17 12:00:00,0.17386883720930232,-0.046511627906976744,860
2021-08-17 13:00:00,0.19688191616766468,-0.022754491017964073,835
2021-08-17 14:00:00,0.17987039548022601,-0.04293785310734463,885
2021-08-17 15:00:00,0.18682799575821846,-0.031813361611876985,943
2021-08-17 16:00:00,0.19684765306122448,-0.013265306122448979,980
2021-08-17 17:00:00,0.24368737270875762,0.006109979633401222,982
2021-08-17 18:00:00,0.25883427017225746,0.11786038077969176,1103
2021-08-17 19:00:00,0.22032961574507967,0.0,1067
2021-08-17 20:00:00,0.15578844856661045,-0.02866779089376054,1186
2021-08-17 21:00:00,0.20905759416767922,0.0036452004860267314,823
2021-08-17 22:00:00,0.16283341288782816,-0.05369928400954654,838
2021-08-17 23:00:00,0.1957853693181818,-0.011363636363636364,704
2021-08-18 00:00:00,0.17822367021276597,0.0425531914893617,752
2021-08-18 01:00:00,0.21614116094986807,-0.017150395778364115,758
2021-08-18 02:00:00,0.26522461322081575,0.05485232067510549,711
2021-08-18 03:00:00,0.23004568690095847,0.07348242811501597,626
2021-08-18 04:00:00,0.18642493638676844,0.08142493638676845,786
2021-08-18 05:00:00,0.1863225680933852,0.0324254215304799,771
2021-08-18 06:00:00,0.1734856259659969,0.0030911901081916537,647
2021-08-18 07:00:00,0.1843072864321608,0.007537688442211055,796
2021-08-18 08:00:00,0.15562746386333773,-0.010512483574244415,761
2021-08-18 09:00:00,0.17008605577689245,0.005312084993359893,753
2021-08-18 10:00:00,0.19310155844155844,0.024675324675324677,770
2021-08-18 11:00:00,0.16253640718562876,-0.026347305389221556,835
2021-08-18 12:00:00,0.15552344444444446,-0.028888888888888888,900
2021-08-18 13:00:00,0.1902728981206726,0.012858555885262116,1011
2021-08-18 14:00:00,0.2225262636273538,0.04558969276511397,1009
2021-08-18 15:00:00,0.18768516377649327,-0.015414258188824663,1038
2021-08-18 16:00:00,0.18011913133402274,0.02481902792140641,967
2021-08-18 17:00:00,0.24389867799811144,0.061378659112370164,1059
2021-08-18 18:00:00,0.24785975261655568,0.12940057088487156,1051
2021-08-18 19:00:00,0.16930723404255318,-0.03829787234042553,940
2021-08-18 20:00:00,0.14604197802197802,-0.04395604395604396,910
2021-08-18 21:00:00,0.21409331742243437,-0.046539379474940336,838
2021-08-18 22:00:00,0.18014194444444445,-0.034722222222222224,720
2021-08-18 23:00:00,0.21997641357027464,0.029079159935379646,619
2021-08-19 00:00:00,0.205367008797654,0.010263929618768328,682
2021-08-19 01:00:00,0.19393281972265022,0.03852080123266564,649
2021-08-19 02:00:00,0.16065858407079645,-0.06902654867256637,565
2021-08-19 03:00:00,0.16815336617405582,0.013136288998357963,609
2021-08-19 04:00:00,0.13599889064976228,-0.03328050713153724,631
2021-08-19 05:00:00,0.1895156690140845,0.017605633802816902,568
2021-08-19 06:00:00,0.16116335504885995,-0.004885993485342019,614
2021-08-19 07:00:00,0.16530176991150444,-0.03982300884955752,678
2021-08-19 08:00:00,0.16052262773722628,-0.020437956204379562,685
2021-08-19 09:00:00,0.24840790190735695,0.12397820163487738,734
2021-08-19 10:00:00,0.21592954545454546,0.0106951871657754,748
2021-08-19 11:00:00,0.21709625137816976,0.019845644983461964,907
2021-08-19 12:00:00,0.21116584582441114,0.022483940042826552,934
2021-08-19 13:00:00,0.18520867293625914,-0.03239289446185998,957
2021-08-19 14:00:00,0.23702528940338377,0.004452359750667854,1123
2021-08-19 15:00:00,0.19174864176570458,0.008488964346349746,1178
2021-08-19 16:00:00,0.19745840197693576,0.030477759472817133,1214
2021-08-19 17:00:00,0.1942323030907278,-0.013958125623130608,1003
2021-08-19 18:00:00,0.2146811638591118,0.02909647779479326,1306
2021-08-19 19:00:00,0.21287203098106713,0.04044750430292599,1162
2021-08-19 20:00:00,0.20385340909090907,0.008264462809917356,968
2021-08-19 21:00:00,0.23538163507109006,0.0035545023696682463,844
2021-08-19 22:00:00,0.18419978070175438,-0.06030701754385965,912
2021-08-19 23:00:00,0.19206841505131128,0.037628278221208664,877
2021-08-20 00:00:00,0.19575632780082988,0.001037344398340249,964
2021-08-20 01:00:00,0.21173129675810476,0.032418952618453865,802
2021-08-20 02:00:00,0.22383328748280604,0.05639614855570839,727
2021-08-20 03:00:00,0.23828809891808347,0.03863987635239567,647
2021-08-20 04:00:00,0.23934976377952755,0.07086614173228346,635
2021-08-20 05:00:00,0.26444194977843427,0.08124076809453472,677
2021-08-20 06:00:00,0.2838855757575758,0.17696969696969697,825
2021-08-20 07:00:00,0.26962690476190476,0.0761904761904762,840
2021-08-20 08:00:00,0.2203578313253012,0.0428380187416332,747
2021-08-20 09:00:00,0.2608260204081633,0.1096938775510204,784
2021-08-20 10:00:00,0.1979792654028436,0.027251184834123223,844
2021-08-20 11:00:00,0.2223818082788671,0.008714596949891068,918
2021-08-20 12:00:00,0.20566020304568527,0.029441624365482234,985
2021-08-20 13:00:00,0.1779432480141218,0.01059135039717564,1133
2021-08-20 14:00:00,0.19095244988864143,0.05456570155902005,1796
2021-08-20 15:00:00,0.21539369491525423,0.09898305084745762,1475
2021-08-20 16:00:00,0.2251554259043174,0.09159859976662778,1714
2021-08-20 17:00:00,0.23926236243580337,0.11005135730007337,1363
2021-08-20 18:00:00,0.17404004934210526,0.004934210526315789,1216
2021-08-20 19:00:00,0.21026035283194058,0.04549675023212628,1077
2021-08-20 20:00:00,0.23113429137760158,0.02081268582755203,1009
2021-08-20 21:00:00,0.1796309523809524,0.036231884057971016,966
2021-08-20 22:00:00,0.19565915004336512,0.04336513443191674,1153
2021-08-20 23:00:00,0.18741541176470589,0.027058823529411764,850
2021-08-21 00:00:00,0.18973907284768213,0.006622516556291391,604
2021-08-21 01:00:00,0.1514731557377049,-0.00819672131147541,488
2021-08-21 02:00:00,0.13681064814814814,-0.034722222222222224,432
2021-08-21 03:00:00,0.2581860557768924,0.10159362549800798,502
2021-08-21 04:00:00,0.22680385542168674,0.07710843373493977,415
2021-08-21 05:00:00,0.181817191283293,0.07263922518159806,413
2021-08-21 06:00:00,0.1656004987531172,0.057356608478802994,401
2021-08-21 07:00:00,0.17530395480225988,-0.015065913370998116,531
2021-08-21 08:00:00,0.21027783687943263,0.06914893617021277,564
2021-08-21 09:00:00,0.238044921875,0.0703125,512
2021-08-21 10:00:00,0.18630548523206752,0.03164556962025317,474
2021-08-21 11:00:00,0.13987271293375395,-0.03943217665615142,634
2021-08-21 12:00:00,0.16095649241146712,-0.00505902192242833,593
2021-08-21 13:00:00,0.0,0.0,0
2021-08-21 14:00:00,0.0,0.0,0
2021-08-21 15:00:00,0.0,0.0,0
2021-08-21 16:00:00,0.0,0.0,0
2021-08-21 17:00:00,0.0,0.0,0
2021-08-21 18:00:00,0.0,0.0,0
2021-08-21 19:00:00,0.0,0.0,0
2021-08-21 20:00:00,0.0,0.0,0
2021-08-21 21:00:00,0.0,0.0,0
2021-08-21 22:00:00,0.0,0.0,0
2021-08-21 23:00:00,0.0,0.0,0
2021-08-22 00:00:00,0.0,0.0,0
2021-08-22 01:00:00,0.0,0.0,0
2021-08-22 02:00:00,0.0,0.0,0
2021-08-22 03:00:00,0.0,0.0,0
2021-08-22 04:00:00,0.0,0.0,0
2021-08-22 05:00:00,0.0,0.0,0
2021-08-22 06:00:00,0.0,0.0,0
2021-08-22 07:00:00,0.0,0.0,0
2021-08-22 08:00:00,0.0,0.0,0
2021-08-22 09:00:00,0.0,0.0,0
2021-08-22 10:00:00,0.0,0.0,0
2021-08-22 11:00:00,0.0,0.0,0
2021-08-22 12:00:00,0.0,0.0,0
2021-08-22 13:00:00,0.0,0.0,0
2021-08-22 14:00:00,0.0,0.0,0
2021-08-22 15:00:00,0.0,0.0,0
2021-08-22 16:00:00,0.0,0.0,0
2021-08-22 17:00:00,0.0,0.0,0
2021-08-22 18:00:00,0.0,0.0,0
2021-08-22 19:00:00,0.0,0.0,0
2021-08-22 20:00:00,0.0,0.0,0
2021-08-22 21:00:00,0.0,0.0,0
2021-08-22 22:00:00,0.0,0.0,0
2021-08-22 23:00:00,0.0,0.0,0
2021-08-23 00:00:00,0.0,0.0,0
2021-08-23 01:00:00,0.0,0.0,0
2021-08-23 02:00:00,0.0,0.0,0
2021-08-23 03:00:00,0.0,0.0,0
2021-08-23 04:00:00,0.0,0.0,0
2021-08-23 05:00:00,0.0,0.0,0
2021-08-23 06:00:00,0.0,0.0,0
2021-08-23 07:00:00,0.0,0.0,0
2021-08-23 08:00:00,0.0,0.0,0
2021-08-23 09:00:00,0.0,0.0,0
2021-08-23 10:00:00,0.0,0.0,0
2021-08-23 11:00:00,0.0,0.0,0
2021-08-23 12:00:00,0.0,0.0,0
2021-08-23 13:00:00,0.0,0.0,0
2021-08-23 14:00:00,0.0,0.0,0
2021-08-23 15:00:00,0.16327342281879195,0.03758389261744966,745
2021-08-23 16:00:00,0.1686524070021882,0.014223194748358862,914
2021-08-23 17:00:00,0.1704955497382199,-0.002617801047120419,764
2021-08-23 18:00:00,0.14855586734693876,-0.030612244897959183,784
2021-08-23 19:00:00,0.13790373961218838,-0.024930747922437674,722
2021-08-23 20:00:00,0.14589809384164223,-0.07624633431085044,682
2021-08-23 21:00:00,0.1939210134128167,0.020864381520119227,671
2021-08-23 22:00:00,0.17797535545023696,0.0,633
2021-08-23 23:00:00,0.18488923679060665,-0.029354207436399216,511
2021-08-24 00:00:00,0.2119875438596491,0.02631578947368421,570
2021-08-24 01:00:00,0.14582615062761506,-0.014644351464435146,478
2021-08-24 02:00:00,0.16440654396728016,0.06339468302658487,489
2021-08-24 03:00:00,0.15866136865342162,0.03532008830022075,453
2021-08-24 04:00:00,0.1993700460829493,-0.029953917050691243,434
2021-08-24 05:00:00,0.15228245243128966,-0.012684989429175475,473
2021-08-24 06:00:00,0.14861858974358974,0.01282051282051282,468
2021-08-24 07:00:00,0.18164290843806105,-0.003590664272890485,557
2021-08-24 08:00:00,0.2525154237288135,-0.010169491525423728,590
2021-08-24 09:00:00,0.1818619621342513,-0.03442340791738382,581
2021-08-24 10:00:00,0.15010446570972885,-0.01594896331738437,627
2021-08-24 11:00:00,0.16559931034482758,-0.04310344827586207,580
2021-08-24 12:00:00,0.1579325870646766,0.0024875621890547263,804
2021-08-24 13:00:00,0.18797784256559769,0.056365403304178816,1029
2021-08-24 14:00:00,0.18228231046931406,0.010830324909747292,831
2021-08-24 15:00:00,0.1582909307875895,-0.013126491646778043,838
2021-08-24 16:00:00,0.18629077353215284,0.0065237651444548,1073
2021-08-24 17:00:00,0.16708030842230132,-0.00830367734282325,843
2021-08-24 18:00:00,0.1730919216646267,-0.014687882496940025,817
2021-08-24 19:00:00,0.14536719367588932,-0.05665349143610013,759
2021-08-24 20:00:00,0.1858255574614065,0.010291595197255575,583
2021-08-24 21:00:00,0.19334367816091955,-0.021711366538952746,783
2021-08-24 22:00:00,0.21209466248037676,-0.0141287284144427,637
2021-08-24 23:00:00,0.1951296762589928,0.019784172661870502,556
2021-08-25 00:00:00,0.21061726844583986,0.07535321821036106,637
2021-08-25 01:00:00,0.1397825159914712,0.021321961620469083,469
2021-08-25 02:00:00,0.21177127845884414,0.07355516637478109,571
2021-08-25 03:00:00,0.20329700499168052,0.03826955074875208,601
2021-08-25 04:00:00,0.20982291666666666,0.015625,576
2021-08-25 05:00:00,0.20903911564625852,0.07653061224489796,588
2021-08-25 06:00:00,0.21387066052227344,0.08602150537634409,651
2021-08-25 07:00:00,0.1754520345252774,0.018495684340320593,811
2021-08-25 08:00:00,0.20540982905982905,0.021367521367521368,936
2021-08-25 09:00:00,0.4356258810572688,-0.0016519823788546256,1816
2021-08-25 10:00:00,0.49661699669967,-0.0022002200220022,1818
2021-08-25 11:00:00,0.4629498796630566,0.0018050541516245488,1662
2021-08-25 12:00:00,0.3785062962962963,0.040740740740740744,1620
2021-08-25 13:00:00,0.3190988764044944,0.0299625468164794,1602
2021-08-25 14:00:00,0.3518517601760176,0.13476347634763478,1818
2021-08-25 15:00:00,0.47811348528015196,0.3262108262108262,2106
2021-08-25 16:00:00,0.38066043835616437,0.1747945205479452,1825
2021-08-25 17:00:00,0.3340457123098202,0.07468879668049792,1446
2021-08-25 18:00:00,0.30642273838630807,0.04156479217603912,1227
2021-08-25 19:00:00,0.2426287464655985,0.000942507068803016,1061
2021-08-25 20:00:00,0.2689334879406308,0.026901669758812616,1078
2021-08-25 21:00:00,0.2719439497716895,0.033105022831050226,876
2021-08-25 22:00:00,0.24481027027027027,0.031081081081081083,740
2021-08-25 23:00:00,0.27514657039711193,0.049338146811071,831
2021-08-26 00:00:00,0.22936760204081633,0.003826530612244898,784
2021-08-26 01:00:00,0.23166852122986822,0.017569546120058566,683
2021-08-26 02:00:00,0.2692729198184569,0.0045385779122541605,661
2021-08-26 03:00:00,0.21757159841479526,0.011889035667107,757
2021-08-26 04:00:00,0.24115068493150685,0.0334855403348554,657
2021-08-26 05:00:00,0.2121339598997494,0.007518796992481203,798
2021-08-26 06:00:00,0.21131343115124154,0.011286681715575621,886
2021-08-26 07:00:00,0.2060025,-0.047,1000
2021-08-26 08:00:00,0.24067730337078652,-0.03258426966292135,890
2021-08-26 09:00:00,0.24196603325415678,0.05938242280285035,842
2021-08-26 10:00:00,0.19996557377049182,-0.036065573770491806,915
2021-08-26 11:00:00,0.24035102040816328,0.04183673469387755,980
2021-08-26 12:00:00,0.21769754385964912,0.02456140350877193,1140
2021-08-26 13:00:00,0.20946209829867676,0.04725897920604915,1058
2021-08-26 14:00:00,0.2129858606557377,0.012295081967213115,976
2021-08-26 15:00:00,0.20517456230690012,-0.005149330587023687,971
2021-08-26 16:00:00,0.18837407087294727,-0.01728608470181504,1157
2021-08-26 17:00:00,0.31889148936170214,0.1783960720130933,1222
2021-08-26 18:00:00,0.3436311588641596,0.22870299309286263,1303
2021-08-26 19:00:00,0.2702843632958802,0.006554307116104869,1068
2021-08-26 20:00:00,0.23205082742316785,0.0035460992907801418,846
2021-08-26 21:00:00,0.2426703180212014,0.06007067137809187,849
2021-08-26 22:00:00,0.18704649350649352,-0.016883116883116882,770
2021-08-26 23:00:00,0.25830474254742547,0.06097560975609756,738
2021-08-27 00:00:00,0.0,0.0,0
2021-08-27 01:00:00,0.0,0.0,0
2021-08-27 02:00:00,0.0,0.0,0
2021-08-27 03:00:00,0.0,0.0,0
2021-08-27 04:00:00,0.0,0.0,0
2021-08-27 05:00:00,0.0,0.0,0
2021-08-27 06:00:00,0.0,0.0,0
2021-08-27 07:00:00,0.0,0.0,0
2021-08-27 08:00:00,0.0,0.0,0
2021-08-27 09:00:00,0.0,0.0,0
2021-08-27 10:00:00,0.0,0.0,0
2021-08-27 11:00:00,0.0,0.0,0
2021-08-27 12:00:00,0.0,0.0,0
2021-08-27 13:00:00,0.0,0.0,0
2021-08-27 14:00:00,0.0,0.0,0
2021-08-27 15:00:00,0.0,0.0,0
2021-08-27 16:00:00,0.0,0.0,0
2021-08-27 17:00:00,0.0,0.0,0
2021-08-27 18:00:00,0.0,0.0,0
2021-08-27 19:00:00,0.0,0.0,0
2021-08-27 20:00:00,0.0,0.0,0
2021-08-27 21:00:00,0.0,0.0,0
2021-08-27 22:00:00,0.0,0.0,0
2021-08-27 23:00:00,0.0,0.0,0
2021-08-28 00:00:00,0.0,0.0,0
2021-08-28 01:00:00,0.0,0.0,0
2021-08-28 02:00:00,0.0,0.0,0
2021-08-28 03:00:00,0.0,0.0,0
2021-08-28 04:00:00,0.0,0.0,0
2021-08-28 05:00:00,0.0,0.0,0
2021-08-28 06:00:00,0.0,0.0,0
2021-08-28 07:00:00,0.0,0.0,0
2021-08-28 08:00:00,0.0,0.0,0
2021-08-28 09:00:00,0.0,0.0,0
2021-08-28 10:00:00,0.0,0.0,0
2021-08-28 11:00:00,0.0,0.0,0
2021-08-28 12:00:00,0.0,0.0,0
2021-08-28 13:00:00,0.0,0.0,0
2021-08-28 14:00:00,0.0,0.0,0
2021-08-28 15:00:00,0.0,0.0,0
2021-08-28 16:00:00,0.0,0.0,0
2021-08-28 17:00:00,0.0,0.0,0
2021-08-28 18:00:00,0.0,0.0,0
2021-08-28 19:00:00,0.0,0.0,0
2021-08-28 20:00:00,0.0,0.0,0
2021-08-28 21:00:00,0.0,0.0,0
2021-08-28 22:00:00,0.0,0.0,0
2021-08-28 23:00:00,0.0,0.0,0
2021-08-29 00:00:00,0.0,0.0,0
2021-08-29 01:00:00,0.0,0.0,0
2021-08-29 02:00:00,0.0,0.0,0
2021-08-29 03:00:00,0.0,0.0,0
2021-08-29 04:00:00,0.0,0.0,0
2021-08-29 05:00:00,0.0,0.0,0
2021-08-29 06:00:00,0.0,0.0,0
2021-08-29 07:00:00,0.0,0.0,0
2021-08-29 08:00:00,0.0,0.0,0
2021-08-29 09:00:00,0.0,0.0,0
2021-08-29 10:00:00,0.0,0.0,0
2021-08-29 11:00:00,0.0,0.0,0
2021-08-29 12:00:00,0.0,0.0,0
2021-08-29 13:00:00,0.0,0.0,0
2021-08-29 14:00:00,0.0,0.0,0
2021-08-29 15:00:00,0.0,0.0,0
2021-08-29 16:00:00,0.0,0.0,0
2021-08-29 17:00:00,0.0,0.0,0
2021-08-29 18:00:00,0.0,0.0,0
2021-08-29 19:00:00,0.0,0.0,0
2021-08-29 20:00:00,0.0,0.0,0
2021-08-29 21:00:00,0.0,0.0,0
2021-08-29 22:00:00,0.0,0.0,0
2021-08-29 23:00:00,0.0,0.0,0
2021-08-30 00:00:00,0.0,0.0,0
2021-08-30 01:00:00,0.0,0.0,0
2021-08-30 02:00:00,0.0,0.0,0
2021-08-30 03:00:00,0.0,0.0,0
2021-08-30 04:00:00,0.0,0.0,0
2021-08-30 05:00:00,0.0,0.0,0
2021-08-30 06:00:00,0.0,0.0,0
2021-08-30 07:00:00,0.0,0.0,0
2021-08-30 08:00:00,0.0,0.0,0
2021-08-30 09:00:00,0.0,0.0,0
2021-08-30 10:00:00,0.0,0.0,0
2021-08-30 11:00:00,0.0,0.0,0
2021-08-30 12:00:00,0.0,0.0,0
2021-08-30 13:00:00,0.0,0.0,0
2021-08-30 14:00:00,0.0,0.0,0
2021-08-30 15:00:00,0.0,0.0,0
2021-08-30 16:00:00,0.0,0.0,0
2021-08-30 17:00:00,0.0,0.0,0
2021-08-30 18:00:00,0.0,0.0,0
2021-08-30 19:00:00,0.0,0.0,0
2021-08-30 20:00:00,0.0,0.0,0
2021-08-30 21:00:00,0.0,0.0,0
2021-08-30 22:00:00,0.0,0.0,0
2021-08-30 23:00:00,0.0,0.0,0
2021-08-31 00:00:00,0.0,0.0,0
2021-08-31 01:00:00,0.0,0.0,0
2021-08-31 02:00:00,0.0,0.0,0
2021-08-31 03:00:00,0.0,0.0,0
2021-08-31 04:00:00,0.0,0.0,0
2021-08-31 05:00:00,0.0,0.0,0
2021-08-31 06:00:00,0.0,0.0,0
2021-08-31 07:00:00,0.0,0.0,0
2021-08-31 08:00:00,0.0,0.0,0
2021-08-31 09:00:00,0.0,0.0,0
2021-08-31 10:00:00,0.0,0.0,0
2021-08-31 11:00:00,0.0,0.0,0
2021-08-31 12:00:00,0.0,0.0,0
2021-08-31 13:00:00,0.0,0.0,0
2021-08-31 14:00:00,0.0,0.0,0
2021-08-31 15:00:00,0.0,0.0,0
2021-08-31 16:00:00,0.0,0.0,0
2021-08-31 17:00:00,0.0,0.0,0
2021-08-31 18:00:00,0.0,0.0,0
2021-08-31 19:00:00,0.0,0.0,0
2021-08-31 20:00:00,0.0,0.0,0
2021-08-31 21:00:00,0.0,0.0,0
2021-08-31 22:00:00,0.0,0.0,0
2021-08-31 23:00:00,0.0,0.0,0
2021-09-01 00:00:00,0.0,0.0,0
2021-09-01 01:00:00,0.0,0.0,0
2021-09-01 02:00:00,0.0,0.0,0
2021-09-01 03:00:00,0.0,0.0,0
2021-09-01 04:00:00,0.0,0.0,0
2021-09-01 05:00:00,0.0,0.0,0
2021-09-01 06:00:00,0.0,0.0,0
2021-09-01 07:00:00,0.0,0.0,0
2021-09-01 08:00:00,0.0,0.0,0
2021-09-01 09:00:00,0.0,0.0,0
2021-09-01 10:00:00,0.0,0.0,0
2021-09-01 11:00:00,0.0,0.0,0
2021-09-01 12:00:00,0.0,0.0,0
2021-09-01 13:00:00,0.0,0.0,0
2021-09-01 14:00:00,0.0,0.0,0
2021-09-01 15:00:00,0.0,0.0,0
2021-09-01 16:00:00,0.0,0.0,0
2021-09-01 17:00:00,0.0,0.0,0
2021-09-01 18:00:00,0.0,0.0,0
2021-09-01 19:00:00,0.0,0.0,0
2021-09-01 20:00:00,0.0,0.0,0
2021-09-01 21:00:00,0.0,0.0,0
2021-09-01 22:00:00,0.0,0.0,0
2021-09-01 23:00:00,0.0,0.0,0
2021-09-02 00:00:00,0.0,0.0,0
2021-09-02 01:00:00,0.0,0.0,0
2021-09-02 02:00:00,0.0,0.0,0
2021-09-02 03:00:00,0.0,0.0,0
2021-09-02 04:00:00,0.0,0.0,0
2021-09-02 05:00:00,0.0,0.0,0
2021-09-02 06:00:00,0.0,0.0,0
2021-09-02 07:00:00,0.0,0.0,0
2021-09-02 08:00:00,0.0,0.0,0
2021-09-02 09:00:00,0.0,0.0,0
2021-09-02 10:00:00,0.0,0.0,0
2021-09-02 11:00:00,0.0,0.0,0
2021-09-02 12:00:00,0.0,0.0,0
2021-09-02 13:00:00,0.0,0.0,0
2021-09-02 14:00:00,0.0,0.0,0
2021-09-02 15:00:00,0.0,0.0,0
2021-09-02 16:00:00,0.0,0.0,0
2021-09-02 17:00:00,0.0,0.0,0
2021-09-02 18:00:00,0.0,0.0,0
2021-09-02 19:00:00,0.0,0.0,0
2021-09-02 20:00:00,0.0,0.0,0
2021-09-02 21:00:00,0.0,0.0,0
2021-09-02 22:00:00,0.0,0.0,0
2021-09-02 23:00:00,0.0,0.0,0
2021-09-03 00:00:00,0.0,0.0,0
2021-09-03 01:00:00,0.0,0.0,0
2021-09-03 02:00:00,0.0,0.0,0
2021-09-03 03:00:00,0.0,0.0,0
2021-09-03 04:00:00,0.0,0.0,0
2021-09-03 05:00:00,0.0,0.0,0
2021-09-03 06:00:00,0.0,0.0,0
2021-09-03 07:00:00,0.0,0.0,0
2021-09-03 08:00:00,0.0,0.0,0
2021-09-03 09:00:00,0.0,0.0,0
2021-09-03 10:00:00,0.0,0.0,0
2021-09-03 11:00:00,0.0,0.0,0
2021-09-03 12:00:00,0.0,0.0,0
2021-09-03 13:00:00,0.0,0.0,0
2021-09-03 14:00:00,0.0,0.0,0
2021-09-03 15:00:00,0.0,0.0,0
2021-09-03 16:00:00,0.0,0.0,0
2021-09-03 17:00:00,0.0,0.0,0
2021-09-03 18:00:00,0.0,0.0,0
2021-09-03 19:00:00,0.0,0.0,0
2021-09-03 20:00:00,0.0,0.0,0
2021-09-03 21:00:00,0.0,0.0,0
2021-09-03 22:00:00,0.0,0.0,0
2021-09-03 23:00:00,0.0,0.0,0
2021-09-04 00:00:00,0.0,0.0,0
2021-09-04 01:00:00,0.0,0.0,0
2021-09-04 02:00:00,0.0,0.0,0
2021-09-04 03:00:00,0.0,0.0,0
2021-09-04 04:00:00,0.0,0.0,0
2021-09-04 05:00:00,0.0,0.0,0
2021-09-04 06:00:00,0.0,0.0,0
2021-09-04 07:00:00,0.0,0.0,0
2021-09-04 08:00:00,0.0,0.0,0
2021-09-04 09:00:00,0.0,0.0,0
2021-09-04 10:00:00,0.0,0.0,0
2021-09-04 11:00:00,0.0,0.0,0
2021-09-04 12:00:00,0.0,0.0,0
2021-09-04 13:00:00,0.0,0.0,0
2021-09-04 14:00:00,0.0,0.0,0
2021-09-04 15:00:00,0.0,0.0,0
2021-09-04 16:00:00,0.0,0.0,0
2021-09-04 17:00:00,0.0,0.0,0
2021-09-04 18:00:00,0.0,0.0,0
2021-09-04 19:00:00,0.0,0.0,0
2021-09-04 20:00:00,0.0,0.0,0
2021-09-04 21:00:00,0.0,0.0,0
2021-09-04 22:00:00,0.0,0.0,0
2021-09-04 23:00:00,0.0,0.0,0
2021-09-05 00:00:00,0.0,0.0,0
2021-09-05 01:00:00,0.0,0.0,0
2021-09-05 02:00:00,0.0,0.0,0
2021-09-05 03:00:00,0.0,0.0,0
2021-09-05 04:00:00,0.0,0.0,0
2021-09-05 05:00:00,0.0,0.0,0
2021-09-05 06:00:00,0.0,0.0,0
2021-09-05 07:00:00,0.0,0.0,0
2021-09-05 08:00:00,0.0,0.0,0
2021-09-05 09:00:00,0.0,0.0,0
2021-09-05 10:00:00,0.0,0.0,0
2021-09-05 11:00:00,0.0,0.0,0
2021-09-05 12:00:00,0.0,0.0,0
2021-09-05 13:00:00,0.0,0.0,0
2021-09-05 14:00:00,0.0,0.0,0
2021-09-05 15:00:00,0.0,0.0,0
2021-09-05 16:00:00,0.0,0.0,0
2021-09-05 17:00:00,0.0,0.0,0
2021-09-05 18:00:00,0.0,0.0,0
2021-09-05 19:00:00,0.0,0.0,0
2021-09-05 20:00:00,0.0,0.0,0
2021-09-05 21:00:00,0.0,0.0,0
2021-09-05 22:00:00,0.0,0.0,0
2021-09-05 23:00:00,0.0,0.0,0
2021-09-06 00:00:00,0.0,0.0,0
2021-09-06 01:00:00,0.0,0.0,0
2021-09-06 02:00:00,0.0,0.0,0
2021-09-06 03:00:00,0.0,0.0,0
2021-09-06 04:00:00,0.0,0.0,0
2021-09-06 05:00:00,0.0,0.0,0
2021-09-06 06:00:00,0.0,0.0,0
2021-09-06 07:00:00,0.0,0.0,0
2021-09-06 08:00:00,0.0,0.0,0
2021-09-06 09:00:00,0.0,0.0,0
2021-09-06 10:00:00,0.0,0.0,0
2021-09-06 11:00:00,0.0,0.0,0
2021-09-06 12:00:00,0.0,0.0,0
2021-09-06 13:00:00,0.0,0.0,0
2021-09-06 14:00:00,0.0,0.0,0
2021-09-06 15:00:00,0.0,0.0,0
2021-09-06 16:00:00,0.0,0.0,0
2021-09-06 17:00:00,0.0,0.0,0
2021-09-06 18:00:00,0.0,0.0,0
2021-09-06 19:00:00,0.0,0.0,0
2021-09-06 20:00:00,0.0,0.0,0
2021-09-06 21:00:00,0.0,0.0,0
2021-09-06 22:00:00,0.0,0.0,0
2021-09-06 23:00:00,0.0,0.0,0
2021-09-07 00:00:00,0.0,0.0,0
2021-09-07 01:00:00,0.0,0.0,0
2021-09-07 02:00:00,0.0,0.0,0
2021-09-07 03:00:00,0.0,0.0,0
2021-09-07 04:00:00,0.0,0.0,0
2021-09-07 05:00:00,0.0,0.0,0
2021-09-07 06:00:00,0.0,0.0,0
2021-09-07 07:00:00,0.0,0.0,0
2021-09-07 08:00:00,0.0,0.0,0
2021-09-07 09:00:00,0.0,0.0,0
2021-09-07 10:00:00,0.0,0.0,0
2021-09-07 11:00:00,0.0,0.0,0
2021-09-07 12:00:00,0.0,0.0,0
2021-09-07 13:00:00,0.0,0.0,0
2021-09-07 14:00:00,0.0,0.0,0
2021-09-07 15:00:00,0.0,0.0,0
2021-09-07 16:00:00,0.0,0.0,0
2021-09-07 17:00:00,0.0,0.0,0
2021-09-07 18:00:00,0.0,0.0,0
2021-09-07 19:00:00,0.0,0.0,0
2021-09-07 20:00:00,0.0,0.0,0
2021-09-07 21:00:00,0.0,0.0,0
2021-09-07 22:00:00,0.0,0.0,0
2021-09-07 23:00:00,0.0,0.0,0
2021-09-08 00:00:00,0.0,0.0,0
2021-09-08 01:00:00,0.0,0.0,0
2021-09-08 02:00:00,0.0,0.0,0
2021-09-08 03:00:00,0.0,0.0,0
2021-09-08 04:00:00,0.0,0.0,0
2021-09-08 05:00:00,0.0,0.0,0
2021-09-08 06:00:00,0.0,0.0,0
2021-09-08 07:00:00,0.0,0.0,0
2021-09-08 08:00:00,0.0,0.0,0
2021-09-08 09:00:00,0.0,0.0,0
2021-09-08 10:00:00,0.0,0.0,0
2021-09-08 11:00:00,0.0,0.0,0
2021-09-08 12:00:00,0.0,0.0,0
2021-09-08 13:00:00,0.0,0.0,0
2021-09-08 14:00:00,0.0,0.0,0
2021-09-08 15:00:00,0.0,0.0,0
2021-09-08 16:00:00,0.0,0.0,0
2021-09-08 17:00:00,0.0,0.0,0
2021-09-08 18:00:00,0.0,0.0,0
2021-09-08 19:00:00,0.0,0.0,0
2021-09-08 20:00:00,0.0,0.0,0
2021-09-08 21:00:00,0.0,0.0,0
2021-09-08 22:00:00,0.0,0.0,0
2021-09-08 23:00:00,0.0,0.0,0
2021-09-09 00:00:00,0.0,0.0,0
2021-09-09 01:00:00,0.0,0.0,0
2021-09-09 02:00:00,0.0,0.0,0
2021-09-09 03:00:00,0.0,0.0,0
2021-09-09 04:00:00,0.0,0.0,0
2021-09-09 05:00:00,0.0,0.0,0
2021-09-09 06:00:00,0.0,0.0,0
2021-09-09 07:00:00,0.0,0.0,0
2021-09-09 08:00:00,0.0,0.0,0
2021-09-09 09:00:00,0.0,0.0,0
2021-09-09 10:00:00,0.0,0.0,0
2021-09-09 11:00:00,0.0,0.0,0
2021-09-09 12:00:00,0.0,0.0,0
2021-09-09 13:00:00,0.0,0.0,0
2021-09-09 14:00:00,0.0,0.0,0
2021-09-09 15:00:00,0.0,0.0,0
2021-09-09 16:00:00,0.0,0.0,0
2021-09-09 17:00:00,0.0,0.0,0
2021-09-09 18:00:00,0.0,0.0,0
2021-09-09 19:00:00,0.0,0.0,0
2021-09-09 20:00:00,0.0,0.0,0
2021-09-09 21:00:00,0.0,0.0,0
2021-09-09 22:00:00,0.0,0.0,0
2021-09-09 23:00:00,0.0,0.0,0
2021-09-10 00:00:00,0.0,0.0,0
2021-09-10 01:00:00,0.0,0.0,0
2021-09-10 02:00:00,0.0,0.0,0
2021-09-10 03:00:00,0.0,0.0,0
2021-09-10 04:00:00,0.0,0.0,0
2021-09-10 05:00:00,0.0,0.0,0
2021-09-10 06:00:00,0.0,0.0,0
2021-09-10 07:00:00,0.1674479201331115,-0.048252911813643926,601
2021-09-10 08:00:00,0.18537166392092258,0.04118616144975288,607
2021-09-10 09:00:00,0.20573424437299037,0.024115755627009645,622
2021-09-10 10:00:00,0.19384042553191488,0.02735562310030395,658
2021-09-10 11:00:00,0.15052460815047022,-0.054858934169279,638
2021-09-10 12:00:00,0.18718261997405966,-0.0012970168612191958,771
2021-09-10 13:00:00,0.19979500978473583,-0.023483365949119372,1022
2021-09-10 14:00:00,0.17563046944198404,-0.04428697962798937,1129
2021-09-10 15:00:00,0.17550033955857383,-0.010186757215619695,1178
2021-09-10 16:00:00,0.20247817836812146,0.09297912713472485,1054
2021-09-10 17:00:00,0.20123686534216337,0.05408388520971302,906
2021-09-10 18:00:00,0.170710593220339,-0.05508474576271186,944
2021-09-10 19:00:00,0.19043141809290953,-0.0024449877750611247,818
2021-09-10 20:00:00,0.17206501901140683,-0.07604562737642585,789
2021-09-10 21:00:00,0.17845058479532164,-0.05165692007797271,1026
2021-09-10 22:00:00,0.14309104143337065,-0.0683090705487122,893
2021-09-10 23:00:00,0.17430052083333333,-0.078125,768
2021-09-11 00:00:00,0.0,0.0,0
2021-09-11 01:00:00,0.0,0.0,0
2021-09-11 02:00:00,0.0,0.0,0
2021-09-11 03:00:00,0.0,0.0,0
2021-09-11 04:00:00,0.0,0.0,0
2021-09-11 05:00:00,0.0,0.0,0
2021-09-11 06:00:00,0.0,0.0,0
2021-09-11 07:00:00,0.0,0.0,0
2021-09-11 08:00:00,0.0,0.0,0
2021-09-11 09:00:00,0.0,0.0,0
2021-09-11 10:00:00,0.0,0.0,0
2021-09-11 11:00:00,0.0,0.0,0
2021-09-11 12:00:00,0.0,0.0,0
2021-09-11 13:00:00,0.0,0.0,0
2021-09-11 14:00:00,0.0,0.0,0
2021-09-11 15:00:00,0.0,0.0,0
2021-09-11 16:00:00,0.0,0.0,0
2021-09-11 17:00:00,0.0,0.0,0
2021-09-11 18:00:00,0.0,0.0,0
2021-09-11 19:00:00,0.0,0.0,0
2021-09-11 20:00:00,0.0,0.0,0
2021-09-11 21:00:00,0.0,0.0,0
2021-09-11 22:00:00,0.0,0.0,0
2021-09-11 23:00:00,0.0,0.0,0
2021-09-12 00:00:00,0.0,0.0,0
2021-09-12 01:00:00,0.0,0.0,0
2021-09-12 02:00:00,0.0,0.0,0
2021-09-12 03:00:00,0.0,0.0,0
2021-09-12 04:00:00,0.0,0.0,0
2021-09-12 05:00:00,0.0,0.0,0
2021-09-12 06:00:00,0.0,0.0,0
2021-09-12 07:00:00,0.0,0.0,0
2021-09-12 08:00:00,0.0,0.0,0
2021-09-12 09:00:00,0.0,0.0,0
2021-09-12 10:00:00,0.0,0.0,0
2021-09-12 11:00:00,0.0,0.0,0
2021-09-12 12:00:00,0.0,0.0,0
2021-09-12 13:00:00,0.0,0.0,0
2021-09-12 14:00:00,0.0,0.0,0
2021-09-12 15:00:00,0.0,0.0,0
2021-09-12 16:00:00,0.0,0.0,0
2021-09-12 17:00:00,0.0,0.0,0
2021-09-12 18:00:00,0.0,0.0,0
2021-09-12 19:00:00,0.0,0.0,0
2021-09-12 20:00:00,0.0,0.0,0
2021-09-12 21:00:00,0.0,0.0,0
2021-09-12 22:00:00,0.0,0.0,0
2021-09-12 23:00:00,0.0,0.0,0
2021-09-13 00:00:00,0.0,0.0,0
2021-09-13 01:00:00,0.0,0.0,0
2021-09-13 02:00:00,0.0,0.0,0
2021-09-13 03:00:00,0.0,0.0,0
2021-09-13 04:00:00,0.0,0.0,0
2021-09-13 05:00:00,0.0,0.0,0
2021-09-13 06:00:00,0.0,0.0,0
2021-09-13 07:00:00,0.0,0.0,0
2021-09-13 08:00:00,0.0,0.0,0
2021-09-13 09:00:00,0.0,0.0,0
2021-09-13 10:00:00,0.0,0.0,0
2021-09-13 11:00:00,0.0,0.0,0
2021-09-13 12:00:00,0.0,0.0,0
2021-09-13 13:00:00,0.0,0.0,0
2021-09-13 14:00:00,0.0,0.0,0
2021-09-13 15:00:00,0.0,0.0,0
2021-09-13 16:00:00,0.0,0.0,0
2021-09-13 17:00:00,0.0,0.0,0
2021-09-13 18:00:00,0.0,0.0,0
2021-09-13 19:00:00,0.0,0.0,0
2021-09-13 20:00:00,0.0,0.0,0
2021-09-13 21:00:00,0.0,0.0,0
2021-09-13 22:00:00,0.0,0.0,0
2021-09-13 23:00:00,0.0,0.0,0
2021-09-14 00:00:00,0.0,0.0,0
2021-09-14 01:00:00,0.0,0.0,0
2021-09-14 02:00:00,0.0,0.0,0
2021-09-14 03:00:00,0.0,0.0,0
2021-09-14 04:00:00,0.0,0.0,0
2021-09-14 05:00:00,0.0,0.0,0
2021-09-14 06:00:00,0.0,0.0,0
2021-09-14 07:00:00,0.0,0.0,0
2021-09-14 08:00:00,0.0,0.0,0
2021-09-14 09:00:00,0.0,0.0,0
2021-09-14 10:00:00,0.0,0.0,0
2021-09-14 11:00:00,0.0,0.0,0
2021-09-14 12:00:00,0.0,0.0,0
2021-09-14 13:00:00,0.0,0.0,0
2021-09-14 14:00:00,0.0,0.0,0
2021-09-14 15:00:00,0.0,0.0,0
2021-09-14 16:00:00,0.0,0.0,0
2021-09-14 17:00:00,0.0,0.0,0
2021-09-14 18:00:00,0.0,0.0,0
2021-09-14 19:00:00,0.0,0.0,0
2021-09-14 20:00:00,0.0,0.0,0
2021-09-14 21:00:00,0.0,0.0,0
2021-09-14 22:00:00,0.0,0.0,0
2021-09-14 23:00:00,0.0,0.0,0
2021-09-15 00:00:00,0.0,0.0,0
2021-09-15 01:00:00,0.0,0.0,0
2021-09-15 02:00:00,0.0,0.0,0
2021-09-15 03:00:00,0.0,0.0,0
2021-09-15 04:00:00,0.0,0.0,0
2021-09-15 05:00:00,0.0,0.0,0
2021-09-15 06:00:00,0.0,0.0,0
2021-09-15 07:00:00,0.0,0.0,0
2021-09-15 08:00:00,0.0,0.0,0
2021-09-15 09:00:00,0.0,0.0,0
2021-09-15 10:00:00,0.0,0.0,0
2021-09-15 11:00:00,0.0,0.0,0
2021-09-15 12:00:00,0.0,0.0,0
2021-09-15 13:00:00,0.0,0.0,0
2021-09-15 14:00:00,0.0,0.0,0
2021-09-15 15:00:00,0.0,0.0,0
2021-09-15 16:00:00,0.0,0.0,0
2021-09-15 17:00:00,0.0,0.0,0
2021-09-15 18:00:00,0.0,0.0,0
2021-09-15 19:00:00,0.0,0.0,0
2021-09-15 20:00:00,0.0,0.0,0
2021-09-15 21:00:00,0.0,0.0,0
2021-09-15 22:00:00,0.0,0.0,0
2021-09-15 23:00:00,0.0,0.0,0
2021-09-16 00:00:00,0.0,0.0,0
2021-09-16 01:00:00,0.0,0.0,0
2021-09-16 02:00:00,0.0,0.0,0
2021-09-16 03:00:00,0.0,0.0,0
2021-09-16 04:00:00,0.0,0.0,0
2021-09-16 05:00:00,0.0,0.0,0
2021-09-16 06:00:00,0.0,0.0,0
2021-09-16 07:00:00,0.0,0.0,0
2021-09-16 08:00:00,0.0,0.0,0
2021-09-16 09:00:00,0.0,0.0,0
2021-09-16 10:00:00,0.0,0.0,0
2021-09-16 11:00:00,0.0,0.0,0
2021-09-16 12:00:00,0.0,0.0,0
2021-09-16 13:00:00,0.0,0.0,0
2021-09-16 14:00:00,0.0,0.0,0
2021-09-16 15:00:00,0.0,0.0,0
2021-09-16 16:00:00,0.0,0.0,0
2021-09-16 17:00:00,0.0,0.0,0
2021-09-16 18:00:00,0.0,0.0,0
2021-09-16 19:00:00,0.0,0.0,0
2021-09-16 20:00:00,0.0,0.0,0
2021-09-16 21:00:00,0.0,0.0,0
2021-09-16 22:00:00,0.0,0.0,0
2021-09-16 23:00:00,0.0,0.0,0
2021-09-17 00:00:00,0.0,0.0,0
2021-09-17 01:00:00,0.0,0.0,0
2021-09-17 02:00:00,0.0,0.0,0
2021-09-17 03:00:00,0.0,0.0,0
2021-09-17 04:00:00,0.0,0.0,0
2021-09-17 05:00:00,0.0,0.0,0
2021-09-17 06:00:00,0.0,0.0,0
2021-09-17 07:00:00,0.0,0.0,0
2021-09-17 08:00:00,0.0,0.0,0
2021-09-17 09:00:00,0.0,0.0,0
2021-09-17 10:00:00,0.0,0.0,0
2021-09-17 11:00:00,0.0,0.0,0
2021-09-17 12:00:00,0.0,0.0,0
2021-09-17 13:00:00,0.0,0.0,0
2021-09-17 14:00:00,0.0,0.0,0
2021-09-17 15:00:00,0.0,0.0,0
2021-09-17 16:00:00,0.0,0.0,0
2021-09-17 17:00:00,0.0,0.0,0
2021-09-17 18:00:00,0.0,0.0,0
2021-09-17 19:00:00,0.0,0.0,0
2021-09-17 20:00:00,0.0,0.0,0
2021-09-17 21:00:00,0.0,0.0,0
2021-09-17 22:00:00,0.0,0.0,0
2021-09-17 23:00:00,0.0,0.0,0
2021-09-18 00:00:00,0.0,0.0,0
2021-09-18 01:00:00,0.0,0.0,0
2021-09-18 02:00:00,0.0,0.0,0
2021-09-18 03:00:00,0.0,0.0,0
2021-09-18 04:00:00,0.0,0.0,0
2021-09-18 05:00:00,0.0,0.0,0
2021-09-18 06:00:00,0.0,0.0,0
2021-09-18 07:00:00,0.0,0.0,0
2021-09-18 08:00:00,0.0,0.0,0
2021-09-18 09:00:00,0.0,0.0,0
2021-09-18 10:00:00,0.0,0.0,0
2021-09-18 11:00:00,0.0,0.0,0
2021-09-18 12:00:00,0.0,0.0,0
2021-09-18 13:00:00,0.0,0.0,0
2021-09-18 14:00:00,0.0,0.0,0
2021-09-18 15:00:00,0.0,0.0,0
2021-09-18 16:00:00,0.0,0.0,0
2021-09-18 17:00:00,0.0,0.0,0
2021-09-18 18:00:00,0.0,0.0,0
2021-09-18 19:00:00,0.0,0.0,0
2021-09-18 20:00:00,0.0,0.0,0
2021-09-18 21:00:00,0.0,0.0,0
2021-09-18 22:00:00,0.0,0.0,0
2021-09-18 23:00:00,0.0,0.0,0
2021-09-19 00:00:00,0.0,0.0,0
2021-09-19 01:00:00,0.0,0.0,0
2021-09-19 02:00:00,0.0,0.0,0
2021-09-19 03:00:00,0.0,0.0,0
2021-09-19 04:00:00,0.0,0.0,0
2021-09-19 05:00:00,0.0,0.0,0
2021-09-19 06:00:00,0.0,0.0,0
2021-09-19 07:00:00,0.0,0.0,0
2021-09-19 08:00:00,0.0,0.0,0
2021-09-19 09:00:00,0.0,0.0,0
2021-09-19 10:00:00,0.0,0.0,0
2021-09-19 11:00:00,0.0,0.0,0
2021-09-19 12:00:00,0.0,0.0,0
2021-09-19 13:00:00,0.0,0.0,0
2021-09-19 14:00:00,0.0,0.0,0
2021-09-19 15:00:00,0.0,0.0,0
2021-09-19 16:00:00,0.0,0.0,0
2021-09-19 17:00:00,0.0,0.0,0
2021-09-19 18:00:00,0.0,0.0,0
2021-09-19 19:00:00,0.0,0.0,0
2021-09-19 20:00:00,0.0,0.0,0
2021-09-19 21:00:00,0.0,0.0,0
2021-09-19 22:00:00,0.0,0.0,0
2021-09-19 23:00:00,0.0,0.0,0
2021-09-20 00:00:00,0.0,0.0,0
2021-09-20 01:00:00,0.0,0.0,0
2021-09-20 02:00:00,0.0,0.0,0
2021-09-20 03:00:00,0.0,0.0,0
2021-09-20 04:00:00,0.0,0.0,0
2021-09-20 05:00:00,0.0,0.0,0
2021-09-20 06:00:00,0.0,0.0,0
2021-09-20 07:00:00,0.0,0.0,0
2021-09-20 08:00:00,0.0,0.0,0
2021-09-20 09:00:00,0.0,0.0,0
2021-09-20 10:00:00,0.0,0.0,0
2021-09-20 11:00:00,0.0,0.0,0
2021-09-20 12:00:00,0.0,0.0,0
2021-09-20 13:00:00,0.0,0.0,0
2021-09-20 14:00:00,0.0,0.0,0
2021-09-20 15:00:00,0.0,0.0,0
2021-09-20 16:00:00,0.0,0.0,0
2021-09-20 17:00:00,0.0,0.0,0
2021-09-20 18:00:00,0.0,0.0,0
2021-09-20 19:00:00,0.0,0.0,0
2021-09-20 20:00:00,0.0,0.0,0
2021-09-20 21:00:00,0.0,0.0,0
2021-09-20 22:00:00,0.0,0.0,0
2021-09-20 23:00:00,0.0,0.0,0
2021-09-21 00:00:00,0.0,0.0,0
2021-09-21 01:00:00,0.0,0.0,0
2021-09-21 02:00:00,0.0,0.0,0
2021-09-21 03:00:00,0.0,0.0,0
2021-09-21 04:00:00,0.0,0.0,0
2021-09-21 05:00:00,0.0,0.0,0
2021-09-21 06:00:00,0.0,0.0,0
2021-09-21 07:00:00,0.0,0.0,0
2021-09-21 08:00:00,0.0,0.0,0
2021-09-21 09:00:00,0.0,0.0,0
2021-09-21 10:00:00,0.0,0.0,0
2021-09-21 11:00:00,0.0,0.0,0
2021-09-21 12:00:00,0.0,0.0,0
2021-09-21 13:00:00,0.0,0.0,0
2021-09-21 14:00:00,0.0,0.0,0
2021-09-21 15:00:00,0.0,0.0,0
2021-09-21 16:00:00,0.0,0.0,0
2021-09-21 17:00:00,0.0,0.0,0
2021-09-21 18:00:00,0.0,0.0,0
2021-09-21 19:00:00,0.0,0.0,0
2021-09-21 20:00:00,0.0,0.0,0
2021-09-21 21:00:00,0.0,0.0,0
2021-09-21 22:00:00,0.0,0.0,0
2021-09-21 23:00:00,0.0,0.0,0
2021-09-22 00:00:00,0.0,0.0,0
2021-09-22 01:00:00,0.0,0.0,0
2021-09-22 02:00:00,0.0,0.0,0
2021-09-22 03:00:00,0.0,0.0,0
2021-09-22 04:00:00,0.0,0.0,0
2021-09-22 05:00:00,0.0,0.0,0
2021-09-22 06:00:00,0.0,0.0,0
2021-09-22 07:00:00,0.0,0.0,0
2021-09-22 08:00:00,0.0,0.0,0
2021-09-22 09:00:00,0.0,0.0,0
2021-09-22 10:00:00,0.0,0.0,0
2021-09-22 11:00:00,0.0,0.0,0
2021-09-22 12:00:00,0.0,0.0,0
2021-09-22 13:00:00,0.0,0.0,0
2021-09-22 14:00:00,0.0,0.0,0
2021-09-22 15:00:00,0.0,0.0,0
2021-09-22 16:00:00,0.0,0.0,0
2021-09-22 17:00:00,0.0,0.0,0
2021-09-22 18:00:00,0.0,0.0,0
2021-09-22 19:00:00,0.0,0.0,0
2021-09-22 20:00:00,0.0,0.0,0
2021-09-22 21:00:00,0.0,0.0,0
2021-09-22 22:00:00,0.0,0.0,0
2021-09-22 23:00:00,0.0,0.0,0
2021-09-23 00:00:00,0.0,0.0,0
2021-09-23 01:00:00,0.0,0.0,0
2021-09-23 02:00:00,0.0,0.0,0
2021-09-23 03:00:00,0.0,0.0,0
2021-09-23 04:00:00,0.0,0.0,0
2021-09-23 05:00:00,0.0,0.0,0
2021-09-23 06:00:00,0.0,0.0,0
2021-09-23 07:00:00,0.0,0.0,0
2021-09-23 08:00:00,0.0,0.0,0
2021-09-23 09:00:00,0.0,0.0,0
2021-09-23 10:00:00,0.0,0.0,0
2021-09-23 11:00:00,0.0,0.0,0
2021-09-23 12:00:00,0.0,0.0,0
2021-09-23 13:00:00,0.0,0.0,0
2021-09-23 14:00:00,0.0,0.0,0
2021-09-23 15:00:00,0.0,0.0,0
2021-09-23 16:00:00,0.0,0.0,0
2021-09-23 17:00:00,0.0,0.0,0
2021-09-23 18:00:00,0.0,0.0,0
2021-09-23 19:00:00,0.0,0.0,0
2021-09-23 20:00:00,0.0,0.0,0
2021-09-23 21:00:00,0.0,0.0,0
2021-09-23 22:00:00,0.0,0.0,0
2021-09-23 23:00:00,0.0,0.0,0
2021-09-24 00:00:00,0.0,0.0,0
2021-09-24 01:00:00,0.0,0.0,0
2021-09-24 02:00:00,0.0,0.0,0
2021-09-24 03:00:00,0.0,0.0,0
2021-09-24 04:00:00,0.0,0.0,0
2021-09-24 05:00:00,0.0,0.0,0
2021-09-24 06:00:00,0.0,0.0,0
2021-09-24 07:00:00,0.0,0.0,0
2021-09-24 08:00:00,0.0,0.0,0
2021-09-24 09:00:00,0.0,0.0,0
2021-09-24 10:00:00,0.0,0.0,0
2021-09-24 11:00:00,0.0,0.0,0
2021-09-24 12:00:00,0.0,0.0,0
2021-09-24 13:00:00,0.0,0.0,0
2021-09-24 14:00:00,0.0,0.0,0
2021-09-24 15:00:00,0.0,0.0,0
2021-09-24 16:00:00,0.0,0.0,0
2021-09-24 17:00:00,0.0,0.0,0
2021-09-24 18:00:00,0.0,0.0,0
2021-09-24 19:00:00,0.0,0.0,0
2021-09-24 20:00:00,0.0,0.0,0
2021-09-24 21:00:00,0.0,0.0,0
2021-09-24 22:00:00,0.0,0.0,0
2021-09-24 23:00:00,0.0,0.0,0
2021-09-25 00:00:00,0.0,0.0,0
2021-09-25 01:00:00,0.0,0.0,0
2021-09-25 02:00:00,0.0,0.0,0
2021-09-25 03:00:00,0.0,0.0,0
2021-09-25 04:00:00,0.0,0.0,0
2021-09-25 05:00:00,0.0,0.0,0
2021-09-25 06:00:00,0.0,0.0,0
2021-09-25 07:00:00,0.0,0.0,0
2021-09-25 08:00:00,0.0,0.0,0
2021-09-25 09:00:00,0.0,0.0,0
2021-09-25 10:00:00,0.0,0.0,0
2021-09-25 11:00:00,0.0,0.0,0
2021-09-25 12:00:00,0.0,0.0,0
2021-09-25 13:00:00,0.0,0.0,0
2021-09-25 14:00:00,0.0,0.0,0
2021-09-25 15:00:00,0.0,0.0,0
2021-09-25 16:00:00,0.0,0.0,0
2021-09-25 17:00:00,0.0,0.0,0
2021-09-25 18:00:00,0.0,0.0,0
2021-09-25 19:00:00,0.0,0.0,0
2021-09-25 20:00:00,0.0,0.0,0
2021-09-25 21:00:00,0.0,0.0,0
2021-09-25 22:00:00,0.0,0.0,0
2021-09-25 23:00:00,0.0,0.0,0
2021-09-26 00:00:00,0.0,0.0,0
2021-09-26 01:00:00,0.0,0.0,0
2021-09-26 02:00:00,0.0,0.0,0
2021-09-26 03:00:00,0.0,0.0,0
2021-09-26 04:00:00,0.0,0.0,0
2021-09-26 05:00:00,0.0,0.0,0
2021-09-26 06:00:00,0.0,0.0,0
2021-09-26 07:00:00,0.0,0.0,0
2021-09-26 08:00:00,0.0,0.0,0
2021-09-26 09:00:00,0.0,0.0,0
2021-09-26 10:00:00,0.0,0.0,0
2021-09-26 11:00:00,0.0,0.0,0
2021-09-26 12:00:00,0.0,0.0,0
2021-09-26 13:00:00,0.0,0.0,0
2021-09-26 14:00:00,0.0,0.0,0
2021-09-26 15:00:00,0.0,0.0,0
2021-09-26 16:00:00,0.0,0.0,0
2021-09-26 17:00:00,0.0,0.0,0
2021-09-26 18:00:00,0.0,0.0,0
2021-09-26 19:00:00,0.0,0.0,0
2021-09-26 20:00:00,0.0,0.0,0
2021-09-26 21:00:00,0.0,0.0,0
2021-09-26 22:00:00,0.0,0.0,0
2021-09-26 23:00:00,0.0,0.0,0
2021-09-27 00:00:00,0.0,0.0,0
2021-09-27 01:00:00,0.0,0.0,0
2021-09-27 02:00:00,0.0,0.0,0
2021-09-27 03:00:00,0.0,0.0,0
2021-09-27 04:00:00,0.0,0.0,0
2021-09-27 05:00:00,0.0,0.0,0
2021-09-27 06:00:00,0.0,0.0,0
2021-09-27 07:00:00,0.0,0.0,0
2021-09-27 08:00:00,0.0,0.0,0
2021-09-27 09:00:00,0.0,0.0,0
2021-09-27 10:00:00,0.0,0.0,0
2021-09-27 11:00:00,0.0,0.0,0
2021-09-27 12:00:00,0.0,0.0,0
2021-09-27 13:00:00,0.0,0.0,0
2021-09-27 14:00:00,0.0,0.0,0
2021-09-27 15:00:00,0.0,0.0,0
2021-09-27 16:00:00,0.0,0.0,0
2021-09-27 17:00:00,0.0,0.0,0
2021-09-27 18:00:00,0.0,0.0,0
2021-09-27 19:00:00,0.0,0.0,0
2021-09-27 20:00:00,0.0,0.0,0
2021-09-27 21:00:00,0.0,0.0,0
2021-09-27 22:00:00,0.0,0.0,0
2021-09-27 23:00:00,0.0,0.0,0
2021-09-28 00:00:00,0.0,0.0,0
2021-09-28 01:00:00,0.0,0.0,0
2021-09-28 02:00:00,0.0,0.0,0
2021-09-28 03:00:00,0.0,0.0,0
2021-09-28 04:00:00,0.0,0.0,0
2021-09-28 05:00:00,0.0,0.0,0
2021-09-28 06:00:00,0.0,0.0,0
2021-09-28 07:00:00,0.0,0.0,0
2021-09-28 08:00:00,0.0,0.0,0
2021-09-28 09:00:00,0.0,0.0,0
2021-09-28 10:00:00,0.0,0.0,0
2021-09-28 11:00:00,0.0,0.0,0
2021-09-28 12:00:00,0.0,0.0,0
2021-09-28 13:00:00,0.0,0.0,0
2021-09-28 14:00:00,0.0,0.0,0
2021-09-28 15:00:00,0.0,0.0,0
2021-09-28 16:00:00,0.0,0.0,0
2021-09-28 17:00:00,0.0,0.0,0
2021-09-28 18:00:00,0.0,0.0,0
2021-09-28 19:00:00,0.0,0.0,0
2021-09-28 20:00:00,0.0,0.0,0
2021-09-28 21:00:00,0.0,0.0,0
2021-09-28 22:00:00,0.0,0.0,0
2021-09-28 23:00:00,0.0,0.0,0
2021-09-29 00:00:00,0.0,0.0,0
2021-09-29 01:00:00,0.0,0.0,0
2021-09-29 02:00:00,0.0,0.0,0
2021-09-29 03:00:00,0.0,0.0,0
2021-09-29 04:00:00,0.0,0.0,0
2021-09-29 05:00:00,0.0,0.0,0
2021-09-29 06:00:00,0.0,0.0,0
2021-09-29 07:00:00,0.0,0.0,0
2021-09-29 08:00:00,0.0,0.0,0
2021-09-29 09:00:00,0.0,0.0,0
2021-09-29 10:00:00,0.0,0.0,0
2021-09-29 11:00:00,0.0,0.0,0
2021-09-29 12:00:00,0.0,0.0,0
2021-09-29 13:00:00,0.0,0.0,0
2021-09-29 14:00:00,0.0,0.0,0
2021-09-29 15:00:00,0.0,0.0,0
2021-09-29 16:00:00,0.0,0.0,0
2021-09-29 17:00:00,0.0,0.0,0
2021-09-29 18:00:00,0.0,0.0,0
2021-09-29 19:00:00,0.0,0.0,0
2021-09-29 20:00:00,0.0,0.0,0
2021-09-29 21:00:00,0.0,0.0,0
2021-09-29 22:00:00,0.0,0.0,0
2021-09-29 23:00:00,0.0,0.0,0
2021-09-30 00:00:00,0.0,0.0,0
2021-09-30 01:00:00,0.0,0.0,0
2021-09-30 02:00:00,0.0,0.0,0
2021-09-30 03:00:00,0.0,0.0,0
2021-09-30 04:00:00,0.0,0.0,0
2021-09-30 05:00:00,0.0,0.0,0
2021-09-30 06:00:00,0.0,0.0,0
2021-09-30 07:00:00,0.0,0.0,0
2021-09-30 08:00:00,0.0,0.0,0
2021-09-30 09:00:00,0.0,0.0,0
2021-09-30 10:00:00,0.0,0.0,0
2021-09-30 11:00:00,0.0,0.0,0
2021-09-30 12:00:00,0.0,0.0,0
2021-09-30 13:00:00,0.0,0.0,0
2021-09-30 14:00:00,0.0,0.0,0
2021-09-30 15:00:00,0.0,0.0,0
2021-09-30 16:00:00,0.0,0.0,0
2021-09-30 17:00:00,0.0,0.0,0
2021-09-30 18:00:00,0.0,0.0,0
2021-09-30 19:00:00,0.0,0.0,0
2021-09-30 20:00:00,0.0,0.0,0
2021-09-30 21:00:00,0.0,0.0,0
2021-09-30 22:00:00,0.0,0.0,0
2021-09-30 23:00:00,0.0,0.0,0
2021-10-01 00:00:00,0.0,0.0,0
2021-10-01 01:00:00,0.0,0.0,0
2021-10-01 02:00:00,0.0,0.0,0
2021-10-01 03:00:00,0.0,0.0,0
2021-10-01 04:00:00,0.0,0.0,0
2021-10-01 05:00:00,0.0,0.0,0
2021-10-01 06:00:00,0.0,0.0,0
2021-10-01 07:00:00,0.0,0.0,0
2021-10-01 08:00:00,0.0,0.0,0
2021-10-01 09:00:00,0.0,0.0,0
2021-10-01 10:00:00,0.0,0.0,0
2021-10-01 11:00:00,0.0,0.0,0
2021-10-01 12:00:00,0.0,0.0,0
2021-10-01 13:00:00,0.0,0.0,0
2021-10-01 14:00:00,0.0,0.0,0
2021-10-01 15:00:00,0.0,0.0,0
2021-10-01 16:00:00,0.0,0.0,0
2021-10-01 17:00:00,0.0,0.0,0
2021-10-01 18:00:00,0.0,0.0,0
2021-10-01 19:00:00,0.0,0.0,0
2021-10-01 20:00:00,0.0,0.0,0
2021-10-01 21:00:00,0.0,0.0,0
2021-10-01 22:00:00,0.0,0.0,0
2021-10-01 23:00:00,0.0,0.0,0
2021-10-02 00:00:00,0.0,0.0,0
2021-10-02 01:00:00,0.0,0.0,0
2021-10-02 02:00:00,0.0,0.0,0
2021-10-02 03:00:00,0.0,0.0,0
2021-10-02 04:00:00,0.0,0.0,0
2021-10-02 05:00:00,0.0,0.0,0
2021-10-02 06:00:00,0.0,0.0,0
2021-10-02 07:00:00,0.0,0.0,0
2021-10-02 08:00:00,0.0,0.0,0
2021-10-02 09:00:00,0.0,0.0,0
2021-10-02 10:00:00,0.0,0.0,0
2021-10-02 11:00:00,0.0,0.0,0
2021-10-02 12:00:00,0.0,0.0,0
2021-10-02 13:00:00,0.0,0.0,0
2021-10-02 14:00:00,0.0,0.0,0
2021-10-02 15:00:00,0.0,0.0,0
2021-10-02 16:00:00,0.0,0.0,0
2021-10-02 17:00:00,0.0,0.0,0
2021-10-02 18:00:00,0.0,0.0,0
2021-10-02 19:00:00,0.0,0.0,0
2021-10-02 20:00:00,0.0,0.0,0
2021-10-02 21:00:00,0.0,0.0,0
2021-10-02 22:00:00,0.0,0.0,0
2021-10-02 23:00:00,0.0,0.0,0
2021-10-03 00:00:00,0.0,0.0,0
2021-10-03 01:00:00,0.0,0.0,0
2021-10-03 02:00:00,0.0,0.0,0
2021-10-03 03:00:00,0.0,0.0,0
2021-10-03 04:00:00,0.0,0.0,0
2021-10-03 05:00:00,0.0,0.0,0
2021-10-03 06:00:00,0.0,0.0,0
2021-10-03 07:00:00,0.0,0.0,0
2021-10-03 08:00:00,0.0,0.0,0
2021-10-03 09:00:00,0.0,0.0,0
2021-10-03 10:00:00,0.0,0.0,0
2021-10-03 11:00:00,0.0,0.0,0
2021-10-03 12:00:00,0.0,0.0,0
2021-10-03 13:00:00,0.0,0.0,0
2021-10-03 14:00:00,0.0,0.0,0
2021-10-03 15:00:00,0.0,0.0,0
2021-10-03 16:00:00,0.0,0.0,0
2021-10-03 17:00:00,0.0,0.0,0
2021-10-03 18:00:00,0.0,0.0,0
2021-10-03 19:00:00,0.0,0.0,0
2021-10-03 20:00:00,0.0,0.0,0
2021-10-03 21:00:00,0.0,0.0,0
2021-10-03 22:00:00,0.0,0.0,0
2021-10-03 23:00:00,0.0,0.0,0
2021-10-04 00:00:00,0.0,0.0,0
2021-10-04 01:00:00,0.0,0.0,0
2021-10-04 02:00:00,0.0,0.0,0
2021-10-04 03:00:00,0.0,0.0,0
2021-10-04 04:00:00,0.0,0.0,0
2021-10-04 05:00:00,0.0,0.0,0
2021-10-04 06:00:00,0.0,0.0,0
2021-10-04 07:00:00,0.0,0.0,0
2021-10-04 08:00:00,0.0,0.0,0
2021-10-04 09:00:00,0.0,0.0,0
2021-10-04 10:00:00,0.0,0.0,0
2021-10-04 11:00:00,0.0,0.0,0
2021-10-04 12:00:00,0.0,0.0,0
2021-10-04 13:00:00,0.0,0.0,0
2021-10-04 14:00:00,0.0,0.0,0
2021-10-04 15:00:00,0.0,0.0,0
2021-10-04 16:00:00,0.0,0.0,0
2021-10-04 17:00:00,0.0,0.0,0
2021-10-04 18:00:00,0.0,0.0,0
2021-10-04 19:00:00,0.0,0.0,0
2021-10-04 20:00:00,0.0,0.0,0
2021-10-04 21:00:00,0.0,0.0,0
2021-10-04 22:00:00,0.0,0.0,0
2021-10-04 23:00:00,0.0,0.0,0
2021-10-05 00:00:00,0.0,0.0,0
2021-10-05 01:00:00,0.0,0.0,0
2021-10-05 02:00:00,0.0,0.0,0
2021-10-05 03:00:00,0.0,0.0,0
2021-10-05 04:00:00,0.0,0.0,0
2021-10-05 05:00:00,0.0,0.0,0
2021-10-05 06:00:00,0.0,0.0,0
2021-10-05 07:00:00,0.0,0.0,0
2021-10-05 08:00:00,0.0,0.0,0
2021-10-05 09:00:00,0.0,0.0,0
2021-10-05 10:00:00,0.0,0.0,0
2021-10-05 11:00:00,0.0,0.0,0
2021-10-05 12:00:00,0.0,0.0,0
2021-10-05 13:00:00,0.0,0.0,0
2021-10-05 14:00:00,0.0,0.0,0
2021-10-05 15:00:00,0.0,0.0,0
2021-10-05 16:00:00,0.0,0.0,0
2021-10-05 17:00:00,0.0,0.0,0
2021-10-05 18:00:00,0.0,0.0,0
2021-10-05 19:00:00,0.0,0.0,0
2021-10-05 20:00:00,0.0,0.0,0
2021-10-05 21:00:00,0.0,0.0,0
2021-10-05 22:00:00,0.0,0.0,0
2021-10-05 23:00:00,0.0,0.0,0
2021-10-06 00:00:00,0.0,0.0,0
2021-10-06 01:00:00,0.0,0.0,0
2021-10-06 02:00:00,0.0,0.0,0
2021-10-06 03:00:00,0.0,0.0,0
2021-10-06 04:00:00,0.0,0.0,0
2021-10-06 05:00:00,0.0,0.0,0
2021-10-06 06:00:00,0.0,0.0,0
2021-10-06 07:00:00,0.0,0.0,0
2021-10-06 08:00:00,0.0,0.0,0
2021-10-06 09:00:00,0.0,0.0,0
2021-10-06 10:00:00,0.0,0.0,0
2021-10-06 11:00:00,0.0,0.0,0
2021-10-06 12:00:00,0.0,0.0,0
2021-10-06 13:00:00,0.0,0.0,0
2021-10-06 14:00:00,0.0,0.0,0
2021-10-06 15:00:00,0.0,0.0,0
2021-10-06 16:00:00,0.0,0.0,0
2021-10-06 17:00:00,0.0,0.0,0
2021-10-06 18:00:00,0.0,0.0,0
2021-10-06 19:00:00,0.0,0.0,0
2021-10-06 20:00:00,0.0,0.0,0
2021-10-06 21:00:00,0.0,0.0,0
2021-10-06 22:00:00,0.0,0.0,0
2021-10-06 23:00:00,0.0,0.0,0
2021-10-07 00:00:00,0.0,0.0,0
2021-10-07 01:00:00,0.0,0.0,0
2021-10-07 02:00:00,0.0,0.0,0
2021-10-07 03:00:00,0.0,0.0,0
2021-10-07 04:00:00,0.0,0.0,0
2021-10-07 05:00:00,0.0,0.0,0
2021-10-07 06:00:00,0.0,0.0,0
2021-10-07 07:00:00,0.0,0.0,0
2021-10-07 08:00:00,0.0,0.0,0
2021-10-07 09:00:00,0.0,0.0,0
2021-10-07 10:00:00,0.0,0.0,0
2021-10-07 11:00:00,0.0,0.0,0
2021-10-07 12:00:00,0.0,0.0,0
2021-10-07 13:00:00,0.0,0.0,0
2021-10-07 14:00:00,0.0,0.0,0
2021-10-07 15:00:00,0.0,0.0,0
2021-10-07 16:00:00,0.0,0.0,0
2021-10-07 17:00:00,0.0,0.0,0
2021-10-07 18:00:00,0.0,0.0,0
2021-10-07 19:00:00,0.0,0.0,0
2021-10-07 20:00:00,0.0,0.0,0
2021-10-07 21:00:00,0.0,0.0,0
2021-10-07 22:00:00,0.0,0.0,0
2021-10-07 23:00:00,0.0,0.0,0
2021-10-08 00:00:00,0.0,0.0,0
2021-10-08 01:00:00,0.0,0.0,0
2021-10-08 02:00:00,0.0,0.0,0
2021-10-08 03:00:00,0.0,0.0,0
2021-10-08 04:00:00,0.0,0.0,0
2021-10-08 05:00:00,0.0,0.0,0
2021-10-08 06:00:00,0.0,0.0,0
2021-10-08 07:00:00,0.0,0.0,0
2021-10-08 08:00:00,0.0,0.0,0
2021-10-08 09:00:00,0.0,0.0,0
2021-10-08 10:00:00,0.0,0.0,0
2021-10-08 11:00:00,0.0,0.0,0
2021-10-08 12:00:00,0.0,0.0,0
2021-10-08 13:00:00,0.0,0.0,0
2021-10-08 14:00:00,0.0,0.0,0
2021-10-08 15:00:00,0.0,0.0,0
2021-10-08 16:00:00,0.0,0.0,0
2021-10-08 17:00:00,0.0,0.0,0
2021-10-08 18:00:00,0.0,0.0,0
2021-10-08 19:00:00,0.0,0.0,0
2021-10-08 20:00:00,0.0,0.0,0
2021-10-08 21:00:00,0.0,0.0,0
2021-10-08 22:00:00,0.0,0.0,0
2021-10-08 23:00:00,0.0,0.0,0
2021-10-09 00:00:00,0.0,0.0,0
2021-10-09 01:00:00,0.0,0.0,0
2021-10-09 02:00:00,0.0,0.0,0
2021-10-09 03:00:00,0.0,0.0,0
2021-10-09 04:00:00,0.0,0.0,0
2021-10-09 05:00:00,0.0,0.0,0
2021-10-09 06:00:00,0.0,0.0,0
2021-10-09 07:00:00,0.0,0.0,0
2021-10-09 08:00:00,0.0,0.0,0
2021-10-09 09:00:00,0.0,0.0,0
2021-10-09 10:00:00,0.0,0.0,0
2021-10-09 11:00:00,0.0,0.0,0
2021-10-09 12:00:00,0.0,0.0,0
2021-10-09 13:00:00,0.0,0.0,0
2021-10-09 14:00:00,0.0,0.0,0
2021-10-09 15:00:00,0.0,0.0,0
2021-10-09 16:00:00,0.0,0.0,0
2021-10-09 17:00:00,0.0,0.0,0
2021-10-09 18:00:00,0.0,0.0,0
2021-10-09 19:00:00,0.0,0.0,0
2021-10-09 20:00:00,0.0,0.0,0
2021-10-09 21:00:00,0.0,0.0,0
2021-10-09 22:00:00,0.0,0.0,0
2021-10-09 23:00:00,0.0,0.0,0
2021-10-10 00:00:00,0.0,0.0,0
2021-10-10 01:00:00,0.0,0.0,0
2021-10-10 02:00:00,0.0,0.0,0
2021-10-10 03:00:00,0.0,0.0,0
2021-10-10 04:00:00,0.0,0.0,0
2021-10-10 05:00:00,0.0,0.0,0
2021-10-10 06:00:00,0.0,0.0,0
2021-10-10 07:00:00,0.0,0.0,0
2021-10-10 08:00:00,0.0,0.0,0
2021-10-10 09:00:00,0.0,0.0,0
2021-10-10 10:00:00,0.0,0.0,0
2021-10-10 11:00:00,0.0,0.0,0
2021-10-10 12:00:00,0.0,0.0,0
2021-10-10 13:00:00,0.0,0.0,0
2021-10-10 14:00:00,0.0,0.0,0
2021-10-10 15:00:00,0.0,0.0,0
2021-10-10 16:00:00,0.0,0.0,0
2021-10-10 17:00:00,0.0,0.0,0
2021-10-10 18:00:00,0.0,0.0,0
2021-10-10 19:00:00,0.0,0.0,0
2021-10-10 20:00:00,0.0,0.0,0
2021-10-10 21:00:00,0.0,0.0,0
2021-10-10 22:00:00,0.0,0.0,0
2021-10-10 23:00:00,0.0,0.0,0
2021-10-11 00:00:00,0.0,0.0,0
2021-10-11 01:00:00,0.0,0.0,0
2021-10-11 02:00:00,0.0,0.0,0
2021-10-11 03:00:00,0.0,0.0,0
2021-10-11 04:00:00,0.0,0.0,0
2021-10-11 05:00:00,0.0,0.0,0
2021-10-11 06:00:00,0.0,0.0,0
2021-10-11 07:00:00,0.0,0.0,0
2021-10-11 08:00:00,0.0,0.0,0
2021-10-11 09:00:00,0.0,0.0,0
2021-10-11 10:00:00,0.0,0.0,0
2021-10-11 11:00:00,0.0,0.0,0
2021-10-11 12:00:00,0.0,0.0,0
2021-10-11 13:00:00,0.0,0.0,0
2021-10-11 14:00:00,0.0,0.0,0
2021-10-11 15:00:00,0.0,0.0,0
2021-10-11 16:00:00,0.0,0.0,0
2021-10-11 17:00:00,0.0,0.0,0
2021-10-11 18:00:00,0.0,0.0,0
2021-10-11 19:00:00,0.0,0.0,0
2021-10-11 20:00:00,0.0,0.0,0
2021-10-11 21:00:00,0.0,0.0,0
2021-10-11 22:00:00,0.0,0.0,0
2021-10-11 23:00:00,0.0,0.0,0
2021-10-12 00:00:00,0.0,0.0,0
2021-10-12 01:00:00,0.0,0.0,0
2021-10-12 02:00:00,0.0,0.0,0
2021-10-12 03:00:00,0.0,0.0,0
2021-10-12 04:00:00,0.0,0.0,0
2021-10-12 05:00:00,0.0,0.0,0
2021-10-12 06:00:00,0.0,0.0,0
2021-10-12 07:00:00,0.0,0.0,0
2021-10-12 08:00:00,0.0,0.0,0
2021-10-12 09:00:00,0.0,0.0,0
2021-10-12 10:00:00,0.0,0.0,0
2021-10-12 11:00:00,0.0,0.0,0
2021-10-12 12:00:00,0.0,0.0,0
2021-10-12 13:00:00,0.0,0.0,0
2021-10-12 14:00:00,0.0,0.0,0
2021-10-12 15:00:00,0.0,0.0,0
2021-10-12 16:00:00,0.0,0.0,0
2021-10-12 17:00:00,0.0,0.0,0
2021-10-12 18:00:00,0.0,0.0,0
2021-10-12 19:00:00,0.0,0.0,0
2021-10-12 20:00:00,0.0,0.0,0
2021-10-12 21:00:00,0.0,0.0,0
2021-10-12 22:00:00,0.0,0.0,0
2021-10-12 23:00:00,0.0,0.0,0
2021-10-13 00:00:00,0.0,0.0,0
2021-10-13 01:00:00,0.0,0.0,0
2021-10-13 02:00:00,0.0,0.0,0
2021-10-13 03:00:00,0.0,0.0,0
2021-10-13 04:00:00,0.0,0.0,0
2021-10-13 05:00:00,0.0,0.0,0
2021-10-13 06:00:00,0.0,0.0,0
2021-10-13 07:00:00,0.0,0.0,0
2021-10-13 08:00:00,0.0,0.0,0
2021-10-13 09:00:00,0.0,0.0,0
2021-10-13 10:00:00,0.0,0.0,0
2021-10-13 11:00:00,0.0,0.0,0
2021-10-13 12:00:00,0.0,0.0,0
2021-10-13 13:00:00,0.0,0.0,0
2021-10-13 14:00:00,0.0,0.0,0
2021-10-13 15:00:00,0.0,0.0,0
2021-10-13 16:00:00,0.0,0.0,0
2021-10-13 17:00:00,0.0,0.0,0
2021-10-13 18:00:00,0.0,0.0,0
2021-10-13 19:00:00,0.0,0.0,0
2021-10-13 20:00:00,0.0,0.0,0
2021-10-13 21:00:00,0.0,0.0,0
2021-10-13 22:00:00,0.0,0.0,0
2021-10-13 23:00:00,0.0,0.0,0
2021-10-14 00:00:00,0.0,0.0,0
2021-10-14 01:00:00,0.0,0.0,0
2021-10-14 02:00:00,0.0,0.0,0
2021-10-14 03:00:00,0.0,0.0,0
2021-10-14 04:00:00,0.0,0.0,0
2021-10-14 05:00:00,0.0,0.0,0
2021-10-14 06:00:00,0.0,0.0,0
2021-10-14 07:00:00,0.0,0.0,0
2021-10-14 08:00:00,0.0,0.0,0
2021-10-14 09:00:00,0.0,0.0,0
2021-10-14 10:00:00,0.0,0.0,0
2021-10-14 11:00:00,0.0,0.0,0
2021-10-14 12:00:00,0.0,0.0,0
2021-10-14 13:00:00,0.0,0.0,0
2021-10-14 14:00:00,0.0,0.0,0
2021-10-14 15:00:00,0.0,0.0,0
2021-10-14 16:00:00,0.0,0.0,0
2021-10-14 17:00:00,0.0,0.0,0
2021-10-14 18:00:00,0.0,0.0,0
2021-10-14 19:00:00,0.0,0.0,0
2021-10-14 20:00:00,0.0,0.0,0
2021-10-14 21:00:00,0.0,0.0,0
2021-10-14 22:00:00,0.0,0.0,0
2021-10-14 23:00:00,0.0,0.0,0
2021-10-15 00:00:00,0.0,0.0,0
2021-10-15 01:00:00,0.0,0.0,0
2021-10-15 02:00:00,0.0,0.0,0
2021-10-15 03:00:00,0.0,0.0,0
2021-10-15 04:00:00,0.0,0.0,0
2021-10-15 05:00:00,0.0,0.0,0
2021-10-15 06:00:00,0.0,0.0,0
2021-10-15 07:00:00,0.0,0.0,0
2021-10-15 08:00:00,0.0,0.0,0
2021-10-15 09:00:00,0.0,0.0,0
2021-10-15 10:00:00,0.0,0.0,0
2021-10-15 11:00:00,0.0,0.0,0
2021-10-15 12:00:00,0.0,0.0,0
2021-10-15 13:00:00,0.0,0.0,0
2021-10-15 14:00:00,0.0,0.0,0
2021-10-15 15:00:00,0.0,0.0,0
2021-10-15 16:00:00,0.0,0.0,0
2021-10-15 17:00:00,0.0,0.0,0
2021-10-15 18:00:00,0.0,0.0,0
2021-10-15 19:00:00,0.0,0.0,0
2021-10-15 20:00:00,0.0,0.0,0
2021-10-15 21:00:00,0.0,0.0,0
2021-10-15 22:00:00,0.0,0.0,0
2021-10-15 23:00:00,0.0,0.0,0
2021-10-16 00:00:00,0.0,0.0,0
2021-10-16 01:00:00,0.0,0.0,0
2021-10-16 02:00:00,0.0,0.0,0
2021-10-16 03:00:00,0.0,0.0,0
2021-10-16 04:00:00,0.0,0.0,0
2021-10-16 05:00:00,0.0,0.0,0
2021-10-16 06:00:00,0.0,0.0,0
2021-10-16 07:00:00,0.0,0.0,0
2021-10-16 08:00:00,0.0,0.0,0
2021-10-16 09:00:00,0.0,0.0,0
2021-10-16 10:00:00,0.0,0.0,0
2021-10-16 11:00:00,0.0,0.0,0
2021-10-16 12:00:00,0.0,0.0,0
2021-10-16 13:00:00,0.0,0.0,0
2021-10-16 14:00:00,0.0,0.0,0
2021-10-16 15:00:00,0.0,0.0,0
2021-10-16 16:00:00,0.0,0.0,0
2021-10-16 17:00:00,0.0,0.0,0
2021-10-16 18:00:00,0.0,0.0,0
2021-10-16 19:00:00,0.0,0.0,0
2021-10-16 20:00:00,0.0,0.0,0
2021-10-16 21:00:00,0.0,0.0,0
2021-10-16 22:00:00,0.0,0.0,0
2021-10-16 23:00:00,0.0,0.0,0
2021-10-17 00:00:00,0.0,0.0,0
2021-10-17 01:00:00,0.0,0.0,0
2021-10-17 02:00:00,0.0,0.0,0
2021-10-17 03:00:00,0.0,0.0,0
2021-10-17 04:00:00,0.0,0.0,0
2021-10-17 05:00:00,0.0,0.0,0
2021-10-17 06:00:00,0.0,0.0,0
2021-10-17 07:00:00,0.0,0.0,0
2021-10-17 08:00:00,0.0,0.0,0
2021-10-17 09:00:00,0.0,0.0,0
2021-10-17 10:00:00,0.0,0.0,0
2021-10-17 11:00:00,0.0,0.0,0
2021-10-17 12:00:00,0.0,0.0,0
2021-10-17 13:00:00,0.0,0.0,0
2021-10-17 14:00:00,0.0,0.0,0
2021-10-17 15:00:00,0.0,0.0,0
2021-10-17 16:00:00,0.0,0.0,0
2021-10-17 17:00:00,0.0,0.0,0
2021-10-17 18:00:00,0.0,0.0,0
2021-10-17 19:00:00,0.0,0.0,0
2021-10-17 20:00:00,0.0,0.0,0
2021-10-17 21:00:00,0.0,0.0,0
2021-10-17 22:00:00,0.0,0.0,0
2021-10-17 23:00:00,0.0,0.0,0
2021-10-18 00:00:00,0.0,0.0,0
2021-10-18 01:00:00,0.0,0.0,0
2021-10-18 02:00:00,0.0,0.0,0
2021-10-18 03:00:00,0.0,0.0,0
2021-10-18 04:00:00,0.0,0.0,0
2021-10-18 05:00:00,0.0,0.0,0
2021-10-18 06:00:00,0.0,0.0,0
2021-10-18 07:00:00,0.0,0.0,0
2021-10-18 08:00:00,0.0,0.0,0
2021-10-18 09:00:00,0.0,0.0,0
2021-10-18 10:00:00,0.0,0.0,0
2021-10-18 11:00:00,0.23995906680805937,0.07423117709437964,943
2021-10-18 12:00:00,0.18812671683913454,0.053621825023518345,1063
2021-10-18 13:00:00,0.2392409885931559,0.0699619771863118,1315
2021-10-18 14:00:00,0.22862652106084244,0.05850234009360374,1282
2021-10-18 15:00:00,0.2905264252696456,0.1440677966101695,1298
2021-10-18 16:00:00,0.28478548872180454,0.14360902255639096,1330
2021-10-18 17:00:00,0.25713023634881826,0.10839445802770986,1227
2021-10-18 18:00:00,0.296451718357083,0.16261525565800503,1193
2021-10-18 19:00:00,0.25476709219858157,0.03404255319148936,1410
2021-10-18 20:00:00,0.252426101141925,0.03915171288743882,1226
2021-10-18 21:00:00,0.22330637019230767,0.010817307692307692,832
2021-10-18 22:00:00,0.175494640943194,0.04394426580921758,933
2021-10-18 23:00:00,0.18545463414634147,-0.012195121951219513,820
2021-10-19 00:00:00,0.22130862262038076,0.06494960806270997,893
2021-10-19 01:00:00,0.24980945558739254,0.1017191977077364,698
2021-10-19 02:00:00,0.271521746031746,0.08571428571428572,630
2021-10-19 03:00:00,0.24788059701492537,0.09794776119402986,1072
2021-10-19 04:00:00,0.28612306889352823,0.12839248434237996,958
2021-10-19 05:00:00,0.268989648241206,0.135678391959799,995
2021-10-19 06:00:00,0.262880259222333,0.09770687936191426,1003
2021-10-19 07:00:00,0.19884853700516353,0.04905335628227195,1162
2021-10-19 08:00:00,0.2605002548853016,0.10450297366185217,1177
2021-10-19 09:00:00,0.23981154956689124,0.0741097208854668,1039
2021-10-19 10:00:00,0.23531666666666667,0.08007448789571694,1074
2021-10-19 11:00:00,0.21704362416107384,0.034395973154362415,1192
2021-10-19 12:00:00,0.2053144753476612,0.03792667509481669,1582
2021-10-19 13:00:00,0.15689173648134044,-0.0072353389185072356,2626
2021-10-19 14:00:00,0.1991561560150376,-0.008458646616541353,2128
2021-10-19 15:00:00,0.19231816130851664,0.007332205301748449,1773
2021-10-19 16:00:00,0.20651933174224343,0.01909307875894988,1676
2021-10-19 17:00:00,0.14732026448852586,0.028004667444574097,2571
2021-10-19 18:00:00,0.1743889091738932,0.009584664536741214,2191
2021-10-19 19:00:00,0.1383195238095238,0.014285714285714285,3570
2021-10-19 20:00:00,0.15287994557823129,0.028299319727891157,3675
2021-10-19 21:00:00,0.1705735294117647,0.027149321266968326,2210
2021-10-19 22:00:00,0.19897821409359873,0.03657880580957504,1859
2021-10-19 23:00:00,0.1684685261303582,-0.007046388725778039,1703
2021-10-20 00:00:00,0.16799884488448844,0.037953795379537955,606
2021-10-20 01:00:00,0.18188024193548386,0.036290322580645164,496
2021-10-20 02:00:00,0.21891274298056154,0.06911447084233262,463
2021-10-20 03:00:00,0.2450580901856764,0.026525198938992044,377
2021-10-20 04:00:00,0.19564576802507838,0.018808777429467086,319
2021-10-20 05:00:00,0.18992608695652174,0.028132992327365727,391
2021-10-20 06:00:00,0.23955768194070082,0.04582210242587601,371
2021-10-20 07:00:00,0.24928947368421053,0.0215311004784689,418
2021-10-20 08:00:00,0.20044109589041095,0.10730593607305935,438
2021-10-20 09:00:00,0.2212024886877828,0.038461538461538464,442
2021-10-20 10:00:00,0.22147589498806683,0.028639618138424822,419
2021-10-20 11:00:00,0.24375099601593625,0.043824701195219126,502
2021-10-20 12:00:00,0.20734783950617283,0.07098765432098765,648
2021-10-20 13:00:00,0.12184441805225653,0.12193190815518606,2526
2021-10-20 14:00:00,0.14917694027467263,0.12999041839667838,3131
2021-10-20 15:00:00,0.19402144444444447,0.08777777777777777,1800
2021-10-20 16:00:00,0.20444335971855762,0.07387862796833773,1137
2021-10-20 17:00:00,0.3190176529588766,0.058174523570712136,997
2021-10-20 18:00:00,0.20942150537634407,0.025089605734767026,837
2021-10-20 19:00:00,0.17798907242693776,0.08132147395171538,787
2021-10-20 20:00:00,0.18320095628415303,0.0,732
2021-10-20 21:00:00,0.1957257100149477,0.02092675635276532,669
2021-10-20 22:00:00,0.1496420955882353,0.001838235294117647,544
2021-10-20 23:00:00,0.19025446224256293,0.04576659038901602,437
2021-10-21 00:00:00,0.18795869565217393,-0.0018115942028985507,552
2021-10-21 01:00:00,0.2160741550695825,0.019880715705765408,503
2021-10-21 02:00:00,0.17227472527472526,0.01282051282051282,546
2021-10-21 03:00:00,0.20308272357723578,-0.018292682926829267,492
2021-10-21 04:00:00,0.17920757575757573,0.017316017316017316,462
2021-10-21 05:00:00,0.19844695863746958,0.0340632603406326,411
2021-10-21 06:00:00,0.17657178899082568,0.022935779816513763,436
2021-10-21 07:00:00,0.20076474576271186,-0.003389830508474576,590
2021-10-21 08:00:00,0.21044309764309765,0.018518518518518517,594
2021-10-21 09:00:00,0.27856611940298504,0.034328358208955224,670
2021-10-21 10:00:00,0.3805594968553459,0.03773584905660377,795
2021-10-21 11:00:00,0.15902539682539682,-0.044733044733044736,693
2021-10-21 12:00:00,0.18430758974358974,-0.055384615384615386,975
2021-10-21 13:00:00,0.23062303278688523,-0.1,1220
2021-10-21 14:00:00,0.21896803840877915,-0.08367626886145405,2187
2021-10-21 15:00:00,0.20474499406410762,-0.07558369608231104,2527
2021-10-21 16:00:00,0.19300338612779902,-0.038776624795193886,1831
2021-10-21 17:00:00,0.18151941747572817,-0.03597944031981725,1751
2021-10-21 18:00:00,0.20655162980209546,-0.006984866123399301,1718
2021-10-21 19:00:00,0.16379726224783864,-0.03602305475504323,1388
2021-10-21 20:00:00,0.14387367647058824,-0.04852941176470588,1360
2021-10-21 21:00:00,0.17775444191343964,-0.011389521640091117,1317
2021-10-21 22:00:00,0.19247829246139872,0.014532243415077202,1101
2021-10-21 23:00:00,0.18826722606120433,-0.0019743336623889436,1013
2021-10-22 00:00:00,0.17445456329735035,-0.02551521099116781,1019
2021-10-22 01:00:00,0.1756376826722338,-0.010438413361169102,958
2021-10-22 02:00:00,0.16298791866028708,0.023923444976076555,836
2021-10-22 03:00:00,0.17114818594104309,0.01020408163265306,882
2021-10-22 04:00:00,0.2379705947136564,0.08480176211453745,908
2021-10-22 05:00:00,0.21292460674157304,0.04044943820224719,890
2021-10-22 06:00:00,0.22220335497835497,0.07034632034632035,924
2021-10-22 07:00:00,0.21794546255506608,0.03259911894273128,1135
2021-10-22 08:00:00,0.19786361940298508,0.020522388059701493,1072
2021-10-22 09:00:00,0.20260617391304347,0.16260869565217392,1150
2021-10-22 10:00:00,0.21831866546438233,0.056807935076645624,1109
2021-10-22 11:00:00,0.19018805268109126,0.024459078080903106,1063
2021-10-22 12:00:00,0.1947403068340307,0.03207810320781032,1434
2021-10-22 13:00:00,0.2524318347509113,0.026731470230862697,1646
2021-10-22 14:00:00,0.2359872037914692,0.04170616113744076,2110
2021-10-22 15:00:00,0.26099974734714504,0.056088933804951994,1979
2021-10-22 16:00:00,0.23448667015159436,0.029273392577104027,1913
2021-10-22 17:00:00,0.1871470937912814,0.0033025099075297227,1514
2021-10-22 18:00:00,0.15663250345781465,-0.03734439834024896,1446
2021-10-22 19:00:00,0.1914821052631579,0.035789473684210524,1425
2021-10-22 20:00:00,0.20045333333333332,0.0071111111111111115,1125
2021-10-22 21:00:00,0.17766181455633098,0.003988035892323031,1003
2021-10-22 22:00:00,0.2280114311431143,-0.013501350135013501,1111
2021-10-22 23:00:00,0.2203336143308746,0.01053740779768177,949
2021-10-23 00:00:00,0.1960920745920746,0.018648018648018648,858
2021-10-23 01:00:00,0.19662480314960631,-0.0013123359580052493,762
2021-10-23 02:00:00,0.19183073170731707,-0.03170731707317073,820
2021-10-23 03:00:00,0.16494546722454673,-0.030683403068340307,717
2021-10-23 04:00:00,0.23819297082228116,0.009283819628647215,754
2021-10-23 05:00:00,0.2768033018867924,0.0660377358490566,848
2021-10-23 06:00:00,0.3303092530657748,0.07246376811594203,897
2021-10-23 07:00:00,0.27521252525252526,0.0707070707070707,990
2021-10-23 08:00:00,0.23365909592061743,0.017640573318632856,907
2021-10-23 09:00:00,0.1972341252699784,0.0032397408207343412,926
2021-10-23 10:00:00,0.2526686612576065,0.04462474645030426,986
2021-10-23 11:00:00,0.28017894308943087,0.0943089430894309,1230
2021-10-23 12:00:00,0.2734710992907801,0.1374113475177305,1128
2021-10-23 13:00:00,0.2618705042016807,0.0949579831932773,1190
2021-10-23 14:00:00,0.300501593323217,0.09408194233687406,1318
2021-10-23 15:00:00,0.2813187776141384,0.10751104565537556,1358
2021-10-23 16:00:00,0.2792095652173913,0.10118577075098814,1265
2021-10-23 17:00:00,0.25547153716216214,0.02533783783783784,1184
2021-10-23 18:00:00,0.21505068243858053,0.007279344858962694,1099
2021-10-23 19:00:00,0.23742842975206613,0.003305785123966942,605
2021-10-23 20:00:00,0.19894739454094293,0.04466501240694789,403
2021-10-23 21:00:00,0.24053421052631577,0.029239766081871343,342
2021-10-23 22:00:00,0.25713369175627243,-0.0035842293906810036,279
2021-10-23 23:00:00,0.25334160839160835,0.017482517482517484,286
2021-10-24 00:00:00,0.0,0.0,0
2021-10-24 01:00:00,0.0,0.0,0
2021-10-24 02:00:00,0.0,0.0,0
2021-10-24 03:00:00,0.0,0.0,0
2021-10-24 04:00:00,0.0,0.0,0
2021-10-24 05:00:00,0.0,0.0,0
2021-10-24 06:00:00,0.0,0.0,0
2021-10-24 07:00:00,0.0,0.0,0
2021-10-24 08:00:00,0.0,0.0,0
2021-10-24 09:00:00,0.0,0.0,0
2021-10-24 10:00:00,0.0,0.0,0
2021-10-24 11:00:00,0.0,0.0,0
2021-10-24 12:00:00,0.0,0.0,0
2021-10-24 13:00:00,0.0,0.0,0
2021-10-24 14:00:00,0.0,0.0,0
2021-10-24 15:00:00,0.0,0.0,0
2021-10-24 16:00:00,0.0,0.0,0
2021-10-24 17:00:00,0.0,0.0,0
2021-10-24 18:00:00,0.0,0.0,0
2021-10-24 19:00:00,0.0,0.0,0
2021-10-24 20:00:00,0.0,0.0,0
2021-10-24 21:00:00,0.0,0.0,0
2021-10-24 22:00:00,0.0,0.0,0
2021-10-24 23:00:00,0.0,0.0,0
2021-10-25 00:00:00,0.0,0.0,0
2021-10-25 01:00:00,0.0,0.0,0
2021-10-25 02:00:00,0.0,0.0,0
2021-10-25 03:00:00,0.0,0.0,0
2021-10-25 04:00:00,0.0,0.0,0
2021-10-25 05:00:00,0.0,0.0,0
2021-10-25 06:00:00,0.0,0.0,0
2021-10-25 07:00:00,0.0,0.0,0
2021-10-25 08:00:00,0.0,0.0,0
2021-10-25 09:00:00,0.0,0.0,0
2021-10-25 10:00:00,0.0,0.0,0
2021-10-25 11:00:00,0.0,0.0,0
2021-10-25 12:00:00,0.0,0.0,0
2021-10-25 13:00:00,0.0,0.0,0
2021-10-25 14:00:00,0.0,0.0,0
2021-10-25 15:00:00,0.0,0.0,0
2021-10-25 16:00:00,0.0,0.0,0
2021-10-25 17:00:00,0.0,0.0,0
2021-10-25 18:00:00,0.0,0.0,0
2021-10-25 19:00:00,0.0,0.0,0
2021-10-25 20:00:00,0.0,0.0,0
2021-10-25 21:00:00,0.0,0.0,0
2021-10-25 22:00:00,0.0,0.0,0
2021-10-25 23:00:00,0.0,0.0,0
2021-10-26 00:00:00,0.0,0.0,0
2021-10-26 01:00:00,0.0,0.0,0
2021-10-26 02:00:00,0.0,0.0,0
2021-10-26 03:00:00,0.0,0.0,0
2021-10-26 04:00:00,0.0,0.0,0
2021-10-26 05:00:00,0.0,0.0,0
2021-10-26 06:00:00,0.0,0.0,0
2021-10-26 07:00:00,0.0,0.0,0
2021-10-26 08:00:00,0.0,0.0,0
2021-10-26 09:00:00,0.0,0.0,0
2021-10-26 10:00:00,0.0,0.0,0
2021-10-26 11:00:00,0.0,0.0,0
2021-10-26 12:00:00,0.0,0.0,0
2021-10-26 13:00:00,0.0,0.0,0
2021-10-26 14:00:00,0.0,0.0,0
2021-10-26 15:00:00,0.0,0.0,0
2021-10-26 16:00:00,0.0,0.0,0
2021-10-26 17:00:00,0.0,0.0,0
2021-10-26 18:00:00,0.0,0.0,0
2021-10-26 19:00:00,0.0,0.0,0
2021-10-26 20:00:00,0.0,0.0,0
2021-10-26 21:00:00,0.0,0.0,0
2021-10-26 22:00:00,0.0,0.0,0
2021-10-26 23:00:00,0.0,0.0,0
2021-10-27 00:00:00,0.0,0.0,0
2021-10-27 01:00:00,0.0,0.0,0
2021-10-27 02:00:00,0.0,0.0,0
2021-10-27 03:00:00,0.0,0.0,0
2021-10-27 04:00:00,0.0,0.0,0
2021-10-27 05:00:00,0.0,0.0,0
2021-10-27 06:00:00,0.0,0.0,0
2021-10-27 07:00:00,0.0,0.0,0
2021-10-27 08:00:00,0.0,0.0,0
2021-10-27 09:00:00,0.0,0.0,0
2021-10-27 10:00:00,0.0,0.0,0
2021-10-27 11:00:00,0.0,0.0,0
2021-10-27 12:00:00,0.2416902777777778,0.19444444444444445,72
2021-10-27 13:00:00,0.24799572519083968,0.11908396946564885,1310
2021-10-27 14:00:00,0.2303165981922761,0.09531635168447,1217
2021-10-27 15:00:00,0.26137989130434786,0.07919254658385093,1288
2021-10-27 16:00:00,0.21955021834061134,0.0611353711790393,1145
2021-10-27 17:00:00,0.20668813025210084,0.06092436974789916,952
2021-10-27 18:00:00,0.17591573275862069,0.029094827586206896,928
2021-10-27 19:00:00,0.18659641847313854,-0.000942507068803016,1061
2021-10-27 20:00:00,0.23690374384236454,0.06699507389162561,1015
2021-10-27 21:00:00,0.22489474860335196,0.04581005586592179,895
2021-10-27 22:00:00,0.1603138036809816,0.004601226993865031,652
2021-10-27 23:00:00,0.1851826869806094,0.0221606648199446,722
2021-10-28 00:00:00,0.159284107946027,-0.01199400299850075,667
2021-10-28 01:00:00,0.1627392464678179,0.03453689167974882,637
2021-10-28 02:00:00,0.18798149300155523,-0.027993779160186624,643
2021-10-28 03:00:00,0.17332168874172185,-0.0033112582781456954,604
2021-10-28 04:00:00,0.1936984238178634,0.07005253940455342,571
2021-10-28 05:00:00,0.18683174603174602,0.08289241622574955,567
2021-10-28 06:00:00,0.23001792000000001,0.0784,625
2021-10-28 07:00:00,0.141496734059098,-0.003110419906687403,643
2021-10-28 08:00:00,0.15872815789473685,0.025,760
2021-10-28 09:00:00,0.21702057416267945,-0.0215311004784689,836
2021-10-28 10:00:00,0.17898829389788293,0.029887920298879204,803
2021-10-28 11:00:00,0.19372281616688394,0.027379400260756193,767
2021-10-28 12:00:00,0.21179433551198257,0.046840958605664486,918
2021-10-28 13:00:00,0.21974357798165137,0.03761467889908257,1090
2021-10-28 14:00:00,0.2442858672376874,0.069593147751606,934
2021-10-28 15:00:00,0.2720360739979445,0.12538540596094552,973
2021-10-28 16:00:00,0.2528270065075922,0.0770065075921909,922
2021-10-28 17:00:00,0.2547991764705882,0.06470588235294118,850
2021-10-28 18:00:00,0.13189423076923076,-0.04384615384615385,1300
2021-10-28 19:00:00,0.1868375,0.009963768115942028,1104
2021-10-28 20:00:00,0.18475420726306466,0.02745792736935341,1129
2021-10-28 21:00:00,0.1944836272040302,0.018891687657430732,794
2021-10-28 22:00:00,0.22845730994152047,0.06432748538011696,684
2021-10-28 23:00:00,0.20256451612903226,0.04032258064516129,620
2021-10-29 00:00:00,0.1926787979966611,0.035058430717863104,599
2021-10-29 01:00:00,0.19177508710801394,-0.008710801393728223,574
2021-10-29 02:00:00,0.18771131687242798,0.02263374485596708,486
2021-10-29 03:00:00,0.2426592079207921,0.055445544554455446,505
2021-10-29 04:00:00,0.23181219008264464,0.0743801652892562,484
2021-10-29 05:00:00,0.20510416666666667,0.04365079365079365,504
2021-10-29 06:00:00,0.2157528155339806,0.02330097087378641,515
2021-10-29 07:00:00,0.20419475218658892,0.014577259475218658,686
2021-10-29 08:00:00,0.2380422370617696,0.045075125208681135,599
2021-10-29 09:00:00,0.24599078726968177,0.03685092127303183,597
2021-10-29 10:00:00,0.32660364656381485,0.2244039270687237,713
2021-10-29 11:00:00,0.30313453145057767,0.16944801026957637,779
2021-10-29 12:00:00,0.2622241452991453,0.12393162393162394,936
2021-10-29 13:00:00,0.27804769230769233,0.0967032967032967,910
2021-10-29 14:00:00,0.23369864406779658,0.07231638418079096,885
2021-10-29 15:00:00,0.25758334875115635,0.012025901942645698,1081
2021-10-29 16:00:00,0.26803573264781494,0.09682947729220223,1167
2021-10-29 17:00:00,0.21647269585253456,0.06912442396313365,868
2021-10-29 18:00:00,0.16898356481481483,0.03356481481481482,864
2021-10-29 19:00:00,0.20875408970976253,0.040897097625329816,758
2021-10-29 20:00:00,0.19933118932038835,0.03155339805825243,824
2021-10-29 21:00:00,0.16216866734486265,0.018311291963377416,983
2021-10-29 22:00:00,0.19407856341189675,-0.013468013468013467,891
2021-10-29 23:00:00,0.21249163346613548,0.01593625498007968,753
2021-10-30 00:00:00,0.0,0.0,0
2021-10-30 01:00:00,0.0,0.0,0
2021-10-30 02:00:00,0.0,0.0,0
2021-10-30 03:00:00,0.0,0.0,0
2021-10-30 04:00:00,0.0,0.0,0
2021-10-30 05:00:00,0.0,0.0,0
2021-10-30 06:00:00,0.0,0.0,0
2021-10-30 07:00:00,0.0,0.0,0
2021-10-30 08:00:00,0.0,0.0,0
2021-10-30 09:00:00,0.0,0.0,0
2021-10-30 10:00:00,0.0,0.0,0
2021-10-30 11:00:00,0.0,0.0,0
2021-10-30 12:00:00,0.0,0.0,0
2021-10-30 13:00:00,0.0,0.0,0
2021-10-30 14:00:00,0.0,0.0,0
2021-10-30 15:00:00,0.0,0.0,0
2021-10-30 16:00:00,0.0,0.0,0
2021-10-30 17:00:00,0.0,0.0,0
2021-10-30 18:00:00,0.0,0.0,0
2021-10-30 19:00:00,0.0,0.0,0
2021-10-30 20:00:00,0.0,0.0,0
2021-10-30 21:00:00,0.0,0.0,0
2021-10-30 22:00:00,0.0,0.0,0
2021-10-30 23:00:00,0.0,0.0,0
2021-10-31 00:00:00,0.0,0.0,0
2021-10-31 01:00:00,0.0,0.0,0
2021-10-31 02:00:00,0.0,0.0,0
2021-10-31 03:00:00,0.0,0.0,0
2021-10-31 04:00:00,0.0,0.0,0
2021-10-31 05:00:00,0.0,0.0,0
2021-10-31 06:00:00,0.0,0.0,0
2021-10-31 07:00:00,0.0,0.0,0
2021-10-31 08:00:00,0.0,0.0,0
2021-10-31 09:00:00,0.0,0.0,0
2021-10-31 10:00:00,0.0,0.0,0
2021-10-31 11:00:00,0.0,0.0,0
2021-10-31 12:00:00,0.0,0.0,0
2021-10-31 13:00:00,0.0,0.0,0
2021-10-31 14:00:00,0.0,0.0,0
2021-10-31 15:00:00,0.0,0.0,0
2021-10-31 16:00:00,0.0,0.0,0
2021-10-31 17:00:00,0.0,0.0,0
2021-10-31 18:00:00,0.0,0.0,0
2021-10-31 19:00:00,0.0,0.0,0
2021-10-31 20:00:00,0.0,0.0,0
2021-10-31 21:00:00,0.0,0.0,0
2021-10-31 22:00:00,0.0,0.0,0
2021-10-31 23:00:00,0.0,0.0,0
2021-11-01 00:00:00,0.0,0.0,0
2021-11-01 01:00:00,0.0,0.0,0
2021-11-01 02:00:00,0.0,0.0,0
2021-11-01 03:00:00,0.0,0.0,0
2021-11-01 04:00:00,0.0,0.0,0
2021-11-01 05:00:00,0.0,0.0,0
2021-11-01 06:00:00,0.0,0.0,0
2021-11-01 07:00:00,0.0,0.0,0
2021-11-01 08:00:00,0.0,0.0,0
2021-11-01 09:00:00,0.0,0.0,0
2021-11-01 10:00:00,0.0,0.0,0
2021-11-01 11:00:00,0.0,0.0,0
2021-11-01 12:00:00,0.0,0.0,0
2021-11-01 13:00:00,0.0,0.0,0
2021-11-01 14:00:00,0.0,0.0,0
2021-11-01 15:00:00,0.0,0.0,0
2021-11-01 16:00:00,0.0,0.0,0
2021-11-01 17:00:00,0.0,0.0,0
2021-11-01 18:00:00,0.0,0.0,0
2021-11-01 19:00:00,0.0,0.0,0
2021-11-01 20:00:00,0.0,0.0,0
2021-11-01 21:00:00,0.0,0.0,0
2021-11-01 22:00:00,0.0,0.0,0
2021-11-01 23:00:00,0.0,0.0,0
2021-11-02 00:00:00,0.0,0.0,0
2021-11-02 01:00:00,0.0,0.0,0
2021-11-02 02:00:00,0.0,0.0,0
2021-11-02 03:00:00,0.0,0.0,0
2021-11-02 04:00:00,0.0,0.0,0
2021-11-02 05:00:00,0.0,0.0,0
2021-11-02 06:00:00,0.0,0.0,0
2021-11-02 07:00:00,0.0,0.0,0
2021-11-02 08:00:00,0.0,0.0,0
2021-11-02 09:00:00,0.0,0.0,0
2021-11-02 10:00:00,0.0,0.0,0
2021-11-02 11:00:00,0.0,0.0,0
2021-11-02 12:00:00,0.0,0.0,0
2021-11-02 13:00:00,0.0,0.0,0
2021-11-02 14:00:00,0.0,0.0,0
2021-11-02 15:00:00,0.0,0.0,0
2021-11-02 16:00:00,0.0,0.0,0
2021-11-02 17:00:00,0.0,0.0,0
2021-11-02 18:00:00,0.0,0.0,0
2021-11-02 19:00:00,0.0,0.0,0
2021-11-02 20:00:00,0.0,0.0,0
2021-11-02 21:00:00,0.0,0.0,0
2021-11-02 22:00:00,0.0,0.0,0
2021-11-02 23:00:00,0.0,0.0,0
2021-11-03 00:00:00,0.0,0.0,0
2021-11-03 01:00:00,0.0,0.0,0
2021-11-03 02:00:00,0.0,0.0,0
2021-11-03 03:00:00,0.0,0.0,0
2021-11-03 04:00:00,0.0,0.0,0
2021-11-03 05:00:00,0.0,0.0,0
2021-11-03 06:00:00,0.0,0.0,0
2021-11-03 07:00:00,0.0,0.0,0
2021-11-03 08:00:00,0.0,0.0,0
2021-11-03 09:00:00,0.0,0.0,0
2021-11-03 10:00:00,0.0,0.0,0
2021-11-03 11:00:00,0.0,0.0,0
2021-11-03 12:00:00,0.0,0.0,0
2021-11-03 13:00:00,0.0,0.0,0
2021-11-03 14:00:00,0.0,0.0,0
2021-11-03 15:00:00,0.0,0.0,0
2021-11-03 16:00:00,0.0,0.0,0
2021-11-03 17:00:00,0.0,0.0,0
2021-11-03 18:00:00,0.0,0.0,0
2021-11-03 19:00:00,0.0,0.0,0
2021-11-03 20:00:00,0.0,0.0,0
2021-11-03 21:00:00,0.0,0.0,0
2021-11-03 22:00:00,0.0,0.0,0
2021-11-03 23:00:00,0.0,0.0,0
2021-11-04 00:00:00,0.0,0.0,0
2021-11-04 01:00:00,0.0,0.0,0
2021-11-04 02:00:00,0.0,0.0,0
2021-11-04 03:00:00,0.0,0.0,0
2021-11-04 04:00:00,0.0,0.0,0
2021-11-04 05:00:00,0.0,0.0,0
2021-11-04 06:00:00,0.0,0.0,0
2021-11-04 07:00:00,0.23633733333333334,0.03666666666666667,600
2021-11-04 08:00:00,0.2064875370919881,0.05637982195845697,674
2021-11-04 09:00:00,0.2281787456445993,0.07491289198606271,574
2021-11-04 10:00:00,0.21720188034188034,0.037606837606837605,585
2021-11-04 11:00:00,0.2515580687830688,0.0582010582010582,756
2021-11-04 12:00:00,0.19659286577992746,0.0471584038694075,827
2021-11-04 13:00:00,0.22383846153846154,0.08391608391608392,858
2021-11-04 14:00:00,0.3529295238095238,0.21164021164021163,945
2021-11-04 15:00:00,0.205878125,0.013257575757575758,1056
2021-11-04 16:00:00,0.251198137254902,0.08235294117647059,1020
2021-11-04 17:00:00,0.19451177777777778,0.034444444444444444,900
2021-11-04 18:00:00,0.18255120428189117,0.01784121320249777,1121
2021-11-04 19:00:00,0.1630606896551724,-0.052873563218390804,870
2021-11-04 20:00:00,0.20465238636363636,-0.015909090909090907,880
2021-11-04 21:00:00,0.19874164524421595,0.03984575835475578,778
2021-11-04 22:00:00,0.22204094292803972,0.05459057071960298,806
2021-11-04 23:00:00,0.19050846394984325,0.0109717868338558,638
2021-11-05 00:00:00,0.1780186119873817,0.02365930599369085,634
2021-11-05 01:00:00,0.17307120253164557,-0.012658227848101266,632
2021-11-05 02:00:00,0.2122416798732171,0.05229793977812995,631
2021-11-05 03:00:00,0.16404051896207586,-0.027944111776447105,501
2021-11-05 04:00:00,0.183308984375,0.0234375,512
2021-11-05 05:00:00,0.2186211350293542,0.11154598825831702,511
2021-11-05 06:00:00,0.18528303886925795,0.08833922261484099,566
2021-11-05 07:00:00,0.22129756888168559,0.027552674230145867,617
2021-11-05 08:00:00,0.23693093525179856,0.08992805755395683,556
2021-11-05 09:00:00,0.2114742635658915,0.06046511627906977,645
2021-11-05 10:00:00,0.2637574712643678,0.08045977011494253,696
2021-11-05 11:00:00,0.22491670761670762,0.05405405405405406,814
2021-11-05 12:00:00,0.1884843945068664,0.019975031210986267,801
2021-11-05 13:00:00,0.21124580573951435,0.039735099337748346,906
2021-11-05 14:00:00,0.20958622087132728,-0.0070921985815602835,987
2021-11-05 15:00:00,0.19525085388994307,0.011385199240986717,1054
2021-11-05 16:00:00,0.21362915851272016,0.0273972602739726,1022
2021-11-05 17:00:00,0.2098300578034682,0.026589595375722544,865
2021-11-05 18:00:00,0.16973587866108789,0.008368200836820083,956
2021-11-05 19:00:00,0.19040283400809718,0.009446693657219974,741
2021-11-05 20:00:00,0.2058262678803641,0.01950585175552666,769
2021-11-05 21:00:00,0.20341008676789588,0.010845986984815618,922
2021-11-05 22:00:00,0.2006982778415614,-0.004592422502870264,871
2021-11-05 23:00:00,0.2249935261707989,0.04132231404958678,726
2021-11-06 00:00:00,0.2276495818399044,0.038231780167264036,837
2021-11-06 01:00:00,0.2014616551724138,0.002758620689655172,725
2021-11-06 02:00:00,0.19316551181102362,0.01732283464566929,635
2021-11-06 03:00:00,0.19887115987460816,0.006269592476489028,638
2021-11-06 04:00:00,0.23170617469879518,0.01355421686746988,664
2021-11-06 05:00:00,0.24693632,0.0288,625
2021-11-06 06:00:00,0.2084890076335878,0.024427480916030534,655
2021-11-06 07:00:00,0.1838137049941928,-0.015098722415795587,861
2021-11-06 08:00:00,0.23627864768683277,-0.06998813760379596,843
2021-11-06 09:00:00,0.22093194244604317,-0.004316546762589928,695
2021-11-06 10:00:00,0.19645270805812418,-0.021136063408190225,757
2021-11-06 11:00:00,0.23010779101741521,0.04674610449129239,1091
2021-11-06 12:00:00,0.25690460176991153,0.12831858407079647,1130
2021-11-06 13:00:00,0.3409240637450199,0.1888446215139442,1255
2021-11-06 14:00:00,0.3232464,0.1448888888888889,1125
2021-11-06 15:00:00,0.3012422049956934,0.09819121447028424,1161
2021-11-06 16:00:00,0.24733870665417054,0.04498594189315839,1067
2021-11-06 17:00:00,0.2567275897435898,0.07076923076923076,975
2021-11-06 18:00:00,0.23302131931166348,0.06309751434034416,1046
2021-11-06 19:00:00,0.25230341463414635,0.04780487804878049,1025
2021-11-06 20:00:00,0.19495281385281385,0.010822510822510822,924
2021-11-06 21:00:00,0.23561609322974472,0.04772475027746948,901
2021-11-06 22:00:00,0.1745383971291866,-0.045454545454545456,836
2021-11-06 23:00:00,0.2235918918918919,-0.034139402560455195,703
2021-11-07 00:00:00,0.0,0.0,0
2021-11-07 01:00:00,0.0,0.0,0
2021-11-07 02:00:00,0.0,0.0,0
2021-11-07 03:00:00,0.0,0.0,0
2021-11-07 04:00:00,0.0,0.0,0
2021-11-07 05:00:00,0.0,0.0,0
2021-11-07 06:00:00,0.0,0.0,0
2021-11-07 07:00:00,0.0,0.0,0
2021-11-07 08:00:00,0.0,0.0,0
2021-11-07 09:00:00,0.0,0.0,0
2021-11-07 10:00:00,0.0,0.0,0
2021-11-07 11:00:00,0.0,0.0,0
2021-11-07 12:00:00,0.0,0.0,0
2021-11-07 13:00:00,0.0,0.0,0
2021-11-07 14:00:00,0.0,0.0,0
2021-11-07 15:00:00,0.0,0.0,0
2021-11-07 16:00:00,0.0,0.0,0
2021-11-07 17:00:00,0.0,0.0,0
2021-11-07 18:00:00,0.0,0.0,0
2021-11-07 19:00:00,0.0,0.0,0
2021-11-07 20:00:00,0.0,0.0,0
2021-11-07 21:00:00,0.0,0.0,0
2021-11-07 22:00:00,0.0,0.0,0
2021-11-07 23:00:00,0.0,0.0,0
2021-11-08 00:00:00,0.0,0.0,0
2021-11-08 01:00:00,0.0,0.0,0
2021-11-08 02:00:00,0.0,0.0,0
2021-11-08 03:00:00,0.0,0.0,0
2021-11-08 04:00:00,0.0,0.0,0
2021-11-08 05:00:00,0.0,0.0,0
2021-11-08 06:00:00,0.0,0.0,0
2021-11-08 07:00:00,0.0,0.0,0
2021-11-08 08:00:00,0.0,0.0,0
2021-11-08 09:00:00,0.0,0.0,0
2021-11-08 10:00:00,0.0,0.0,0
2021-11-08 11:00:00,0.0,0.0,0
2021-11-08 12:00:00,0.0,0.0,0
2021-11-08 13:00:00,0.0,0.0,0
2021-11-08 14:00:00,0.0,0.0,0
2021-11-08 15:00:00,0.0,0.0,0
2021-11-08 16:00:00,0.0,0.0,0
2021-11-08 17:00:00,0.0,0.0,0
2021-11-08 18:00:00,0.0,0.0,0
2021-11-08 19:00:00,0.0,0.0,0
2021-11-08 20:00:00,0.0,0.0,0
2021-11-08 21:00:00,0.0,0.0,0
2021-11-08 22:00:00,0.0,0.0,0
2021-11-08 23:00:00,0.0,0.0,0
2021-11-09 00:00:00,0.0,0.0,0
2021-11-09 01:00:00,0.0,0.0,0
2021-11-09 02:00:00,0.0,0.0,0
2021-11-09 03:00:00,0.0,0.0,0
2021-11-09 04:00:00,0.0,0.0,0
2021-11-09 05:00:00,0.0,0.0,0
2021-11-09 06:00:00,0.0,0.0,0
2021-11-09 07:00:00,0.0,0.0,0
2021-11-09 08:00:00,0.0,0.0,0
2021-11-09 09:00:00,0.0,0.0,0
2021-11-09 10:00:00,0.0,0.0,0
2021-11-09 11:00:00,0.0,0.0,0
2021-11-09 12:00:00,0.0,0.0,0
2021-11-09 13:00:00,0.0,0.0,0
2021-11-09 14:00:00,0.0,0.0,0
2021-11-09 15:00:00,0.0,0.0,0
2021-11-09 16:00:00,0.0,0.0,0
2021-11-09 17:00:00,0.0,0.0,0
2021-11-09 18:00:00,0.0,0.0,0
2021-11-09 19:00:00,0.0,0.0,0
2021-11-09 20:00:00,0.0,0.0,0
2021-11-09 21:00:00,0.0,0.0,0
2021-11-09 22:00:00,0.0,0.0,0
2021-11-09 23:00:00,0.0,0.0,0
2021-11-10 00:00:00,0.0,0.0,0
2021-11-10 01:00:00,0.0,0.0,0
2021-11-10 02:00:00,0.0,0.0,0
2021-11-10 03:00:00,0.0,0.0,0
2021-11-10 04:00:00,0.0,0.0,0
2021-11-10 05:00:00,0.0,0.0,0
2021-11-10 06:00:00,0.0,0.0,0
2021-11-10 07:00:00,0.0,0.0,0
2021-11-10 08:00:00,0.0,0.0,0
2021-11-10 09:00:00,0.0,0.0,0
2021-11-10 10:00:00,0.0,0.0,0
2021-11-10 11:00:00,0.0,0.0,0
2021-11-10 12:00:00,0.0,0.0,0
2021-11-10 13:00:00,0.0,0.0,0
2021-11-10 14:00:00,0.0,0.0,0
2021-11-10 15:00:00,0.0,0.0,0
2021-11-10 16:00:00,0.0,0.0,0
2021-11-10 17:00:00,0.0,0.0,0
2021-11-10 18:00:00,0.0,0.0,0
2021-11-10 19:00:00,0.0,0.0,0
2021-11-10 20:00:00,0.0,0.0,0
2021-11-10 21:00:00,0.0,0.0,0
2021-11-10 22:00:00,0.0,0.0,0
2021-11-10 23:00:00,0.0,0.0,0
2021-11-11 00:00:00,0.0,0.0,0
2021-11-11 01:00:00,0.0,0.0,0
2021-11-11 02:00:00,0.0,0.0,0
2021-11-11 03:00:00,0.0,0.0,0
2021-11-11 04:00:00,0.0,0.0,0
2021-11-11 05:00:00,0.0,0.0,0
2021-11-11 06:00:00,0.0,0.0,0
2021-11-11 07:00:00,0.0,0.0,0
2021-11-11 08:00:00,0.0,0.0,0
2021-11-11 09:00:00,0.0,0.0,0
2021-11-11 10:00:00,0.0,0.0,0
2021-11-11 11:00:00,0.1869790055248619,0.03314917127071823,362
2021-11-11 12:00:00,0.21539291666666666,0.008333333333333333,960
2021-11-11 13:00:00,0.1957012684989429,0.040169133192389,946
2021-11-11 14:00:00,0.20375216972034715,0.02700096432015429,1037
2021-11-11 15:00:00,0.21789147670961348,0.05946481665014866,1009
2021-11-11 16:00:00,0.24544598737601442,0.12894499549143373,1109
2021-11-11 17:00:00,0.23525627996164908,0.14381591562799617,1043
2021-11-11 18:00:00,0.25109919928825625,0.17615658362989323,1124
2021-11-11 19:00:00,0.21798801369863016,0.06506849315068493,876
2021-11-11 20:00:00,0.206434872417983,0.07411907654921021,823
2021-11-11 21:00:00,0.2013772727272727,0.06704545454545455,880
2021-11-11 22:00:00,0.1474,0.008333333333333333,720
2021-11-11 23:00:00,0.14346308186195827,0.0016051364365971107,623
2021-11-12 00:00:00,0.15796134185303512,-0.054313099041533544,626
2021-11-12 01:00:00,0.14115267558528427,-0.020066889632107024,598
2021-11-12 02:00:00,0.18561525974025975,-0.016233766233766232,616
2021-11-12 03:00:00,0.21457816455696205,0.07911392405063292,632
2021-11-12 04:00:00,0.17374252539912918,0.04934687953555878,689
2021-11-12 05:00:00,0.22616824196597354,0.04725897920604915,529
2021-11-12 06:00:00,0.1888245871559633,0.062385321100917435,545
2021-11-12 07:00:00,0.21212455284552847,0.04552845528455285,615
2021-11-12 08:00:00,0.1866343074968234,0.026683608640406607,787
2021-11-12 09:00:00,0.18168955431754877,0.03064066852367688,718
2021-11-12 10:00:00,0.1411506038647343,0.024154589371980676,828
2021-11-12 11:00:00,0.1798275217932752,0.033623910336239106,803
2021-11-12 12:00:00,0.17379772727272727,0.026136363636363635,880
2021-11-12 13:00:00,0.24635353053435113,0.09446564885496184,1048
2021-11-12 14:00:00,0.2198536271808999,0.09641873278236915,1089
2021-11-12 15:00:00,0.2534965266558966,0.10420032310177706,1238
2021-11-12 16:00:00,0.23485870445344129,0.10931174089068826,1729
2021-11-12 17:00:00,0.20971790953545233,0.030562347188264057,1636
2021-11-12 18:00:00,0.16090007163323783,-0.01002865329512894,1396
2021-11-12 19:00:00,0.20409990234375,0.0263671875,1024
2021-11-12 20:00:00,0.17226388400702988,-0.004393673110720563,1138
2021-11-12 21:00:00,0.17779079535299375,0.006255585344057194,1119
2021-11-12 22:00:00,0.1952754716981132,-0.0019860973187686196,1007
2021-11-12 23:00:00,0.23306733466933868,0.01903807615230461,998
2021-11-13 00:00:00,0.0,0.0,0
2021-11-13 01:00:00,0.0,0.0,0
2021-11-13 02:00:00,0.0,0.0,0
2021-11-13 03:00:00,0.0,0.0,0
2021-11-13 04:00:00,0.0,0.0,0
2021-11-13 05:00:00,0.0,0.0,0
2021-11-13 06:00:00,0.0,0.0,0
2021-11-13 07:00:00,0.0,0.0,0
2021-11-13 08:00:00,0.0,0.0,0
2021-11-13 09:00:00,0.0,0.0,0
2021-11-13 10:00:00,0.0,0.0,0
2021-11-13 11:00:00,0.0,0.0,0
2021-11-13 12:00:00,0.0,0.0,0
2021-11-13 13:00:00,0.0,0.0,0
2021-11-13 14:00:00,0.0,0.0,0
2021-11-13 15:00:00,0.0,0.0,0
2021-11-13 16:00:00,0.0,0.0,0
2021-11-13 17:00:00,0.0,0.0,0
2021-11-13 18:00:00,0.0,0.0,0
2021-11-13 19:00:00,0.0,0.0,0
2021-11-13 20:00:00,0.0,0.0,0
2021-11-13 21:00:00,0.0,0.0,0
2021-11-13 22:00:00,0.0,0.0,0
2021-11-13 23:00:00,0.0,0.0,0
2021-11-14 00:00:00,0.0,0.0,0
2021-11-14 01:00:00,0.0,0.0,0
2021-11-14 02:00:00,0.0,0.0,0
2021-11-14 03:00:00,0.0,0.0,0
2021-11-14 04:00:00,0.0,0.0,0
2021-11-14 05:00:00,0.0,0.0,0
2021-11-14 06:00:00,0.0,0.0,0
2021-11-14 07:00:00,0.0,0.0,0
2021-11-14 08:00:00,0.0,0.0,0
2021-11-14 09:00:00,0.0,0.0,0
2021-11-14 10:00:00,0.0,0.0,0
2021-11-14 11:00:00,0.0,0.0,0
2021-11-14 12:00:00,0.0,0.0,0
2021-11-14 13:00:00,0.0,0.0,0
2021-11-14 14:00:00,0.0,0.0,0
2021-11-14 15:00:00,0.0,0.0,0
2021-11-14 16:00:00,0.0,0.0,0
2021-11-14 17:00:00,0.0,0.0,0
2021-11-14 18:00:00,0.0,0.0,0
2021-11-14 19:00:00,0.0,0.0,0
2021-11-14 20:00:00,0.0,0.0,0
2021-11-14 21:00:00,0.0,0.0,0
2021-11-14 22:00:00,0.0,0.0,0
2021-11-14 23:00:00,0.0,0.0,0
2021-11-15 00:00:00,0.0,0.0,0
2021-11-15 01:00:00,0.0,0.0,0
2021-11-15 02:00:00,0.0,0.0,0
2021-11-15 03:00:00,0.0,0.0,0
2021-11-15 04:00:00,0.0,0.0,0
2021-11-15 05:00:00,0.0,0.0,0
2021-11-15 06:00:00,0.0,0.0,0
2021-11-15 07:00:00,0.0,0.0,0
2021-11-15 08:00:00,0.0,0.0,0
2021-11-15 09:00:00,0.0,0.0,0
2021-11-15 10:00:00,0.0,0.0,0
2021-11-15 11:00:00,0.0,0.0,0
2021-11-15 12:00:00,0.0,0.0,0
2021-11-15 13:00:00,0.0,0.0,0
2021-11-15 14:00:00,0.0,0.0,0
2021-11-15 15:00:00,0.0,0.0,0
2021-11-15 16:00:00,0.0,0.0,0
2021-11-15 17:00:00,0.0,0.0,0
2021-11-15 18:00:00,0.0,0.0,0
2021-11-15 19:00:00,0.0,0.0,0
2021-11-15 20:00:00,0.0,0.0,0
2021-11-15 21:00:00,0.0,0.0,0
2021-11-15 22:00:00,0.0,0.0,0
2021-11-15 23:00:00,0.0,0.0,0
2021-11-16 00:00:00,0.0,0.0,0
2021-11-16 01:00:00,0.0,0.0,0
2021-11-16 02:00:00,0.0,0.0,0
2021-11-16 03:00:00,0.0,0.0,0
2021-11-16 04:00:00,0.0,0.0,0
2021-11-16 05:00:00,0.0,0.0,0
2021-11-16 06:00:00,0.0,0.0,0
2021-11-16 07:00:00,0.0,0.0,0
2021-11-16 08:00:00,0.0,0.0,0
2021-11-16 09:00:00,0.0,0.0,0
2021-11-16 10:00:00,0.0,0.0,0
2021-11-16 11:00:00,0.0,0.0,0
2021-11-16 12:00:00,0.0,0.0,0
2021-11-16 13:00:00,0.0,0.0,0
2021-11-16 14:00:00,0.0,0.0,0
2021-11-16 15:00:00,0.0,0.0,0
2021-11-16 16:00:00,0.0,0.0,0
2021-11-16 17:00:00,0.0,0.0,0
2021-11-16 18:00:00,0.0,0.0,0
2021-11-16 19:00:00,0.0,0.0,0
2021-11-16 20:00:00,0.0,0.0,0
2021-11-16 21:00:00,0.0,0.0,0
2021-11-16 22:00:00,0.0,0.0,0
2021-11-16 23:00:00,0.0,0.0,0
2021-11-17 00:00:00,0.0,0.0,0
2021-11-17 01:00:00,0.0,0.0,0
2021-11-17 02:00:00,0.0,0.0,0
2021-11-17 03:00:00,0.0,0.0,0
2021-11-17 04:00:00,0.0,0.0,0
2021-11-17 05:00:00,0.0,0.0,0
2021-11-17 06:00:00,0.0,0.0,0
2021-11-17 07:00:00,0.0,0.0,0
2021-11-17 08:00:00,0.0,0.0,0
2021-11-17 09:00:00,0.0,0.0,0
2021-11-17 10:00:00,0.0,0.0,0
2021-11-17 11:00:00,0.0,0.0,0
2021-11-17 12:00:00,0.0,0.0,0
2021-11-17 13:00:00,0.0,0.0,0
2021-11-17 14:00:00,0.0,0.0,0
2021-11-17 15:00:00,0.0,0.0,0
2021-11-17 16:00:00,0.0,0.0,0
2021-11-17 17:00:00,0.0,0.0,0
2021-11-17 18:00:00,0.0,0.0,0
2021-11-17 19:00:00,0.0,0.0,0
2021-11-17 20:00:00,0.0,0.0,0
2021-11-17 21:00:00,0.0,0.0,0
2021-11-17 22:00:00,0.0,0.0,0
2021-11-17 23:00:00,0.0,0.0,0
2021-11-18 00:00:00,0.0,0.0,0
2021-11-18 01:00:00,0.0,0.0,0
2021-11-18 02:00:00,0.0,0.0,0
2021-11-18 03:00:00,0.0,0.0,0
2021-11-18 04:00:00,0.0,0.0,0
2021-11-18 05:00:00,0.0,0.0,0
2021-11-18 06:00:00,0.0,0.0,0
2021-11-18 07:00:00,0.0,0.0,0
2021-11-18 08:00:00,0.1392332075471698,-0.09433962264150944,265
2021-11-18 09:00:00,0.17481763224181357,-0.03526448362720403,397
2021-11-18 10:00:00,0.14867990430622008,-0.06220095693779904,418
2021-11-18 11:00:00,0.19944663341645885,-0.0024937655860349127,401
2021-11-18 12:00:00,0.14468168103448276,-0.015086206896551725,464
2021-11-18 13:00:00,0.19212745454545455,-0.053636363636363635,1100
2021-11-18 14:00:00,0.1981252299605782,-0.08935611038107753,1522
2021-11-18 15:00:00,0.15513694430250383,-0.06591722023505366,1957
2021-11-18 16:00:00,0.1202234541577825,-0.07718550106609808,2345
2021-11-18 17:00:00,0.10088953974895398,-0.08672499049068087,2629
2021-11-18 18:00:00,0.17215706866705136,0.015002885170225043,1733
2021-11-18 19:00:00,0.1547403947368421,-0.024342105263157894,1520
2021-11-18 20:00:00,0.15882925824175825,-0.014423076923076924,1456
2021-11-18 21:00:00,0.14717230298393266,-0.00306044376434583,1307
2021-11-18 22:00:00,0.1410041134751773,-0.03049645390070922,1410
2021-11-18 23:00:00,0.15491047297297297,-0.018243243243243244,1480
2021-11-19 00:00:00,0.15256329378925332,-0.02930914166085136,1433
2021-11-19 01:00:00,0.14817960591133006,-0.03940886699507389,1015
2021-11-19 02:00:00,0.1254478527607362,-0.07285276073619631,1304
2021-11-19 03:00:00,0.13880729411764706,-0.07137254901960784,1275
2021-11-19 04:00:00,0.15187175196850394,-0.047244094488188976,1016
2021-11-19 05:00:00,0.18742257425742573,-0.005940594059405941,1010
2021-11-19 06:00:00,0.1753334745762712,0.028601694915254237,944
2021-11-19 07:00:00,0.13598005893909626,-0.047151277013752456,1018
2021-11-19 08:00:00,0.17984973782771535,0.029213483146067417,1335
2021-11-19 09:00:00,0.14206512059369203,-0.04081632653061224,1078
2021-11-19 10:00:00,0.17388883495145632,-0.01650485436893204,1030
2021-11-19 11:00:00,0.1632912,-0.0017777777777777779,1125
2021-11-19 12:00:00,0.18234796686746987,0.01882530120481928,1328
2021-11-19 13:00:00,0.12842030553787395,-0.07065563335455124,1571
2021-11-19 14:00:00,0.13956710605152786,-0.059316956261234274,1669
2021-11-19 15:00:00,0.14541162196679439,-0.035759897828863345,1566
2021-11-19 16:00:00,0.16603550824175825,-0.01098901098901099,1456
2021-11-19 17:00:00,0.17591977513227514,-0.036375661375661374,1512
2021-11-19 18:00:00,0.0994314401622718,-0.10547667342799188,1479
2021-11-19 19:00:00,0.15737371273712739,-0.05962059620596206,1107
2021-11-19 20:00:00,0.17130599478714162,0.0026064291920069507,1151
2021-11-19 21:00:00,0.15191059044048733,-0.06654170571696345,1067
2021-11-19 22:00:00,0.1665272536687631,-0.0649895178197065,954
2021-11-19 23:00:00,0.1797425889328063,-0.02766798418972332,1012
2021-11-20 00:00:00,0.0,0.0,0
2021-11-20 01:00:00,0.0,0.0,0
2021-11-20 02:00:00,0.0,0.0,0
2021-11-20 03:00:00,0.0,0.0,0
2021-11-20 04:00:00,0.0,0.0,0
2021-11-20 05:00:00,0.0,0.0,0
2021-11-20 06:00:00,0.0,0.0,0
2021-11-20 07:00:00,0.0,0.0,0
2021-11-20 08:00:00,0.0,0.0,0
2021-11-20 09:00:00,0.0,0.0,0
2021-11-20 10:00:00,0.0,0.0,0
2021-11-20 11:00:00,0.0,0.0,0
2021-11-20 12:00:00,0.0,0.0,0
2021-11-20 13:00:00,0.0,0.0,0
2021-11-20 14:00:00,0.0,0.0,0
2021-11-20 15:00:00,0.0,0.0,0
2021-11-20 16:00:00,0.0,0.0,0
2021-11-20 17:00:00,0.0,0.0,0
2021-11-20 18:00:00,0.0,0.0,0
2021-11-20 19:00:00,0.0,0.0,0
2021-11-20 20:00:00,0.0,0.0,0
2021-11-20 21:00:00,0.0,0.0,0
2021-11-20 22:00:00,0.0,0.0,0
2021-11-20 23:00:00,0.0,0.0,0
2021-11-21 00:00:00,0.0,0.0,0
2021-11-21 01:00:00,0.0,0.0,0
2021-11-21 02:00:00,0.0,0.0,0
2021-11-21 03:00:00,0.0,0.0,0
2021-11-21 04:00:00,0.0,0.0,0
2021-11-21 05:00:00,0.0,0.0,0
2021-11-21 06:00:00,0.0,0.0,0
2021-11-21 07:00:00,0.0,0.0,0
2021-11-21 08:00:00,0.0,0.0,0
2021-11-21 09:00:00,0.0,0.0,0
2021-11-21 10:00:00,0.0,0.0,0
2021-11-21 11:00:00,0.0,0.0,0
2021-11-21 12:00:00,0.0,0.0,0
2021-11-21 13:00:00,0.0,0.0,0
2021-11-21 14:00:00,0.0,0.0,0
2021-11-21 15:00:00,0.0,0.0,0
2021-11-21 16:00:00,0.0,0.0,0
2021-11-21 17:00:00,0.0,0.0,0
2021-11-21 18:00:00,0.0,0.0,0
2021-11-21 19:00:00,0.0,0.0,0
2021-11-21 20:00:00,0.0,0.0,0
2021-11-21 21:00:00,0.0,0.0,0
2021-11-21 22:00:00,0.0,0.0,0
2021-11-21 23:00:00,0.0,0.0,0
2021-11-22 00:00:00,0.0,0.0,0
2021-11-22 01:00:00,0.0,0.0,0
2021-11-22 02:00:00,0.0,0.0,0
2021-11-22 03:00:00,0.0,0.0,0
2021-11-22 04:00:00,0.0,0.0,0
2021-11-22 05:00:00,0.0,0.0,0
2021-11-22 06:00:00,0.0,0.0,0
2021-11-22 07:00:00,0.0,0.0,0
2021-11-22 08:00:00,0.0,0.0,0
2021-11-22 09:00:00,0.0,0.0,0
2021-11-22 10:00:00,0.0,0.0,0
2021-11-22 11:00:00,0.0,0.0,0
2021-11-22 12:00:00,0.0,0.0,0
2021-11-22 13:00:00,0.0,0.0,0
2021-11-22 14:00:00,0.0,0.0,0
2021-11-22 15:00:00,0.0,0.0,0
2021-11-22 16:00:00,0.0,0.0,0
2021-11-22 17:00:00,0.0,0.0,0
2021-11-22 18:00:00,0.0,0.0,0
2021-11-22 19:00:00,0.0,0.0,0
2021-11-22 20:00:00,0.0,0.0,0
2021-11-22 21:00:00,0.0,0.0,0
2021-11-22 22:00:00,0.0,0.0,0
2021-11-22 23:00:00,0.0,0.0,0
2021-11-23 00:00:00,0.0,0.0,0
2021-11-23 01:00:00,0.0,0.0,0
2021-11-23 02:00:00,0.0,0.0,0
2021-11-23 03:00:00,0.0,0.0,0
2021-11-23 04:00:00,0.0,0.0,0
2021-11-23 05:00:00,0.0,0.0,0
2021-11-23 06:00:00,0.0,0.0,0
2021-11-23 07:00:00,0.0,0.0,0
2021-11-23 08:00:00,0.0,0.0,0
2021-11-23 09:00:00,0.0,0.0,0
2021-11-23 10:00:00,0.0,0.0,0
2021-11-23 11:00:00,0.0,0.0,0
2021-11-23 12:00:00,0.0,0.0,0
2021-11-23 13:00:00,0.0,0.0,0
2021-11-23 14:00:00,0.0,0.0,0
2021-11-23 15:00:00,0.0,0.0,0
2021-11-23 16:00:00,0.0,0.0,0
2021-11-23 17:00:00,0.0,0.0,0
2021-11-23 18:00:00,0.0,0.0,0
2021-11-23 19:00:00,0.0,0.0,0
2021-11-23 20:00:00,0.0,0.0,0
2021-11-23 21:00:00,0.0,0.0,0
2021-11-23 22:00:00,0.0,0.0,0
2021-11-23 23:00:00,0.0,0.0,0
2021-11-24 00:00:00,0.0,0.0,0
2021-11-24 01:00:00,0.0,0.0,0
2021-11-24 02:00:00,0.0,0.0,0
2021-11-24 03:00:00,0.0,0.0,0
2021-11-24 04:00:00,0.0,0.0,0
2021-11-24 05:00:00,0.0,0.0,0
2021-11-24 06:00:00,0.0,0.0,0
2021-11-24 07:00:00,0.0,0.0,0
2021-11-24 08:00:00,0.0,0.0,0
2021-11-24 09:00:00,0.0,0.0,0
2021-11-24 10:00:00,0.0,0.0,0
2021-11-24 11:00:00,0.0,0.0,0
2021-11-24 12:00:00,0.0,0.0,0
2021-11-24 13:00:00,0.0,0.0,0
2021-11-24 14:00:00,0.0,0.0,0
2021-11-24 15:00:00,0.0,0.0,0
2021-11-24 16:00:00,0.0,0.0,0
2021-11-24 17:00:00,0.0,0.0,0
2021-11-24 18:00:00,0.0,0.0,0
2021-11-24 19:00:00,0.2196519461077844,0.10479041916167664,668
2021-11-24 20:00:00,0.19365491606714627,-0.002398081534772182,834
2021-11-24 21:00:00,0.18211436781609194,-0.021551724137931036,696
2021-11-24 22:00:00,0.1393445828144458,-0.007471980074719801,803
2021-11-24 23:00:00,0.15380140405616227,0.028081123244929798,641
2021-11-25 00:00:00,0.18091259370314844,0.038980509745127435,667
2021-11-25 01:00:00,0.15772801161103048,0.04354136429608128,689
2021-11-25 02:00:00,0.1970883495145631,-0.022653721682847898,618
2021-11-25 03:00:00,0.2340730449251248,0.09151414309484193,601
2021-11-25 04:00:00,0.19471740740740742,0.037037037037037035,540
2021-11-25 05:00:00,0.18909578313253014,-0.04819277108433735,498
2021-11-25 06:00:00,0.16923414141414142,0.03232323232323232,495
2021-11-25 07:00:00,0.21319681908548707,0.09542743538767395,503
2021-11-25 08:00:00,0.2131768451519537,0.027496382054992764,691
2021-11-25 09:00:00,0.22380212765957447,0.040780141843971635,564
2021-11-25 10:00:00,0.22280774550484095,0.015214384508990318,723
2021-11-25 11:00:00,0.17228909952606636,-0.001579778830963665,633
2021-11-25 12:00:00,0.24647153652392947,0.10075566750629723,794
2021-11-25 13:00:00,0.270232502596054,0.1142263759086189,963
2021-11-25 14:00:00,0.27945584137191853,0.15112540192926044,933
2021-11-25 15:00:00,0.2745075772681954,0.1036889332003988,1003
2021-11-25 16:00:00,0.2550662559241706,0.10710900473933649,1055
2021-11-25 17:00:00,0.25499106957424716,0.12357217030114226,963
2021-11-25 18:00:00,0.2248710843373494,0.05585980284775466,913
2021-11-25 19:00:00,0.2579720711297071,0.09518828451882845,956
2021-11-25 20:00:00,0.22491489795918365,0.036734693877551024,980
2021-11-25 21:00:00,0.2450476868327402,0.066429418742586,843
2021-11-25 22:00:00,0.17853352803738318,0.002336448598130841,856
2021-11-25 23:00:00,0.20195831234256925,0.03400503778337532,794
2021-11-26 00:00:00,0.2184129175946548,0.06347438752783964,898
2021-11-26 01:00:00,0.21124662840746056,0.040172166427546625,697
2021-11-26 02:00:00,0.21111761786600497,0.04466501240694789,806
2021-11-26 03:00:00,0.19348987341772153,0.0,790
2021-11-26 04:00:00,0.22862025806451614,0.03612903225806452,775
2021-11-26 05:00:00,0.20496206467661693,0.03855721393034826,804
2021-11-26 06:00:00,0.2045169230769231,-0.0013986013986013986,715
2021-11-26 07:00:00,0.1476988988988989,-0.03003003003003003,999
2021-11-26 08:00:00,0.11739978969505784,-0.07886435331230283,1902
2021-11-26 09:00:00,0.10068569838619922,-0.09905397885364496,1797
2021-11-26 10:00:00,0.12674910828025476,-0.07452229299363057,1570
2021-11-26 11:00:00,0.16750875576036867,-0.010944700460829493,1736
2021-11-26 12:00:00,0.17849896324222433,-0.003298774740810556,2122
2021-11-26 13:00:00,0.1287916620033576,-0.06491326245103525,1787
2021-11-26 14:00:00,0.16444184195565661,0.012507106310403639,1759
2021-11-26 15:00:00,0.17137849920170303,-0.014901543374135177,1879
2021-11-26 16:00:00,0.13197212728344138,-0.04124926340601061,1697
2021-11-26 17:00:00,0.15049967595593,-0.057031756318859365,1543
2021-11-26 18:00:00,0.13036481084939328,-0.11491791577444682,1401
2021-11-26 19:00:00,0.19627847682119204,0.031788079470198675,1510
2021-11-26 20:00:00,0.21375519169329077,0.04712460063897764,1252
2021-11-26 21:00:00,0.20770025231286796,0.020185029436501262,1189
2021-11-26 22:00:00,0.18951350601295097,0.005550416281221091,1081
2021-11-26 23:00:00,0.18558295454545456,-0.04108391608391608,1144
2021-11-27 00:00:00,0.0,0.0,0
2021-11-27 01:00:00,0.0,0.0,0
2021-11-27 02:00:00,0.0,0.0,0
2021-11-27 03:00:00,0.0,0.0,0
2021-11-27 04:00:00,0.0,0.0,0
2021-11-27 05:00:00,0.0,0.0,0
2021-11-27 06:00:00,0.0,0.0,0
2021-11-27 07:00:00,0.0,0.0,0
2021-11-27 08:00:00,0.0,0.0,0
2021-11-27 09:00:00,0.0,0.0,0
2021-11-27 10:00:00,0.0,0.0,0
2021-11-27 11:00:00,0.0,0.0,0
2021-11-27 12:00:00,0.0,0.0,0
2021-11-27 13:00:00,0.0,0.0,0
2021-11-27 14:00:00,0.0,0.0,0
2021-11-27 15:00:00,0.0,0.0,0
2021-11-27 16:00:00,0.0,0.0,0
2021-11-27 17:00:00,0.0,0.0,0
2021-11-27 18:00:00,0.0,0.0,0
2021-11-27 19:00:00,0.0,0.0,0
2021-11-27 20:00:00,0.0,0.0,0
2021-11-27 21:00:00,0.0,0.0,0
2021-11-27 22:00:00,0.0,0.0,0
2021-11-27 23:00:00,0.0,0.0,0
2021-11-28 00:00:00,0.0,0.0,0
2021-11-28 01:00:00,0.0,0.0,0
2021-11-28 02:00:00,0.0,0.0,0
2021-11-28 03:00:00,0.0,0.0,0
2021-11-28 04:00:00,0.0,0.0,0
2021-11-28 05:00:00,0.0,0.0,0
2021-11-28 06:00:00,0.0,0.0,0
2021-11-28 07:00:00,0.0,0.0,0
2021-11-28 08:00:00,0.0,0.0,0
2021-11-28 09:00:00,0.0,0.0,0
2021-11-28 10:00:00,0.0,0.0,0
2021-11-28 11:00:00,0.0,0.0,0
2021-11-28 12:00:00,0.0,0.0,0
2021-11-28 13:00:00,0.0,0.0,0
2021-11-28 14:00:00,0.0,0.0,0
2021-11-28 15:00:00,0.0,0.0,0
2021-11-28 16:00:00,0.0,0.0,0
2021-11-28 17:00:00,0.0,0.0,0
2021-11-28 18:00:00,0.0,0.0,0
2021-11-28 19:00:00,0.0,0.0,0
2021-11-28 20:00:00,0.0,0.0,0
2021-11-28 21:00:00,0.0,0.0,0
2021-11-28 22:00:00,0.0,0.0,0
2021-11-28 23:00:00,0.0,0.0,0
2021-11-29 00:00:00,0.0,0.0,0
2021-11-29 01:00:00,0.0,0.0,0
2021-11-29 02:00:00,0.0,0.0,0
2021-11-29 03:00:00,0.0,0.0,0
2021-11-29 04:00:00,0.0,0.0,0
2021-11-29 05:00:00,0.0,0.0,0
2021-11-29 06:00:00,0.0,0.0,0
2021-11-29 07:00:00,0.0,0.0,0
2021-11-29 08:00:00,0.0,0.0,0
2021-11-29 09:00:00,0.0,0.0,0
2021-11-29 10:00:00,0.0,0.0,0
2021-11-29 11:00:00,0.0,0.0,0
2021-11-29 12:00:00,0.0,0.0,0
2021-11-29 13:00:00,0.0,0.0,0
2021-11-29 14:00:00,0.0,0.0,0
2021-11-29 15:00:00,0.0,0.0,0
2021-11-29 16:00:00,0.0,0.0,0
2021-11-29 17:00:00,0.0,0.0,0
2021-11-29 18:00:00,0.0,0.0,0
2021-11-29 19:00:00,0.0,0.0,0
2021-11-29 20:00:00,0.0,0.0,0
2021-11-29 21:00:00,0.0,0.0,0
2021-11-29 22:00:00,0.0,0.0,0
2021-11-29 23:00:00,0.0,0.0,0
2021-11-30 00:00:00,0.0,0.0,0
2021-11-30 01:00:00,0.0,0.0,0
2021-11-30 02:00:00,0.0,0.0,0
2021-11-30 03:00:00,0.0,0.0,0
2021-11-30 04:00:00,0.0,0.0,0
2021-11-30 05:00:00,0.0,0.0,0
2021-11-30 06:00:00,0.0,0.0,0
2021-11-30 07:00:00,0.0,0.0,0
2021-11-30 08:00:00,0.0,0.0,0
2021-11-30 09:00:00,0.0,0.0,0
2021-11-30 10:00:00,0.0,0.0,0
2021-11-30 11:00:00,0.0,0.0,0
2021-11-30 12:00:00,0.0,0.0,0
2021-11-30 13:00:00,0.0,0.0,0
2021-11-30 14:00:00,0.0,0.0,0
2021-11-30 15:00:00,0.0,0.0,0
2021-11-30 16:00:00,0.0,0.0,0
2021-11-30 17:00:00,0.0,0.0,0
2021-11-30 18:00:00,0.0,0.0,0
2021-11-30 19:00:00,0.0,0.0,0
2021-11-30 20:00:00,0.0,0.0,0
2021-11-30 21:00:00,0.0,0.0,0
2021-11-30 22:00:00,0.0,0.0,0
2021-11-30 23:00:00,0.0,0.0,0
2021-12-01 00:00:00,0.0,0.0,0
2021-12-01 01:00:00,0.0,0.0,0
2021-12-01 02:00:00,0.0,0.0,0
2021-12-01 03:00:00,0.0,0.0,0
2021-12-01 04:00:00,0.0,0.0,0
2021-12-01 05:00:00,0.0,0.0,0
2021-12-01 06:00:00,0.0,0.0,0
2021-12-01 07:00:00,0.0,0.0,0
2021-12-01 08:00:00,0.0,0.0,0
2021-12-01 09:00:00,0.0,0.0,0
2021-12-01 10:00:00,0.0,0.0,0
2021-12-01 11:00:00,0.0,0.0,0
2021-12-01 12:00:00,0.0,0.0,0
2021-12-01 13:00:00,0.0,0.0,0
2021-12-01 14:00:00,0.0,0.0,0
2021-12-01 15:00:00,0.0,0.0,0
2021-12-01 16:00:00,0.0,0.0,0
2021-12-01 17:00:00,0.0,0.0,0
2021-12-01 18:00:00,0.0,0.0,0
2021-12-01 19:00:00,0.0,0.0,0
2021-12-01 20:00:00,0.0,0.0,0
2021-12-01 21:00:00,0.0,0.0,0
2021-12-01 22:00:00,0.0,0.0,0
2021-12-01 23:00:00,0.0,0.0,0
2021-12-02 00:00:00,0.0,0.0,0
2021-12-02 01:00:00,0.0,0.0,0
2021-12-02 02:00:00,0.0,0.0,0
2021-12-02 03:00:00,0.0,0.0,0
2021-12-02 04:00:00,0.0,0.0,0
2021-12-02 05:00:00,0.0,0.0,0
2021-12-02 06:00:00,0.0,0.0,0
2021-12-02 07:00:00,0.0,0.0,0
2021-12-02 08:00:00,0.0,0.0,0
2021-12-02 09:00:00,0.0,0.0,0
2021-12-02 10:00:00,0.0,0.0,0
2021-12-02 11:00:00,0.0,0.0,0
2021-12-02 12:00:00,0.0,0.0,0
2021-12-02 13:00:00,0.0,0.0,0
2021-12-02 14:00:00,0.0,0.0,0
2021-12-02 15:00:00,0.0,0.0,0
2021-12-02 16:00:00,0.0,0.0,0
2021-12-02 17:00:00,0.0,0.0,0
2021-12-02 18:00:00,0.0,0.0,0
2021-12-02 19:00:00,0.0,0.0,0
2021-12-02 20:00:00,0.0,0.0,0
2021-12-02 21:00:00,0.0,0.0,0
2021-12-02 22:00:00,0.0,0.0,0
2021-12-02 23:00:00,0.0,0.0,0
2021-12-03 00:00:00,0.0,0.0,0
2021-12-03 01:00:00,0.0,0.0,0
2021-12-03 02:00:00,0.0,0.0,0
2021-12-03 03:00:00,0.0,0.0,0
2021-12-03 04:00:00,0.0,0.0,0
2021-12-03 05:00:00,0.0,0.0,0
2021-12-03 06:00:00,0.0,0.0,0
2021-12-03 07:00:00,0.0,0.0,0
2021-12-03 08:00:00,0.0,0.0,0
2021-12-03 09:00:00,0.0,0.0,0
2021-12-03 10:00:00,0.0,0.0,0
2021-12-03 11:00:00,0.0,0.0,0
2021-12-03 12:00:00,0.0,0.0,0
2021-12-03 13:00:00,0.0,0.0,0
2021-12-03 14:00:00,0.0,0.0,0
2021-12-03 15:00:00,0.0,0.0,0
2021-12-03 16:00:00,0.0,0.0,0
2021-12-03 17:00:00,0.0,0.0,0
2021-12-03 18:00:00,0.0,0.0,0
2021-12-03 19:00:00,0.0,0.0,0
2021-12-03 20:00:00,0.0,0.0,0
2021-12-03 21:00:00,0.0,0.0,0
2021-12-03 22:00:00,0.0,0.0,0
2021-12-03 23:00:00,0.0,0.0,0
2021-12-04 00:00:00,0.0,0.0,0
2021-12-04 01:00:00,0.0,0.0,0
2021-12-04 02:00:00,0.0,0.0,0
2021-12-04 03:00:00,0.0,0.0,0
2021-12-04 04:00:00,0.0,0.0,0
2021-12-04 05:00:00,0.0,0.0,0
2021-12-04 06:00:00,0.0,0.0,0
2021-12-04 07:00:00,0.0,0.0,0
2021-12-04 08:00:00,0.0,0.0,0
2021-12-04 09:00:00,0.0,0.0,0
2021-12-04 10:00:00,0.0,0.0,0
2021-12-04 11:00:00,0.0,0.0,0
2021-12-04 12:00:00,0.0,0.0,0
2021-12-04 13:00:00,0.0,0.0,0
2021-12-04 14:00:00,0.0,0.0,0
2021-12-04 15:00:00,0.0,0.0,0
2021-12-04 16:00:00,0.0,0.0,0
2021-12-04 17:00:00,0.0,0.0,0
2021-12-04 18:00:00,0.0,0.0,0
2021-12-04 19:00:00,0.0,0.0,0
2021-12-04 20:00:00,0.0,0.0,0
2021-12-04 21:00:00,0.0,0.0,0
2021-12-04 22:00:00,0.0,0.0,0
2021-12-04 23:00:00,0.0,0.0,0
2021-12-05 00:00:00,0.0,0.0,0
2021-12-05 01:00:00,0.0,0.0,0
2021-12-05 02:00:00,0.0,0.0,0
2021-12-05 03:00:00,0.0,0.0,0
2021-12-05 04:00:00,0.0,0.0,0
2021-12-05 05:00:00,0.0,0.0,0
2021-12-05 06:00:00,0.0,0.0,0
2021-12-05 07:00:00,0.0,0.0,0
2021-12-05 08:00:00,0.0,0.0,0
2021-12-05 09:00:00,0.0,0.0,0
2021-12-05 10:00:00,0.0,0.0,0
2021-12-05 11:00:00,0.0,0.0,0
2021-12-05 12:00:00,0.0,0.0,0
2021-12-05 13:00:00,0.0,0.0,0
2021-12-05 14:00:00,0.0,0.0,0
2021-12-05 15:00:00,0.0,0.0,0
2021-12-05 16:00:00,0.0,0.0,0
2021-12-05 17:00:00,0.0,0.0,0
2021-12-05 18:00:00,0.0,0.0,0
2021-12-05 19:00:00,0.0,0.0,0
2021-12-05 20:00:00,0.0,0.0,0
2021-12-05 21:00:00,0.0,0.0,0
2021-12-05 22:00:00,0.0,0.0,0
2021-12-05 23:00:00,0.0,0.0,0
2021-12-06 00:00:00,0.0,0.0,0
2021-12-06 01:00:00,0.0,0.0,0
2021-12-06 02:00:00,0.0,0.0,0
2021-12-06 03:00:00,0.0,0.0,0
2021-12-06 04:00:00,0.0,0.0,0
2021-12-06 05:00:00,0.0,0.0,0
2021-12-06 06:00:00,0.0,0.0,0
2021-12-06 07:00:00,0.0,0.0,0
2021-12-06 08:00:00,0.0,0.0,0
2021-12-06 09:00:00,0.0,0.0,0
2021-12-06 10:00:00,0.0,0.0,0
2021-12-06 11:00:00,0.0,0.0,0
2021-12-06 12:00:00,0.0,0.0,0
2021-12-06 13:00:00,0.0,0.0,0
2021-12-06 14:00:00,0.0,0.0,0
2021-12-06 15:00:00,0.0,0.0,0
2021-12-06 16:00:00,0.0,0.0,0
2021-12-06 17:00:00,0.0,0.0,0
2021-12-06 18:00:00,0.0,0.0,0
2021-12-06 19:00:00,0.0,0.0,0
2021-12-06 20:00:00,0.0,0.0,0
2021-12-06 21:00:00,0.0,0.0,0
2021-12-06 22:00:00,0.0,0.0,0
2021-12-06 23:00:00,0.0,0.0,0
2021-12-07 00:00:00,0.0,0.0,0
2021-12-07 01:00:00,0.0,0.0,0
2021-12-07 02:00:00,0.0,0.0,0
2021-12-07 03:00:00,0.0,0.0,0
2021-12-07 04:00:00,0.0,0.0,0
2021-12-07 05:00:00,0.0,0.0,0
2021-12-07 06:00:00,0.0,0.0,0
2021-12-07 07:00:00,0.0,0.0,0
2021-12-07 08:00:00,0.0,0.0,0
2021-12-07 09:00:00,0.0,0.0,0
2021-12-07 10:00:00,0.0,0.0,0
2021-12-07 11:00:00,0.0,0.0,0
2021-12-07 12:00:00,0.0,0.0,0
2021-12-07 13:00:00,0.0,0.0,0
2021-12-07 14:00:00,0.0,0.0,0
2021-12-07 15:00:00,0.0,0.0,0
2021-12-07 16:00:00,0.0,0.0,0
2021-12-07 17:00:00,0.0,0.0,0
2021-12-07 18:00:00,0.0,0.0,0
2021-12-07 19:00:00,0.0,0.0,0
2021-12-07 20:00:00,0.0,0.0,0
2021-12-07 21:00:00,0.0,0.0,0
2021-12-07 22:00:00,0.0,0.0,0
2021-12-07 23:00:00,0.0,0.0,0
2021-12-08 00:00:00,0.0,0.0,0
2021-12-08 01:00:00,0.0,0.0,0
2021-12-08 02:00:00,0.0,0.0,0
2021-12-08 03:00:00,0.0,0.0,0
2021-12-08 04:00:00,0.0,0.0,0
2021-12-08 05:00:00,0.0,0.0,0
2021-12-08 06:00:00,0.0,0.0,0
2021-12-08 07:00:00,0.0,0.0,0
2021-12-08 08:00:00,0.0,0.0,0
2021-12-08 09:00:00,0.0,0.0,0
2021-12-08 10:00:00,0.0,0.0,0
2021-12-08 11:00:00,0.0,0.0,0
2021-12-08 12:00:00,0.0,0.0,0
2021-12-08 13:00:00,0.0,0.0,0
2021-12-08 14:00:00,0.0,0.0,0
2021-12-08 15:00:00,0.0,0.0,0
2021-12-08 16:00:00,0.0,0.0,0
2021-12-08 17:00:00,0.0,0.0,0
2021-12-08 18:00:00,0.0,0.0,0
2021-12-08 19:00:00,0.0,0.0,0
2021-12-08 20:00:00,0.0,0.0,0
2021-12-08 21:00:00,0.0,0.0,0
2021-12-08 22:00:00,0.0,0.0,0
2021-12-08 23:00:00,0.0,0.0,0
2021-12-09 00:00:00,0.0,0.0,0
2021-12-09 01:00:00,0.0,0.0,0
2021-12-09 02:00:00,0.0,0.0,0
2021-12-09 03:00:00,0.0,0.0,0
2021-12-09 04:00:00,0.0,0.0,0
2021-12-09 05:00:00,0.0,0.0,0
2021-12-09 06:00:00,0.0,0.0,0
2021-12-09 07:00:00,0.0,0.0,0
2021-12-09 08:00:00,0.0,0.0,0
2021-12-09 09:00:00,0.0,0.0,0
2021-12-09 10:00:00,0.0,0.0,0
2021-12-09 11:00:00,0.0,0.0,0
2021-12-09 12:00:00,0.0,0.0,0
2021-12-09 13:00:00,0.0,0.0,0
2021-12-09 14:00:00,0.0,0.0,0
2021-12-09 15:00:00,0.0,0.0,0
2021-12-09 16:00:00,0.0,0.0,0
2021-12-09 17:00:00,0.0,0.0,0
2021-12-09 18:00:00,0.0,0.0,0
2021-12-09 19:00:00,0.0,0.0,0
2021-12-09 20:00:00,0.0,0.0,0
2021-12-09 21:00:00,0.0,0.0,0
2021-12-09 22:00:00,0.0,0.0,0
2021-12-09 23:00:00,0.0,0.0,0
2021-12-10 00:00:00,0.0,0.0,0
2021-12-10 01:00:00,0.0,0.0,0
2021-12-10 02:00:00,0.0,0.0,0
2021-12-10 03:00:00,0.0,0.0,0
2021-12-10 04:00:00,0.0,0.0,0
2021-12-10 05:00:00,0.0,0.0,0
2021-12-10 06:00:00,0.0,0.0,0
2021-12-10 07:00:00,0.0,0.0,0
2021-12-10 08:00:00,0.0,0.0,0
2021-12-10 09:00:00,0.0,0.0,0
2021-12-10 10:00:00,0.0,0.0,0
2021-12-10 11:00:00,0.0,0.0,0
2021-12-10 12:00:00,0.0,0.0,0
2021-12-10 13:00:00,0.0,0.0,0
2021-12-10 14:00:00,0.0,0.0,0
2021-12-10 15:00:00,0.0,0.0,0
2021-12-10 16:00:00,0.0,0.0,0
2021-12-10 17:00:00,0.0,0.0,0
2021-12-10 18:00:00,0.0,0.0,0
2021-12-10 19:00:00,0.0,0.0,0
2021-12-10 20:00:00,0.0,0.0,0
2021-12-10 21:00:00,0.0,0.0,0
2021-12-10 22:00:00,0.0,0.0,0
2021-12-10 23:00:00,0.0,0.0,0
2021-12-11 00:00:00,0.0,0.0,0
2021-12-11 01:00:00,0.0,0.0,0
2021-12-11 02:00:00,0.0,0.0,0
2021-12-11 03:00:00,0.0,0.0,0
2021-12-11 04:00:00,0.0,0.0,0
2021-12-11 05:00:00,0.0,0.0,0
2021-12-11 06:00:00,0.0,0.0,0
2021-12-11 07:00:00,0.0,0.0,0
2021-12-11 08:00:00,0.0,0.0,0
2021-12-11 09:00:00,0.0,0.0,0
2021-12-11 10:00:00,0.0,0.0,0
2021-12-11 11:00:00,0.0,0.0,0
2021-12-11 12:00:00,0.0,0.0,0
2021-12-11 13:00:00,0.0,0.0,0
2021-12-11 14:00:00,0.0,0.0,0
2021-12-11 15:00:00,0.0,0.0,0
2021-12-11 16:00:00,0.0,0.0,0
2021-12-11 17:00:00,0.0,0.0,0
2021-12-11 18:00:00,0.0,0.0,0
2021-12-11 19:00:00,0.0,0.0,0
2021-12-11 20:00:00,0.13842140804597702,-0.07183908045977011,696
2021-12-11 21:00:00,0.157617125382263,0.0050968399592252805,981
2021-12-11 22:00:00,0.14590963302752294,-0.04128440366972477,872
2021-12-11 23:00:00,0.1640281142857143,-0.004571428571428572,875
2021-12-12 00:00:00,0.0,0.0,0
2021-12-12 01:00:00,0.0,0.0,0
2021-12-12 02:00:00,0.0,0.0,0
2021-12-12 03:00:00,0.0,0.0,0
2021-12-12 04:00:00,0.0,0.0,0
2021-12-12 05:00:00,0.0,0.0,0
2021-12-12 06:00:00,0.0,0.0,0
2021-12-12 07:00:00,0.0,0.0,0
2021-12-12 08:00:00,0.0,0.0,0
2021-12-12 09:00:00,0.0,0.0,0
2021-12-12 10:00:00,0.0,0.0,0
2021-12-12 11:00:00,0.0,0.0,0
2021-12-12 12:00:00,0.0,0.0,0
2021-12-12 13:00:00,0.0,0.0,0
2021-12-12 14:00:00,0.0,0.0,0
2021-12-12 15:00:00,0.0,0.0,0
2021-12-12 16:00:00,0.0,0.0,0
2021-12-12 17:00:00,0.0,0.0,0
2021-12-12 18:00:00,0.0,0.0,0
2021-12-12 19:00:00,0.0,0.0,0
2021-12-12 20:00:00,0.0,0.0,0
2021-12-12 21:00:00,0.0,0.0,0
2021-12-12 22:00:00,0.0,0.0,0
2021-12-12 23:00:00,0.0,0.0,0
2021-12-13 00:00:00,0.0,0.0,0
2021-12-13 01:00:00,0.0,0.0,0
2021-12-13 02:00:00,0.0,0.0,0
2021-12-13 03:00:00,0.0,0.0,0
2021-12-13 04:00:00,0.0,0.0,0
2021-12-13 05:00:00,0.0,0.0,0
2021-12-13 06:00:00,0.0,0.0,0
2021-12-13 07:00:00,0.0,0.0,0
2021-12-13 08:00:00,0.0,0.0,0
2021-12-13 09:00:00,0.0,0.0,0
2021-12-13 10:00:00,0.0,0.0,0
2021-12-13 11:00:00,0.0,0.0,0
2021-12-13 12:00:00,0.0,0.0,0
2021-12-13 13:00:00,0.0,0.0,0
2021-12-13 14:00:00,0.0,0.0,0
2021-12-13 15:00:00,0.0,0.0,0
2021-12-13 16:00:00,0.0,0.0,0
2021-12-13 17:00:00,0.0,0.0,0
2021-12-13 18:00:00,0.0,0.0,0
2021-12-13 19:00:00,0.0,0.0,0
2021-12-13 20:00:00,0.0,0.0,0
2021-12-13 21:00:00,0.0,0.0,0
2021-12-13 22:00:00,0.0,0.0,0
2021-12-13 23:00:00,0.0,0.0,0
2021-12-14 00:00:00,0.0,0.0,0
2021-12-14 01:00:00,0.0,0.0,0
2021-12-14 02:00:00,0.0,0.0,0
2021-12-14 03:00:00,0.0,0.0,0
2021-12-14 04:00:00,0.0,0.0,0
2021-12-14 05:00:00,0.0,0.0,0
2021-12-14 06:00:00,0.0,0.0,0
2021-12-14 07:00:00,0.0,0.0,0
2021-12-14 08:00:00,0.0,0.0,0
2021-12-14 09:00:00,0.0,0.0,0
2021-12-14 10:00:00,0.0,0.0,0
2021-12-14 11:00:00,0.0,0.0,0
2021-12-14 12:00:00,0.0,0.0,0
2021-12-14 13:00:00,0.0,0.0,0
2021-12-14 14:00:00,0.0,0.0,0
2021-12-14 15:00:00,0.0,0.0,0
2021-12-14 16:00:00,0.0,0.0,0
2021-12-14 17:00:00,0.0,0.0,0
2021-12-14 18:00:00,0.0,0.0,0
2021-12-14 19:00:00,0.0,0.0,0
2021-12-14 20:00:00,0.0,0.0,0
2021-12-14 21:00:00,0.0,0.0,0
2021-12-14 22:00:00,0.0,0.0,0
2021-12-14 23:00:00,0.0,0.0,0
2021-12-15 00:00:00,0.0,0.0,0
2021-12-15 01:00:00,0.0,0.0,0
2021-12-15 02:00:00,0.0,0.0,0
2021-12-15 03:00:00,0.0,0.0,0
2021-12-15 04:00:00,0.0,0.0,0
2021-12-15 05:00:00,0.0,0.0,0
2021-12-15 06:00:00,0.0,0.0,0
2021-12-15 07:00:00,0.0,0.0,0
2021-12-15 08:00:00,0.0,0.0,0
2021-12-15 09:00:00,0.0,0.0,0
2021-12-15 10:00:00,0.0,0.0,0
2021-12-15 11:00:00,0.0,0.0,0
2021-12-15 12:00:00,0.0,0.0,0
2021-12-15 13:00:00,0.0,0.0,0
2021-12-15 14:00:00,0.0,0.0,0
2021-12-15 15:00:00,0.0,0.0,0
2021-12-15 16:00:00,0.0,0.0,0
2021-12-15 17:00:00,0.0,0.0,0
2021-12-15 18:00:00,0.0,0.0,0
2021-12-15 19:00:00,0.0,0.0,0
2021-12-15 20:00:00,0.0,0.0,0
2021-12-15 21:00:00,0.0,0.0,0
2021-12-15 22:00:00,0.0,0.0,0
2021-12-15 23:00:00,0.0,0.0,0
2021-12-16 00:00:00,0.0,0.0,0
2021-12-16 01:00:00,0.0,0.0,0
2021-12-16 02:00:00,0.0,0.0,0
2021-12-16 03:00:00,0.0,0.0,0
2021-12-16 04:00:00,0.0,0.0,0
2021-12-16 05:00:00,0.0,0.0,0
2021-12-16 06:00:00,0.0,0.0,0
2021-12-16 07:00:00,0.0,0.0,0
2021-12-16 08:00:00,0.0,0.0,0
2021-12-16 09:00:00,0.0,0.0,0
2021-12-16 10:00:00,0.0,0.0,0
2021-12-16 11:00:00,0.0,0.0,0
2021-12-16 12:00:00,0.0,0.0,0
2021-12-16 13:00:00,0.0,0.0,0
2021-12-16 14:00:00,0.0,0.0,0
2021-12-16 15:00:00,0.0,0.0,0
2021-12-16 16:00:00,0.0,0.0,0
2021-12-16 17:00:00,0.0,0.0,0
2021-12-16 18:00:00,0.0,0.0,0
2021-12-16 19:00:00,0.0,0.0,0
2021-12-16 20:00:00,0.0,0.0,0
2021-12-16 21:00:00,0.0,0.0,0
2021-12-16 22:00:00,0.0,0.0,0
2021-12-16 23:00:00,0.0,0.0,0
2021-12-17 00:00:00,0.0,0.0,0
2021-12-17 01:00:00,0.0,0.0,0
2021-12-17 02:00:00,0.0,0.0,0
2021-12-17 03:00:00,0.0,0.0,0
2021-12-17 04:00:00,0.0,0.0,0
2021-12-17 05:00:00,0.0,0.0,0
2021-12-17 06:00:00,0.0,0.0,0
2021-12-17 07:00:00,0.0,0.0,0
2021-12-17 08:00:00,0.0,0.0,0
2021-12-17 09:00:00,0.0,0.0,0
2021-12-17 10:00:00,0.0,0.0,0
2021-12-17 11:00:00,0.0,0.0,0
2021-12-17 12:00:00,0.25272125,0.1375,80
2021-12-17 13:00:00,0.22890816714150047,0.16144349477682812,1053
2021-12-17 14:00:00,0.15062919937205652,-0.016483516483516484,1274
2021-12-17 15:00:00,0.28234684579439256,0.2108644859813084,1712
2021-12-17 16:00:00,0.29325010496850945,0.22743177046885935,1429
2021-12-17 17:00:00,0.278140311587147,0.17137293086660174,1027
2021-12-17 18:00:00,0.18704290843806104,0.10143626570915619,1114
2021-12-17 19:00:00,0.1576054524361949,0.0069605568445475635,862
2021-12-17 20:00:00,0.1741588511137163,-0.041031652989449004,853
2021-12-17 21:00:00,0.15684764512595836,-0.018619934282584884,913
2021-12-17 22:00:00,0.1335455963302752,-0.06880733944954129,1090
2021-12-17 23:00:00,0.1832616331096197,-0.011185682326621925,894
2021-12-18 00:00:00,0.0,0.0,0
2021-12-18 01:00:00,0.0,0.0,0
2021-12-18 02:00:00,0.0,0.0,0
2021-12-18 03:00:00,0.0,0.0,0
2021-12-18 04:00:00,0.0,0.0,0
2021-12-18 05:00:00,0.0,0.0,0
2021-12-18 06:00:00,0.0,0.0,0
2021-12-18 07:00:00,0.0,0.0,0
2021-12-18 08:00:00,0.0,0.0,0
2021-12-18 09:00:00,0.0,0.0,0
2021-12-18 10:00:00,0.0,0.0,0
2021-12-18 11:00:00,0.0,0.0,0
2021-12-18 12:00:00,0.0,0.0,0
2021-12-18 13:00:00,0.0,0.0,0
2021-12-18 14:00:00,0.0,0.0,0
2021-12-18 15:00:00,0.0,0.0,0
2021-12-18 16:00:00,0.0,0.0,0
2021-12-18 17:00:00,0.0,0.0,0
2021-12-18 18:00:00,0.0,0.0,0
2021-12-18 19:00:00,0.0,0.0,0
2021-12-18 20:00:00,0.0,0.0,0
2021-12-18 21:00:00,0.0,0.0,0
2021-12-18 22:00:00,0.0,0.0,0
2021-12-18 23:00:00,0.0,0.0,0
2021-12-19 00:00:00,0.0,0.0,0
2021-12-19 01:00:00,0.0,0.0,0
2021-12-19 02:00:00,0.0,0.0,0
2021-12-19 03:00:00,0.0,0.0,0
2021-12-19 04:00:00,0.0,0.0,0
2021-12-19 05:00:00,0.0,0.0,0
2021-12-19 06:00:00,0.0,0.0,0
2021-12-19 07:00:00,0.0,0.0,0
2021-12-19 08:00:00,0.0,0.0,0
2021-12-19 09:00:00,0.0,0.0,0
2021-12-19 10:00:00,0.0,0.0,0
2021-12-19 11:00:00,0.0,0.0,0
2021-12-19 12:00:00,0.0,0.0,0
2021-12-19 13:00:00,0.0,0.0,0
2021-12-19 14:00:00,0.0,0.0,0
2021-12-19 15:00:00,0.0,0.0,0
2021-12-19 16:00:00,0.0,0.0,0
2021-12-19 17:00:00,0.0,0.0,0
2021-12-19 18:00:00,0.0,0.0,0
2021-12-19 19:00:00,0.0,0.0,0
2021-12-19 20:00:00,0.0,0.0,0
2021-12-19 21:00:00,0.0,0.0,0
2021-12-19 22:00:00,0.0,0.0,0
2021-12-19 23:00:00,0.0,0.0,0
2021-12-20 00:00:00,0.0,0.0,0
2021-12-20 01:00:00,0.0,0.0,0
2021-12-20 02:00:00,0.0,0.0,0
2021-12-20 03:00:00,0.0,0.0,0
2021-12-20 04:00:00,0.0,0.0,0
2021-12-20 05:00:00,0.0,0.0,0
2021-12-20 06:00:00,0.0,0.0,0
2021-12-20 07:00:00,0.0,0.0,0
2021-12-20 08:00:00,0.0,0.0,0
2021-12-20 09:00:00,0.0,0.0,0
2021-12-20 10:00:00,0.0,0.0,0
2021-12-20 11:00:00,0.0,0.0,0
2021-12-20 12:00:00,0.0,0.0,0
2021-12-20 13:00:00,0.0,0.0,0
2021-12-20 14:00:00,0.0,0.0,0
2021-12-20 15:00:00,0.0,0.0,0
2021-12-20 16:00:00,0.0,0.0,0
2021-12-20 17:00:00,0.0,0.0,0
2021-12-20 18:00:00,0.0,0.0,0
2021-12-20 19:00:00,0.0,0.0,0
2021-12-20 20:00:00,0.0,0.0,0
2021-12-20 21:00:00,0.0,0.0,0
2021-12-20 22:00:00,0.0,0.0,0
2021-12-20 23:00:00,0.0,0.0,0
2021-12-21 00:00:00,0.0,0.0,0
2021-12-21 01:00:00,0.0,0.0,0
2021-12-21 02:00:00,0.0,0.0,0
2021-12-21 03:00:00,0.0,0.0,0
2021-12-21 04:00:00,0.0,0.0,0
2021-12-21 05:00:00,0.0,0.0,0
2021-12-21 06:00:00,0.0,0.0,0
2021-12-21 07:00:00,0.0,0.0,0
2021-12-21 08:00:00,0.0,0.0,0
2021-12-21 09:00:00,0.0,0.0,0
2021-12-21 10:00:00,0.0,0.0,0
2021-12-21 11:00:00,0.0,0.0,0
2021-12-21 12:00:00,0.0,0.0,0
2021-12-21 13:00:00,0.0,0.0,0
2021-12-21 14:00:00,0.0,0.0,0
2021-12-21 15:00:00,0.0,0.0,0
2021-12-21 16:00:00,0.0,0.0,0
2021-12-21 17:00:00,0.0,0.0,0
2021-12-21 18:00:00,0.0,0.0,0
2021-12-21 19:00:00,0.0,0.0,0
2021-12-21 20:00:00,0.0,0.0,0
2021-12-21 21:00:00,0.0,0.0,0
2021-12-21 22:00:00,0.0,0.0,0
2021-12-21 23:00:00,0.0,0.0,0
2021-12-22 00:00:00,0.0,0.0,0
2021-12-22 01:00:00,0.0,0.0,0
2021-12-22 02:00:00,0.0,0.0,0
2021-12-22 03:00:00,0.0,0.0,0
2021-12-22 04:00:00,0.0,0.0,0
2021-12-22 05:00:00,0.0,0.0,0
2021-12-22 06:00:00,0.0,0.0,0
2021-12-22 07:00:00,0.0,0.0,0
2021-12-22 08:00:00,0.0,0.0,0
2021-12-22 09:00:00,0.0,0.0,0
2021-12-22 10:00:00,0.0,0.0,0
2021-12-22 11:00:00,0.0,0.0,0
2021-12-22 12:00:00,0.0,0.0,0
2021-12-22 13:00:00,0.0,0.0,0
2021-12-22 14:00:00,0.0,0.0,0
2021-12-22 15:00:00,0.0,0.0,0
2021-12-22 16:00:00,0.0,0.0,0
2021-12-22 17:00:00,0.0,0.0,0
2021-12-22 18:00:00,0.0,0.0,0
2021-12-22 19:00:00,0.0,0.0,0
2021-12-22 20:00:00,0.0,0.0,0
2021-12-22 21:00:00,0.0,0.0,0
2021-12-22 22:00:00,0.0,0.0,0
2021-12-22 23:00:00,0.0,0.0,0
2021-12-23 00:00:00,0.0,0.0,0
2021-12-23 01:00:00,0.0,0.0,0
2021-12-23 02:00:00,0.0,0.0,0
2021-12-23 03:00:00,0.0,0.0,0
2021-12-23 04:00:00,0.0,0.0,0
2021-12-23 05:00:00,0.0,0.0,0
2021-12-23 06:00:00,0.0,0.0,0
2021-12-23 07:00:00,0.0,0.0,0
2021-12-23 08:00:00,0.0,0.0,0
2021-12-23 09:00:00,0.0,0.0,0
2021-12-23 10:00:00,0.0,0.0,0
2021-12-23 11:00:00,0.0,0.0,0
2021-12-23 12:00:00,0.0,0.0,0
2021-12-23 13:00:00,0.0,0.0,0
2021-12-23 14:00:00,0.0,0.0,0
2021-12-23 15:00:00,0.0,0.0,0
2021-12-23 16:00:00,0.0,0.0,0
2021-12-23 17:00:00,0.0,0.0,0
2021-12-23 18:00:00,0.0,0.0,0
2021-12-23 19:00:00,0.0,0.0,0
2021-12-23 20:00:00,0.0,0.0,0
2021-12-23 21:00:00,0.0,0.0,0
2021-12-23 22:00:00,0.0,0.0,0
2021-12-23 23:00:00,0.0,0.0,0
2021-12-24 00:00:00,0.0,0.0,0
2021-12-24 01:00:00,0.0,0.0,0
2021-12-24 02:00:00,0.0,0.0,0
2021-12-24 03:00:00,0.0,0.0,0
2021-12-24 04:00:00,0.0,0.0,0
2021-12-24 05:00:00,0.0,0.0,0
2021-12-24 06:00:00,0.0,0.0,0
2021-12-24 07:00:00,0.0,0.0,0
2021-12-24 08:00:00,0.0,0.0,0
2021-12-24 09:00:00,0.0,0.0,0
2021-12-24 10:00:00,0.0,0.0,0
2021-12-24 11:00:00,0.0,0.0,0
2021-12-24 12:00:00,0.0,0.0,0
2021-12-24 13:00:00,0.0,0.0,0
2021-12-24 14:00:00,0.0,0.0,0
2021-12-24 15:00:00,0.0,0.0,0
2021-12-24 16:00:00,0.0,0.0,0
2021-12-24 17:00:00,0.0,0.0,0
2021-12-24 18:00:00,0.0,0.0,0
2021-12-24 19:00:00,0.0,0.0,0
2021-12-24 20:00:00,0.0,0.0,0
2021-12-24 21:00:00,0.0,0.0,0
2021-12-24 22:00:00,0.0,0.0,0
2021-12-24 23:00:00,0.0,0.0,0
2021-12-25 00:00:00,0.0,0.0,0
2021-12-25 01:00:00,0.0,0.0,0
2021-12-25 02:00:00,0.0,0.0,0
2021-12-25 03:00:00,0.0,0.0,0
2021-12-25 04:00:00,0.0,0.0,0
2021-12-25 05:00:00,0.0,0.0,0
2021-12-25 06:00:00,0.0,0.0,0
2021-12-25 07:00:00,0.0,0.0,0
2021-12-25 08:00:00,0.0,0.0,0
2021-12-25 09:00:00,0.0,0.0,0
2021-12-25 10:00:00,0.0,0.0,0
2021-12-25 11:00:00,0.0,0.0,0
2021-12-25 12:00:00,0.0,0.0,0
2021-12-25 13:00:00,0.0,0.0,0
2021-12-25 14:00:00,0.0,0.0,0
2021-12-25 15:00:00,0.0,0.0,0
2021-12-25 16:00:00,0.0,0.0,0
2021-12-25 17:00:00,0.0,0.0,0
2021-12-25 18:00:00,0.0,0.0,0
2021-12-25 19:00:00,0.0,0.0,0
2021-12-25 20:00:00,0.0,0.0,0
2021-12-25 21:00:00,0.0,0.0,0
2021-12-25 22:00:00,0.0,0.0,0
2021-12-25 23:00:00,0.0,0.0,0
2021-12-26 00:00:00,0.0,0.0,0
2021-12-26 01:00:00,0.0,0.0,0
2021-12-26 02:00:00,0.0,0.0,0
2021-12-26 03:00:00,0.0,0.0,0
2021-12-26 04:00:00,0.0,0.0,0
2021-12-26 05:00:00,0.0,0.0,0
2021-12-26 06:00:00,0.0,0.0,0
2021-12-26 07:00:00,0.0,0.0,0
2021-12-26 08:00:00,0.0,0.0,0
2021-12-26 09:00:00,0.0,0.0,0
2021-12-26 10:00:00,0.0,0.0,0
2021-12-26 11:00:00,0.0,0.0,0
2021-12-26 12:00:00,0.0,0.0,0
2021-12-26 13:00:00,0.0,0.0,0
2021-12-26 14:00:00,0.0,0.0,0
2021-12-26 15:00:00,0.0,0.0,0
2021-12-26 16:00:00,0.0,0.0,0
2021-12-26 17:00:00,0.0,0.0,0
2021-12-26 18:00:00,0.0,0.0,0
2021-12-26 19:00:00,0.0,0.0,0
2021-12-26 20:00:00,0.0,0.0,0
2021-12-26 21:00:00,0.0,0.0,0
2021-12-26 22:00:00,0.0,0.0,0
2021-12-26 23:00:00,0.0,0.0,0
2021-12-27 00:00:00,0.0,0.0,0
2021-12-27 01:00:00,0.0,0.0,0
2021-12-27 02:00:00,0.0,0.0,0
2021-12-27 03:00:00,0.0,0.0,0
2021-12-27 04:00:00,0.0,0.0,0
2021-12-27 05:00:00,0.0,0.0,0
2021-12-27 06:00:00,0.0,0.0,0
2021-12-27 07:00:00,0.0,0.0,0
2021-12-27 08:00:00,0.0,0.0,0
2021-12-27 09:00:00,0.0,0.0,0
2021-12-27 10:00:00,0.0,0.0,0
2021-12-27 11:00:00,0.0,0.0,0
2021-12-27 12:00:00,0.0,0.0,0
2021-12-27 13:00:00,0.0,0.0,0
2021-12-27 14:00:00,0.0,0.0,0
2021-12-27 15:00:00,0.0,0.0,0
2021-12-27 16:00:00,0.0,0.0,0
2021-12-27 17:00:00,0.0,0.0,0
2021-12-27 18:00:00,0.0,0.0,0
2021-12-27 19:00:00,0.0,0.0,0
2021-12-27 20:00:00,0.0,0.0,0
2021-12-27 21:00:00,0.0,0.0,0
2021-12-27 22:00:00,0.0,0.0,0
2021-12-27 23:00:00,0.0,0.0,0
2021-12-28 00:00:00,0.0,0.0,0
2021-12-28 01:00:00,0.0,0.0,0
2021-12-28 02:00:00,0.0,0.0,0
2021-12-28 03:00:00,0.0,0.0,0
2021-12-28 04:00:00,0.0,0.0,0
2021-12-28 05:00:00,0.0,0.0,0
2021-12-28 06:00:00,0.0,0.0,0
2021-12-28 07:00:00,0.0,0.0,0
2021-12-28 08:00:00,0.0,0.0,0
2021-12-28 09:00:00,0.0,0.0,0
2021-12-28 10:00:00,0.0,0.0,0
2021-12-28 11:00:00,0.0,0.0,0
2021-12-28 12:00:00,0.0,0.0,0
2021-12-28 13:00:00,0.0,0.0,0
2021-12-28 14:00:00,0.0,0.0,0
2021-12-28 15:00:00,0.0,0.0,0
2021-12-28 16:00:00,0.0,0.0,0
2021-12-28 17:00:00,0.0,0.0,0
2021-12-28 18:00:00,0.0,0.0,0
2021-12-28 19:00:00,0.0,0.0,0
2021-12-28 20:00:00,0.0,0.0,0
2021-12-28 21:00:00,0.0,0.0,0
2021-12-28 22:00:00,0.0,0.0,0
2021-12-28 23:00:00,0.0,0.0,0
2021-12-29 00:00:00,0.0,0.0,0
2021-12-29 01:00:00,0.0,0.0,0
2021-12-29 02:00:00,0.0,0.0,0
2021-12-29 03:00:00,0.0,0.0,0
2021-12-29 04:00:00,0.0,0.0,0
2021-12-29 05:00:00,0.0,0.0,0
2021-12-29 06:00:00,0.0,0.0,0
2021-12-29 07:00:00,0.0,0.0,0
2021-12-29 08:00:00,0.0,0.0,0
2021-12-29 09:00:00,0.0,0.0,0
2021-12-29 10:00:00,0.0,0.0,0
2021-12-29 11:00:00,0.0,0.0,0
2021-12-29 12:00:00,0.0,0.0,0
2021-12-29 13:00:00,0.0,0.0,0
2021-12-29 14:00:00,0.0,0.0,0
2021-12-29 15:00:00,0.0,0.0,0
2021-12-29 16:00:00,0.0,0.0,0
2021-12-29 17:00:00,0.0,0.0,0
2021-12-29 18:00:00,0.0,0.0,0
2021-12-29 19:00:00,0.14896545454545454,-0.03636363636363636,55
2021-12-29 20:00:00,0.17930124223602484,0.037267080745341616,483
2021-12-29 21:00:00,0.14131924882629107,-0.07042253521126761,426
2021-12-29 22:00:00,0.1546516624040921,-0.043478260869565216,391
2021-12-29 23:00:00,0.11984352750809062,-0.11003236245954692,618
2021-12-30 00:00:00,0.0,0.0,0
2021-12-30 01:00:00,0.0,0.0,0
2021-12-30 02:00:00,0.0,0.0,0
2021-12-30 03:00:00,0.0,0.0,0
2021-12-30 04:00:00,0.0,0.0,0
2021-12-30 05:00:00,0.0,0.0,0
2021-12-30 06:00:00,0.0,0.0,0
2021-12-30 07:00:00,0.0,0.0,0
2021-12-30 08:00:00,0.1284050377833753,0.010075566750629723,397
2021-12-30 09:00:00,0.17394681647940077,-0.018726591760299626,534
2021-12-30 10:00:00,0.2759672106824926,0.14688427299703263,674
2021-12-30 11:00:00,0.1481887323943662,0.004694835680751174,639
2021-12-30 12:00:00,0.1268845882352941,-0.009411764705882352,850
2021-12-30 13:00:00,0.14130663221360895,-0.012058570198105082,1161
2021-12-30 14:00:00,0.16189698113207548,-0.024528301886792454,1060
2021-12-30 15:00:00,0.1777626208378088,-0.0021482277121374865,931
2021-12-30 16:00:00,0.14444545454545454,-0.06448202959830866,946
2021-12-30 17:00:00,0.1459427395649618,0.00940623162845385,1701
2021-12-30 18:00:00,0.0827319380733945,-0.0481651376146789,1744
2021-12-30 19:00:00,0.183632716568545,-0.004205214465937763,1189
2021-12-30 20:00:00,0.18515530575539568,-0.019784172661870502,1112
2021-12-30 21:00:00,0.18012192513368985,-0.03074866310160428,748
2021-12-30 22:00:00,0.4024364389233955,0.2463768115942029,483
2021-12-30 23:00:00,0.21180898203592816,-0.038922155688622756,334
2021-12-31 00:00:00,0.0,0.0,0
2021-12-31 01:00:00,0.0,0.0,0
2021-12-31 02:00:00,0.0,0.0,0
2021-12-31 03:00:00,0.0,0.0,0
2021-12-31 04:00:00,0.0,0.0,0
2021-12-31 05:00:00,0.0,0.0,0
2021-12-31 06:00:00,0.0,0.0,0
2021-12-31 07:00:00,0.0,0.0,0
2021-12-31 08:00:00,0.0,0.0,0
2021-12-31 09:00:00,0.0,0.0,0
2021-12-31 10:00:00,0.0,0.0,0
2021-12-31 11:00:00,0.0,0.0,0
2021-12-31 12:00:00,0.0,0.0,0
2021-12-31 13:00:00,0.0,0.0,0
2021-12-31 14:00:00,0.0,0.0,0
2021-12-31 15:00:00,0.0,0.0,0
2021-12-31 16:00:00,0.0,0.0,0
2021-12-31 17:00:00,0.0,0.0,0
2021-12-31 18:00:00,0.0,0.0,0
2021-12-31 19:00:00,0.0,0.0,0
2021-12-31 20:00:00,0.0,0.0,0
2021-12-31 21:00:00,0.0,0.0,0
2021-12-31 22:00:00,0.0,0.0,0
2021-12-31 23:00:00,0.0,0.0,0
2022-01-01 00:00:00,0.0,0.0,0
2022-01-01 01:00:00,0.0,0.0,0
2022-01-01 02:00:00,0.0,0.0,0
2022-01-01 03:00:00,0.0,0.0,0
2022-01-01 04:00:00,0.0,0.0,0
2022-01-01 05:00:00,0.0,0.0,0
2022-01-01 06:00:00,0.0,0.0,0
2022-01-01 07:00:00,0.0,0.0,0
2022-01-01 08:00:00,0.0,0.0,0
2022-01-01 09:00:00,0.0,0.0,0
2022-01-01 10:00:00,0.0,0.0,0
2022-01-01 11:00:00,0.0,0.0,0
2022-01-01 12:00:00,0.0,0.0,0
2022-01-01 13:00:00,0.0,0.0,0
2022-01-01 14:00:00,0.0,0.0,0
2022-01-01 15:00:00,0.0,0.0,0
2022-01-01 16:00:00,0.0,0.0,0
2022-01-01 17:00:00,0.0,0.0,0
2022-01-01 18:00:00,0.0,0.0,0
2022-01-01 19:00:00,0.0,0.0,0
2022-01-01 20:00:00,0.0,0.0,0
2022-01-01 21:00:00,0.0,0.0,0
2022-01-01 22:00:00,0.0,0.0,0
2022-01-01 23:00:00,0.0,0.0,0
2022-01-02 00:00:00,0.0,0.0,0
2022-01-02 01:00:00,0.0,0.0,0
2022-01-02 02:00:00,0.0,0.0,0
2022-01-02 03:00:00,0.0,0.0,0
2022-01-02 04:00:00,0.0,0.0,0
2022-01-02 05:00:00,0.0,0.0,0
2022-01-02 06:00:00,0.0,0.0,0
2022-01-02 07:00:00,0.0,0.0,0
2022-01-02 08:00:00,0.0,0.0,0
2022-01-02 09:00:00,0.0,0.0,0
2022-01-02 10:00:00,0.0,0.0,0
2022-01-02 11:00:00,0.0,0.0,0
2022-01-02 12:00:00,0.0,0.0,0
2022-01-02 13:00:00,0.0,0.0,0
2022-01-02 14:00:00,0.0,0.0,0
2022-01-02 15:00:00,0.0,0.0,0
2022-01-02 16:00:00,0.0,0.0,0
2022-01-02 17:00:00,0.0,0.0,0
2022-01-02 18:00:00,0.0,0.0,0
2022-01-02 19:00:00,0.0,0.0,0
2022-01-02 20:00:00,0.0,0.0,0
2022-01-02 21:00:00,0.0,0.0,0
2022-01-02 22:00:00,0.0,0.0,0
2022-01-02 23:00:00,0.0,0.0,0
2022-01-03 00:00:00,0.0,0.0,0
2022-01-03 01:00:00,0.0,0.0,0
2022-01-03 02:00:00,0.0,0.0,0
2022-01-03 03:00:00,0.0,0.0,0
2022-01-03 04:00:00,0.0,0.0,0
2022-01-03 05:00:00,0.0,0.0,0
2022-01-03 06:00:00,0.0,0.0,0
2022-01-03 07:00:00,0.0,0.0,0
2022-01-03 08:00:00,0.0,0.0,0
2022-01-03 09:00:00,0.0,0.0,0
2022-01-03 10:00:00,0.0,0.0,0
2022-01-03 11:00:00,0.0,0.0,0
2022-01-03 12:00:00,0.0,0.0,0
2022-01-03 13:00:00,0.0,0.0,0
2022-01-03 14:00:00,0.0,0.0,0
2022-01-03 15:00:00,0.0,0.0,0
2022-01-03 16:00:00,0.0,0.0,0
2022-01-03 17:00:00,0.0,0.0,0
2022-01-03 18:00:00,0.0,0.0,0
2022-01-03 19:00:00,0.0,0.0,0
2022-01-03 20:00:00,0.0,0.0,0
2022-01-03 21:00:00,0.0,0.0,0
2022-01-03 22:00:00,0.0,0.0,0
2022-01-03 23:00:00,0.0,0.0,0
2022-01-04 00:00:00,0.0,0.0,0
2022-01-04 01:00:00,0.0,0.0,0
2022-01-04 02:00:00,0.0,0.0,0
2022-01-04 03:00:00,0.0,0.0,0
2022-01-04 04:00:00,0.0,0.0,0
2022-01-04 05:00:00,0.0,0.0,0
2022-01-04 06:00:00,0.0,0.0,0
2022-01-04 07:00:00,0.0,0.0,0
2022-01-04 08:00:00,0.0,0.0,0
2022-01-04 09:00:00,0.0,0.0,0
2022-01-04 10:00:00,0.0,0.0,0
2022-01-04 11:00:00,0.0,0.0,0
2022-01-04 12:00:00,0.0,0.0,0
2022-01-04 13:00:00,0.0,0.0,0
2022-01-04 14:00:00,0.0,0.0,0
2022-01-04 15:00:00,0.0,0.0,0
2022-01-04 16:00:00,0.0,0.0,0
2022-01-04 17:00:00,0.0,0.0,0
2022-01-04 18:00:00,0.0,0.0,0
2022-01-04 19:00:00,0.0,0.0,0
2022-01-04 20:00:00,0.0,0.0,0
2022-01-04 21:00:00,0.0,0.0,0
2022-01-04 22:00:00,0.0,0.0,0
2022-01-04 23:00:00,0.0,0.0,0
2022-01-05 00:00:00,0.0,0.0,0
2022-01-05 01:00:00,0.0,0.0,0
2022-01-05 02:00:00,0.0,0.0,0
2022-01-05 03:00:00,0.0,0.0,0
2022-01-05 04:00:00,0.0,0.0,0
2022-01-05 05:00:00,0.0,0.0,0
2022-01-05 06:00:00,0.0,0.0,0
2022-01-05 07:00:00,0.0,0.0,0
2022-01-05 08:00:00,0.0,0.0,0
2022-01-05 09:00:00,0.0,0.0,0
2022-01-05 10:00:00,0.0,0.0,0
2022-01-05 11:00:00,0.0,0.0,0
2022-01-05 12:00:00,0.0,0.0,0
2022-01-05 13:00:00,0.0,0.0,0
2022-01-05 14:00:00,0.0,0.0,0
2022-01-05 15:00:00,0.0,0.0,0
2022-01-05 16:00:00,0.0,0.0,0
2022-01-05 17:00:00,0.0,0.0,0
2022-01-05 18:00:00,0.0,0.0,0
2022-01-05 19:00:00,0.0,0.0,0
2022-01-05 20:00:00,0.0,0.0,0
2022-01-05 21:00:00,0.0,0.0,0
2022-01-05 22:00:00,0.0,0.0,0
2022-01-05 23:00:00,0.0,0.0,0
2022-01-06 00:00:00,0.0,0.0,0
2022-01-06 01:00:00,0.0,0.0,0
2022-01-06 02:00:00,0.0,0.0,0
2022-01-06 03:00:00,0.0,0.0,0
2022-01-06 04:00:00,0.0,0.0,0
2022-01-06 05:00:00,0.0,0.0,0
2022-01-06 06:00:00,0.0,0.0,0
2022-01-06 07:00:00,0.0,0.0,0
2022-01-06 08:00:00,0.0,0.0,0
2022-01-06 09:00:00,0.0,0.0,0
2022-01-06 10:00:00,0.0,0.0,0
2022-01-06 11:00:00,0.0,0.0,0
2022-01-06 12:00:00,0.0,0.0,0
2022-01-06 13:00:00,0.0,0.0,0
2022-01-06 14:00:00,0.0,0.0,0
2022-01-06 15:00:00,0.0,0.0,0
2022-01-06 16:00:00,0.0,0.0,0
2022-01-06 17:00:00,0.0,0.0,0
2022-01-06 18:00:00,0.0,0.0,0
2022-01-06 19:00:00,0.0,0.0,0
2022-01-06 20:00:00,0.0,0.0,0
2022-01-06 21:00:00,0.0,0.0,0
2022-01-06 22:00:00,0.0,0.0,0
2022-01-06 23:00:00,0.0,0.0,0
2022-01-07 00:00:00,0.0,0.0,0
2022-01-07 01:00:00,0.0,0.0,0
2022-01-07 02:00:00,0.0,0.0,0
2022-01-07 03:00:00,0.0,0.0,0
2022-01-07 04:00:00,0.0,0.0,0
2022-01-07 05:00:00,0.0,0.0,0
2022-01-07 06:00:00,0.0,0.0,0
2022-01-07 07:00:00,0.0,0.0,0
2022-01-07 08:00:00,0.0,0.0,0
2022-01-07 09:00:00,0.0,0.0,0
2022-01-07 10:00:00,0.0,0.0,0
2022-01-07 11:00:00,0.0,0.0,0
2022-01-07 12:00:00,0.0,0.0,0
2022-01-07 13:00:00,0.0,0.0,0
2022-01-07 14:00:00,0.0,0.0,0
2022-01-07 15:00:00,0.0,0.0,0
2022-01-07 16:00:00,0.0,0.0,0
2022-01-07 17:00:00,0.0,0.0,0
2022-01-07 18:00:00,0.0,0.0,0
2022-01-07 19:00:00,0.0,0.0,0
2022-01-07 20:00:00,0.0,0.0,0
2022-01-07 21:00:00,0.0,0.0,0
2022-01-07 22:00:00,0.0,0.0,0
2022-01-07 23:00:00,0.0,0.0,0
2022-01-08 00:00:00,0.0,0.0,0
2022-01-08 01:00:00,0.0,0.0,0
2022-01-08 02:00:00,0.0,0.0,0
2022-01-08 03:00:00,0.0,0.0,0
2022-01-08 04:00:00,0.0,0.0,0
2022-01-08 05:00:00,0.0,0.0,0
2022-01-08 06:00:00,0.0,0.0,0
2022-01-08 07:00:00,0.0,0.0,0
2022-01-08 08:00:00,0.0,0.0,0
2022-01-08 09:00:00,0.0,0.0,0
2022-01-08 10:00:00,0.0,0.0,0
2022-01-08 11:00:00,0.0,0.0,0
2022-01-08 12:00:00,0.0,0.0,0
2022-01-08 13:00:00,0.0,0.0,0
2022-01-08 14:00:00,0.0,0.0,0
2022-01-08 15:00:00,0.0,0.0,0
2022-01-08 16:00:00,0.0,0.0,0
2022-01-08 17:00:00,0.0,0.0,0
2022-01-08 18:00:00,0.0,0.0,0
2022-01-08 19:00:00,0.0,0.0,0
2022-01-08 20:00:00,0.0,0.0,0
2022-01-08 21:00:00,0.0,0.0,0
2022-01-08 22:00:00,0.0,0.0,0
2022-01-08 23:00:00,0.0,0.0,0
2022-01-09 00:00:00,0.0,0.0,0
2022-01-09 01:00:00,0.0,0.0,0
2022-01-09 02:00:00,0.0,0.0,0
2022-01-09 03:00:00,0.0,0.0,0
2022-01-09 04:00:00,0.0,0.0,0
2022-01-09 05:00:00,0.0,0.0,0
2022-01-09 06:00:00,0.0,0.0,0
2022-01-09 07:00:00,0.0,0.0,0
2022-01-09 08:00:00,0.0,0.0,0
2022-01-09 09:00:00,0.0,0.0,0
2022-01-09 10:00:00,0.0,0.0,0
2022-01-09 11:00:00,0.0,0.0,0
2022-01-09 12:00:00,0.0,0.0,0
2022-01-09 13:00:00,0.0,0.0,0
2022-01-09 14:00:00,0.0,0.0,0
2022-01-09 15:00:00,0.0,0.0,0
2022-01-09 16:00:00,0.0,0.0,0
2022-01-09 17:00:00,0.0,0.0,0
2022-01-09 18:00:00,0.0,0.0,0
2022-01-09 19:00:00,0.0,0.0,0
2022-01-09 20:00:00,0.0,0.0,0
2022-01-09 21:00:00,0.0,0.0,0
2022-01-09 22:00:00,0.0,0.0,0
2022-01-09 23:00:00,0.0,0.0,0
2022-01-10 00:00:00,0.0,0.0,0
2022-01-10 01:00:00,0.0,0.0,0
2022-01-10 02:00:00,0.0,0.0,0
2022-01-10 03:00:00,0.0,0.0,0
2022-01-10 04:00:00,0.0,0.0,0
2022-01-10 05:00:00,0.0,0.0,0
2022-01-10 06:00:00,0.0,0.0,0
2022-01-10 07:00:00,0.0,0.0,0
2022-01-10 08:00:00,0.0,0.0,0
2022-01-10 09:00:00,0.0,0.0,0
2022-01-10 10:00:00,0.0,0.0,0
2022-01-10 11:00:00,0.0,0.0,0
2022-01-10 12:00:00,0.0,0.0,0
2022-01-10 13:00:00,0.0,0.0,0
2022-01-10 14:00:00,0.0,0.0,0
2022-01-10 15:00:00,0.0,0.0,0
2022-01-10 16:00:00,0.0,0.0,0
2022-01-10 17:00:00,0.0,0.0,0
2022-01-10 18:00:00,0.0,0.0,0
2022-01-10 19:00:00,0.0,0.0,0
2022-01-10 20:00:00,0.0,0.0,0
2022-01-10 21:00:00,0.0,0.0,0
2022-01-10 22:00:00,0.0,0.0,0
2022-01-10 23:00:00,0.0,0.0,0
2022-01-11 00:00:00,0.0,0.0,0
2022-01-11 01:00:00,0.0,0.0,0
2022-01-11 02:00:00,0.0,0.0,0
2022-01-11 03:00:00,0.0,0.0,0
2022-01-11 04:00:00,0.0,0.0,0
2022-01-11 05:00:00,0.0,0.0,0
2022-01-11 06:00:00,0.0,0.0,0
2022-01-11 07:00:00,0.0,0.0,0
2022-01-11 08:00:00,0.0,0.0,0
2022-01-11 09:00:00,0.0,0.0,0
2022-01-11 10:00:00,0.0,0.0,0
2022-01-11 11:00:00,0.0,0.0,0
2022-01-11 12:00:00,0.0,0.0,0
2022-01-11 13:00:00,0.0,0.0,0
2022-01-11 14:00:00,0.0,0.0,0
2022-01-11 15:00:00,0.0,0.0,0
2022-01-11 16:00:00,0.0,0.0,0
2022-01-11 17:00:00,0.2498192995529061,0.15052160953800298,1342
2022-01-11 18:00:00,0.23488120649651975,0.16318638824439288,1293
2022-01-11 19:00:00,0.11058598484848485,-0.05303030303030303,1056
2022-01-11 20:00:00,0.12930153429602886,-0.023465703971119134,1108
2022-01-11 21:00:00,0.10222657091561939,-0.018850987432675045,1114
2022-01-11 22:00:00,0.12880047281323875,-0.016548463356973995,846
2022-01-11 23:00:00,0.1309175989085948,0.005457025920873124,733
2022-01-12 00:00:00,0.1484865693430657,0.004379562043795621,685
2022-01-12 01:00:00,0.2243833095577746,0.037089871611982884,701
2022-01-12 02:00:00,0.11676782884310617,-0.012678288431061807,631
2022-01-12 03:00:00,0.1979820634920635,0.05396825396825397,630
2022-01-12 04:00:00,0.19185218150087258,0.07155322862129145,573
2022-01-12 05:00:00,0.1346051705170517,0.06050605060506051,909
2022-01-12 06:00:00,0.32716651583710404,0.2873303167420814,884
2022-01-12 07:00:00,0.3729124892334195,0.34453057708871665,1161
2022-01-12 08:00:00,0.2002596798780488,0.1326219512195122,1312
2022-01-12 09:00:00,0.1854380787037037,0.0798611111111111,864
2022-01-12 10:00:00,0.17867215849843587,0.06882168925964546,959
2022-01-12 11:00:00,0.20836291208791208,0.14743589743589744,1092
2022-01-12 12:00:00,0.2742563209076175,0.14343598055105347,1234
2022-01-12 13:00:00,0.19757691228070176,0.05754385964912281,1425
2022-01-12 14:00:00,0.186876938239159,0.06373193166885677,1522
2022-01-12 15:00:00,0.2133038488453464,0.1245626312106368,1429
2022-01-12 16:00:00,0.2867870262390671,0.20116618075801748,1372
2022-01-12 17:00:00,0.2825624073017684,0.20422133485453509,1753
2022-01-12 18:00:00,0.23219077586206896,0.10431034482758621,1160
2022-01-12 19:00:00,0.16491073170731707,0.01951219512195122,1025
2022-01-12 20:00:00,0.18112254901960784,0.014705882352941176,1020
2022-01-12 21:00:00,0.14789077353215285,0.0,1073
2022-01-12 22:00:00,0.18442376126126128,-0.009009009009009009,888
2022-01-12 23:00:00,0.1887130334486736,-0.020761245674740483,867
2022-01-13 00:00:00,0.17712125162972622,0.024771838331160364,767
2022-01-13 01:00:00,0.17146749585406304,0.026533996683250415,603
2022-01-13 02:00:00,0.15813161634103018,0.0053285968028419185,563
2022-01-13 03:00:00,0.14433937007874015,-0.025590551181102362,508
2022-01-13 04:00:00,0.13824205607476636,-0.03551401869158879,535
2022-01-13 05:00:00,0.29186491646778046,0.28042959427207637,838
2022-01-13 06:00:00,0.1911685049019608,-0.0012254901960784314,816
2022-01-13 07:00:00,0.20298043143297378,0.02157164869029276,649
2022-01-13 08:00:00,0.11479664429530202,0.02936241610738255,1192
2022-01-13 09:00:00,0.14772708547888777,0.0607621009268795,971
2022-01-13 10:00:00,0.08448096357226792,-0.007050528789659225,851
2022-01-13 11:00:00,0.19193419788664748,0.10951008645533142,1041
2022-01-13 12:00:00,0.14868316445830088,0.0701480904130943,1283
2022-01-13 13:00:00,0.19626736958934518,0.022197558268590455,901
2022-01-13 14:00:00,0.2983344660194175,0.210124826629681,1442
2022-01-13 15:00:00,0.17291484806629834,0.04488950276243094,1448
2022-01-13 16:00:00,0.21805467464472703,0.1219147344801795,1337
2022-01-13 17:00:00,0.21738008705114253,0.12404787812840043,1838
2022-01-13 18:00:00,0.17959033130493576,0.06017579445571332,1479
2022-01-13 19:00:00,0.18035043859649125,0.008771929824561403,1140
2022-01-13 20:00:00,0.16593033788641265,-0.02228612508986341,1391
2022-01-13 21:00:00,0.1362246515040352,-0.001467351430667645,1363
2022-01-13 22:00:00,0.16191021967526267,-0.009551098376313277,1047
2022-01-13 23:00:00,0.17673694852941177,0.02297794117647059,1088
2022-01-14 00:00:00,0.0,0.0,0
2022-01-14 01:00:00,0.0,0.0,0
2022-01-14 02:00:00,0.0,0.0,0
2022-01-14 03:00:00,0.0,0.0,0
2022-01-14 04:00:00,0.0,0.0,0
2022-01-14 05:00:00,0.0,0.0,0
2022-01-14 06:00:00,0.0,0.0,0
2022-01-14 07:00:00,0.0,0.0,0
2022-01-14 08:00:00,0.0,0.0,0
2022-01-14 09:00:00,0.21270858895705522,-0.03067484662576687,163
2022-01-14 10:00:00,0.15857204301075267,-0.024193548387096774,372
2022-01-14 11:00:00,0.13205,-0.08847736625514403,486
2022-01-14 12:00:00,0.15607655172413792,-0.013793103448275862,435
2022-01-14 13:00:00,0.17251891252955082,0.028368794326241134,423
2022-01-14 14:00:00,0.23298754014129736,0.10661528580603725,1557
2022-01-14 15:00:00,0.22072846108140226,0.0647653000594177,1683
2022-01-14 16:00:00,0.2847594175960347,0.16790582403965304,1614
2022-01-14 17:00:00,0.27546114058355436,0.10809018567639257,1508
2022-01-14 18:00:00,0.1769793010752688,0.07056451612903226,1488
2022-01-14 19:00:00,0.18216004319654427,0.043916486681065514,1389
2022-01-14 20:00:00,0.20288457711442787,0.029850746268656716,1206
2022-01-14 21:00:00,0.18894828519855597,0.005415162454873646,1108
2022-01-14 22:00:00,0.2017383,0.02,1000
2022-01-14 23:00:00,0.22613361266294224,-0.0074487895716946,1074
2022-01-15 00:00:00,0.0,0.0,0
2022-01-15 01:00:00,0.0,0.0,0
2022-01-15 02:00:00,0.0,0.0,0
2022-01-15 03:00:00,0.0,0.0,0
2022-01-15 04:00:00,0.0,0.0,0
2022-01-15 05:00:00,0.0,0.0,0
2022-01-15 06:00:00,0.0,0.0,0
2022-01-15 07:00:00,0.0,0.0,0
2022-01-15 08:00:00,0.0,0.0,0
2022-01-15 09:00:00,0.0,0.0,0
2022-01-15 10:00:00,0.0,0.0,0
2022-01-15 11:00:00,0.0,0.0,0
2022-01-15 12:00:00,0.0,0.0,0
2022-01-15 13:00:00,0.0,0.0,0
2022-01-15 14:00:00,0.0,0.0,0
2022-01-15 15:00:00,0.0,0.0,0
2022-01-15 16:00:00,0.0,0.0,0
2022-01-15 17:00:00,0.0,0.0,0
2022-01-15 18:00:00,0.0,0.0,0
2022-01-15 19:00:00,0.0,0.0,0
2022-01-15 20:00:00,0.0,0.0,0
2022-01-15 21:00:00,0.0,0.0,0
2022-01-15 22:00:00,0.0,0.0,0
2022-01-15 23:00:00,0.0,0.0,0
2022-01-16 00:00:00,0.0,0.0,0
2022-01-16 01:00:00,0.0,0.0,0
2022-01-16 02:00:00,0.0,0.0,0
2022-01-16 03:00:00,0.0,0.0,0
2022-01-16 04:00:00,0.0,0.0,0
2022-01-16 05:00:00,0.0,0.0,0
2022-01-16 06:00:00,0.0,0.0,0
2022-01-16 07:00:00,0.0,0.0,0
2022-01-16 08:00:00,0.0,0.0,0
2022-01-16 09:00:00,0.0,0.0,0
2022-01-16 10:00:00,0.0,0.0,0
2022-01-16 11:00:00,0.0,0.0,0
2022-01-16 12:00:00,0.0,0.0,0
2022-01-16 13:00:00,0.0,0.0,0
2022-01-16 14:00:00,0.0,0.0,0
2022-01-16 15:00:00,0.0,0.0,0
2022-01-16 16:00:00,0.0,0.0,0
2022-01-16 17:00:00,0.0,0.0,0
2022-01-16 18:00:00,0.0,0.0,0
2022-01-16 19:00:00,0.0,0.0,0
2022-01-16 20:00:00,0.0,0.0,0
2022-01-16 21:00:00,0.0,0.0,0
2022-01-16 22:00:00,0.0,0.0,0
2022-01-16 23:00:00,0.0,0.0,0
2022-01-17 00:00:00,0.0,0.0,0
2022-01-17 01:00:00,0.0,0.0,0
2022-01-17 02:00:00,0.0,0.0,0
2022-01-17 03:00:00,0.0,0.0,0
2022-01-17 04:00:00,0.0,0.0,0
2022-01-17 05:00:00,0.0,0.0,0
2022-01-17 06:00:00,0.0,0.0,0
2022-01-17 07:00:00,0.0,0.0,0
2022-01-17 08:00:00,0.0,0.0,0
2022-01-17 09:00:00,0.0,0.0,0
2022-01-17 10:00:00,0.0,0.0,0
2022-01-17 11:00:00,0.0,0.0,0
2022-01-17 12:00:00,0.0,0.0,0
2022-01-17 13:00:00,0.0,0.0,0
2022-01-17 14:00:00,0.0,0.0,0
2022-01-17 15:00:00,0.0,0.0,0
2022-01-17 16:00:00,0.0,0.0,0
2022-01-17 17:00:00,0.0,0.0,0
2022-01-17 18:00:00,0.0,0.0,0
2022-01-17 19:00:00,0.0,0.0,0
2022-01-17 20:00:00,0.0,0.0,0
2022-01-17 21:00:00,0.0,0.0,0
2022-01-17 22:00:00,0.0,0.0,0
2022-01-17 23:00:00,0.0,0.0,0
2022-01-18 00:00:00,0.0,0.0,0
2022-01-18 01:00:00,0.0,0.0,0
2022-01-18 02:00:00,0.0,0.0,0
2022-01-18 03:00:00,0.0,0.0,0
2022-01-18 04:00:00,0.0,0.0,0
2022-01-18 05:00:00,0.0,0.0,0
2022-01-18 06:00:00,0.0,0.0,0
2022-01-18 07:00:00,0.0,0.0,0
2022-01-18 08:00:00,0.0,0.0,0
2022-01-18 09:00:00,0.0,0.0,0
2022-01-18 10:00:00,0.0,0.0,0
2022-01-18 11:00:00,0.0,0.0,0
2022-01-18 12:00:00,0.0,0.0,0
2022-01-18 13:00:00,0.0,0.0,0
2022-01-18 14:00:00,0.0,0.0,0
2022-01-18 15:00:00,0.0,0.0,0
2022-01-18 16:00:00,0.0,0.0,0
2022-01-18 17:00:00,0.0,0.0,0
2022-01-18 18:00:00,0.0,0.0,0
2022-01-18 19:00:00,0.0,0.0,0
2022-01-18 20:00:00,0.0,0.0,0
2022-01-18 21:00:00,0.0,0.0,0
2022-01-18 22:00:00,0.0,0.0,0
2022-01-18 23:00:00,0.0,0.0,0
2022-01-19 00:00:00,0.0,0.0,0
2022-01-19 01:00:00,0.0,0.0,0
2022-01-19 02:00:00,0.0,0.0,0
2022-01-19 03:00:00,0.0,0.0,0
2022-01-19 04:00:00,0.0,0.0,0
2022-01-19 05:00:00,0.0,0.0,0
2022-01-19 06:00:00,0.0,0.0,0
2022-01-19 07:00:00,0.0,0.0,0
2022-01-19 08:00:00,0.0,0.0,0
2022-01-19 09:00:00,0.0,0.0,0
2022-01-19 10:00:00,0.0,0.0,0
2022-01-19 11:00:00,0.0,0.0,0
2022-01-19 12:00:00,0.0,0.0,0
2022-01-19 13:00:00,0.0,0.0,0
2022-01-19 14:00:00,0.0,0.0,0
2022-01-19 15:00:00,0.0,0.0,0
2022-01-19 16:00:00,0.0,0.0,0
2022-01-19 17:00:00,0.0,0.0,0
2022-01-19 18:00:00,0.0,0.0,0
2022-01-19 19:00:00,0.1349734693877551,-0.047619047619047616,441
2022-01-19 20:00:00,0.19020554156171285,-0.017632241813602016,397
2022-01-19 21:00:00,0.1572815303430079,-0.023746701846965697,379
2022-01-19 22:00:00,0.2058546961325967,-0.013812154696132596,362
2022-01-19 23:00:00,0.1968032738095238,-0.03571428571428571,336
2022-01-20 00:00:00,0.13816581469648562,0.0,313
2022-01-20 01:00:00,0.1621608280254777,-0.06050955414012739,314
2022-01-20 02:00:00,0.1526679487179487,0.0,312
2022-01-20 03:00:00,0.1700634441087613,0.03323262839879154,331
2022-01-20 04:00:00,0.19717710437710437,0.003367003367003367,297
2022-01-20 05:00:00,0.14710422535211268,-0.08098591549295775,284
2022-01-20 06:00:00,0.14627275862068967,-0.09310344827586207,290
2022-01-20 07:00:00,0.18631568047337277,0.008875739644970414,338
2022-01-20 08:00:00,0.29187254408060453,0.1964735516372796,397
2022-01-20 09:00:00,-0.0567166,-0.086,500
2022-01-20 10:00:00,0.09091157635467981,-0.07142857142857142,406
2022-01-20 11:00:00,0.1474544776119403,-0.004975124378109453,402
2022-01-20 12:00:00,0.19517297297297298,-0.0518018018018018,444
2022-01-20 13:00:00,0.16095466417910448,-0.08022388059701492,536
2022-01-20 14:00:00,0.19733307790549168,0.008939974457215836,783
2022-01-20 15:00:00,0.19510721544715448,0.05386178861788618,984
2022-01-20 16:00:00,0.2791887434554974,0.1649214659685864,764
2022-01-20 17:00:00,0.21936947723440134,0.05564924114671164,593
2022-01-20 18:00:00,0.14228134328358208,-0.06467661691542288,402
2022-01-20 19:00:00,0.13599562363238513,-0.06564551422319474,457
2022-01-20 20:00:00,0.15675295404814005,-0.06345733041575492,457
2022-01-20 21:00:00,0.16382043165467625,-0.11079136690647481,695
2022-01-20 22:00:00,0.08315301369863014,-0.2,730
2022-01-20 23:00:00,0.1466710906701708,-0.08804204993429698,761
2022-01-21 00:00:00,0.18070545938748336,-0.009320905459387484,751
2022-01-21 01:00:00,0.0550429435483871,-0.2217741935483871,496
2022-01-21 02:00:00,0.058215107913669066,-0.22062350119904076,834
2022-01-21 03:00:00,0.09325468431771894,-0.1934826883910387,982
2022-01-21 04:00:00,0.09283726474278543,-0.1493099121706399,797
2022-01-21 05:00:00,0.07516038647342994,-0.16908212560386474,621
2022-01-21 06:00:00,-0.005361081081081078,-0.05621621621621622,925
2022-01-21 07:00:00,0.36240468085106387,0.35602836879432626,1410
2022-01-21 08:00:00,0.11395436702649657,-0.03532875368007851,1019
2022-01-21 09:00:00,0.2530826710816777,0.18984547461368653,906
2022-01-21 10:00:00,0.35452077821011674,0.31828793774319064,1285
2022-01-21 11:00:00,0.3871304268846503,0.37693006357856496,1101
2022-01-21 12:00:00,0.2407199090909091,0.09727272727272727,1100
2022-01-21 13:00:00,0.11608970251716247,-0.10411899313501144,874
2022-01-21 14:00:00,0.1027251948051948,-0.12077922077922078,770
2022-01-21 15:00:00,0.16174924471299093,-0.022155085599194362,993
2022-01-21 16:00:00,0.048453663366336636,-0.1504950495049505,1010
2022-01-21 17:00:00,0.27301579925650554,0.1533457249070632,1076
2022-01-21 18:00:00,0.19369403824521933,0.021372328458942633,889
2022-01-21 19:00:00,0.18585287517531557,0.008415147265077139,713
2022-01-21 20:00:00,0.1097839246119734,-0.14412416851441243,902
2022-01-21 21:00:00,0.05740588235294118,-0.1980392156862745,1020
2022-01-21 22:00:00,0.09456071964017991,-0.17391304347826086,1334
2022-01-21 23:00:00,0.08444057692307692,-0.17115384615384616,1040
2022-01-22 00:00:00,0.10251462450592885,-0.13438735177865613,759
2022-01-22 01:00:00,0.13708596187175043,-0.11785095320623917,577
2022-01-22 02:00:00,0.09815930018416207,-0.13075506445672191,543
2022-01-22 03:00:00,0.12758902654867257,-0.1486725663716814,565
2022-01-22 04:00:00,0.12599749999999998,-0.08571428571428572,1120
2022-01-22 05:00:00,0.11866678507992895,0.13380698638247485,1689
2022-01-22 06:00:00,0.1196579005524862,0.020441988950276244,1810
2022-01-22 07:00:00,0.0832045029239766,-0.11345029239766082,1710
2022-01-22 08:00:00,0.14214269709543567,0.07551867219917012,2410
2022-01-22 09:00:00,0.2024128370221328,0.0925553319919517,2485
2022-01-22 10:00:00,0.15243775100401608,-0.006358768406961178,2988
2022-01-22 11:00:00,0.17261459227467812,-0.02017167381974249,2330
2022-01-22 12:00:00,0.12227174018419777,-0.06107610276296655,2063
2022-01-22 13:00:00,0.12747509025270756,-0.08045384218669417,1939
2022-01-22 14:00:00,0.13651517902168434,-0.05849722642460918,1983
2022-01-22 15:00:00,0.19779228499156828,0.015598650927487353,2372
2022-01-22 16:00:00,0.19437350611951043,0.05399568034557235,2778
2022-01-22 17:00:00,0.13373936372269707,-0.09021842355175688,2106
2022-01-22 18:00:00,0.12474045608108109,-0.051942567567567564,2368
2022-01-22 19:00:00,0.1235146872166818,-0.027651858567543066,2206
2022-01-22 20:00:00,0.08704176685833769,-0.06429691583899634,1913
2022-01-22 21:00:00,0.14569061889250814,-0.09902280130293159,1535
2022-01-22 22:00:00,0.1317777065983344,-0.13324791800128122,1561
2022-01-22 23:00:00,0.17692838214783824,-0.07810320781032078,1434
2022-01-23 00:00:00,0.0,0.0,0
2022-01-23 01:00:00,0.0,0.0,0
2022-01-23 02:00:00,0.0,0.0,0
2022-01-23 03:00:00,0.0,0.0,0
2022-01-23 04:00:00,0.0,0.0,0
2022-01-23 05:00:00,0.0,0.0,0
2022-01-23 06:00:00,0.0,0.0,0
2022-01-23 07:00:00,0.0,0.0,0
2022-01-23 08:00:00,0.0,0.0,0
2022-01-23 09:00:00,0.0,0.0,0
2022-01-23 10:00:00,0.0,0.0,0
2022-01-23 11:00:00,0.0,0.0,0
2022-01-23 12:00:00,0.0,0.0,0
2022-01-23 13:00:00,0.0,0.0,0
2022-01-23 14:00:00,0.0,0.0,0
2022-01-23 15:00:00,0.0,0.0,0
2022-01-23 16:00:00,0.0,0.0,0
2022-01-23 17:00:00,0.0,0.0,0
2022-01-23 18:00:00,0.0,0.0,0
2022-01-23 19:00:00,0.0,0.0,0
2022-01-23 20:00:00,0.0,0.0,0
2022-01-23 21:00:00,0.0,0.0,0
2022-01-23 22:00:00,0.0,0.0,0
2022-01-23 23:00:00,0.0,0.0,0
2022-01-24 00:00:00,0.0,0.0,0
2022-01-24 01:00:00,0.0,0.0,0
2022-01-24 02:00:00,0.0,0.0,0
2022-01-24 03:00:00,0.0,0.0,0
2022-01-24 04:00:00,0.0,0.0,0
2022-01-24 05:00:00,0.0,0.0,0
2022-01-24 06:00:00,0.0,0.0,0
2022-01-24 07:00:00,0.0,0.0,0
2022-01-24 08:00:00,0.0,0.0,0
2022-01-24 09:00:00,0.0,0.0,0
2022-01-24 10:00:00,0.0,0.0,0
2022-01-24 11:00:00,0.0,0.0,0
2022-01-24 12:00:00,0.0,0.0,0
2022-01-24 13:00:00,0.0,0.0,0
2022-01-24 14:00:00,0.0,0.0,0
2022-01-24 15:00:00,0.0,0.0,0
2022-01-24 16:00:00,0.0,0.0,0
2022-01-24 17:00:00,0.0,0.0,0
2022-01-24 18:00:00,0.0,0.0,0
2022-01-24 19:00:00,0.0,0.0,0
2022-01-24 20:00:00,0.0,0.0,0
2022-01-24 21:00:00,0.0,0.0,0
2022-01-24 22:00:00,0.0,0.0,0
2022-01-24 23:00:00,0.0,0.0,0
2022-01-25 00:00:00,0.0,0.0,0
2022-01-25 01:00:00,0.0,0.0,0
2022-01-25 02:00:00,0.0,0.0,0
2022-01-25 03:00:00,0.0,0.0,0
2022-01-25 04:00:00,0.0,0.0,0
2022-01-25 05:00:00,0.0,0.0,0
2022-01-25 06:00:00,0.0,0.0,0
2022-01-25 07:00:00,0.0,0.0,0
2022-01-25 08:00:00,0.0,0.0,0
2022-01-25 09:00:00,0.0,0.0,0
2022-01-25 10:00:00,0.0,0.0,0
2022-01-25 11:00:00,0.0,0.0,0
2022-01-25 12:00:00,0.0,0.0,0
2022-01-25 13:00:00,0.0,0.0,0
2022-01-25 14:00:00,0.0,0.0,0
2022-01-25 15:00:00,0.0,0.0,0
2022-01-25 16:00:00,0.0,0.0,0
2022-01-25 17:00:00,0.0,0.0,0
2022-01-25 18:00:00,0.0,0.0,0
2022-01-25 19:00:00,0.0,0.0,0
2022-01-25 20:00:00,0.0,0.0,0
2022-01-25 21:00:00,0.0,0.0,0
2022-01-25 22:00:00,0.0,0.0,0
2022-01-25 23:00:00,0.0,0.0,0
2022-01-26 00:00:00,0.0,0.0,0
2022-01-26 01:00:00,0.0,0.0,0
2022-01-26 02:00:00,0.0,0.0,0
2022-01-26 03:00:00,0.0,0.0,0
2022-01-26 04:00:00,0.0,0.0,0
2022-01-26 05:00:00,0.0,0.0,0
2022-01-26 06:00:00,0.0,0.0,0
2022-01-26 07:00:00,0.0,0.0,0
2022-01-26 08:00:00,0.0,0.0,0
2022-01-26 09:00:00,0.0,0.0,0
2022-01-26 10:00:00,0.0,0.0,0
2022-01-26 11:00:00,0.0,0.0,0
2022-01-26 12:00:00,0.0,0.0,0
2022-01-26 13:00:00,0.0,0.0,0
2022-01-26 14:00:00,0.0,0.0,0
2022-01-26 15:00:00,0.0,0.0,0
2022-01-26 16:00:00,0.0,0.0,0
2022-01-26 17:00:00,0.0,0.0,0
2022-01-26 18:00:00,0.0,0.0,0
2022-01-26 19:00:00,0.0,0.0,0
2022-01-26 20:00:00,0.0,0.0,0
2022-01-26 21:00:00,0.0,0.0,0
2022-01-26 22:00:00,0.0,0.0,0
2022-01-26 23:00:00,0.0,0.0,0
2022-01-27 00:00:00,0.0,0.0,0
2022-01-27 01:00:00,0.0,0.0,0
2022-01-27 02:00:00,0.0,0.0,0
2022-01-27 03:00:00,0.0,0.0,0
2022-01-27 04:00:00,0.0,0.0,0
2022-01-27 05:00:00,0.0,0.0,0
2022-01-27 06:00:00,0.0,0.0,0
2022-01-27 07:00:00,0.0,0.0,0
2022-01-27 08:00:00,0.0,0.0,0
2022-01-27 09:00:00,0.0,0.0,0
2022-01-27 10:00:00,0.0,0.0,0
2022-01-27 11:00:00,0.0,0.0,0
2022-01-27 12:00:00,0.0,0.0,0
2022-01-27 13:00:00,0.0,0.0,0
2022-01-27 14:00:00,0.0,0.0,0
2022-01-27 15:00:00,0.0,0.0,0
2022-01-27 16:00:00,0.0,0.0,0
2022-01-27 17:00:00,0.0,0.0,0
2022-01-27 18:00:00,0.0,0.0,0
2022-01-27 19:00:00,0.0,0.0,0
2022-01-27 20:00:00,0.0,0.0,0
2022-01-27 21:00:00,0.0,0.0,0
2022-01-27 22:00:00,0.0,0.0,0
2022-01-27 23:00:00,0.0,0.0,0
2022-01-28 00:00:00,0.0,0.0,0
2022-01-28 01:00:00,0.0,0.0,0
2022-01-28 02:00:00,0.0,0.0,0
2022-01-28 03:00:00,0.0,0.0,0
2022-01-28 04:00:00,0.0,0.0,0
2022-01-28 05:00:00,0.0,0.0,0
2022-01-28 06:00:00,0.0,0.0,0
2022-01-28 07:00:00,0.0,0.0,0
2022-01-28 08:00:00,0.0,0.0,0
2022-01-28 09:00:00,0.0,0.0,0
2022-01-28 10:00:00,0.0,0.0,0
2022-01-28 11:00:00,0.0,0.0,0
2022-01-28 12:00:00,0.0,0.0,0
2022-01-28 13:00:00,0.0,0.0,0
2022-01-28 14:00:00,0.0,0.0,0
2022-01-28 15:00:00,0.0,0.0,0
2022-01-28 16:00:00,0.0,0.0,0
2022-01-28 17:00:00,0.0,0.0,0
2022-01-28 18:00:00,0.0,0.0,0
2022-01-28 19:00:00,0.0,0.0,0
2022-01-28 20:00:00,0.0,0.0,0
2022-01-28 21:00:00,0.0,0.0,0
2022-01-28 22:00:00,0.0,0.0,0
2022-01-28 23:00:00,0.0,0.0,0
2022-01-29 00:00:00,0.0,0.0,0
2022-01-29 01:00:00,0.0,0.0,0
2022-01-29 02:00:00,0.0,0.0,0
2022-01-29 03:00:00,0.0,0.0,0
2022-01-29 04:00:00,0.0,0.0,0
2022-01-29 05:00:00,0.0,0.0,0
2022-01-29 06:00:00,0.0,0.0,0
2022-01-29 07:00:00,0.0,0.0,0
2022-01-29 08:00:00,0.0,0.0,0
2022-01-29 09:00:00,0.0,0.0,0
2022-01-29 10:00:00,0.0,0.0,0
2022-01-29 11:00:00,0.0,0.0,0
2022-01-29 12:00:00,0.0,0.0,0
2022-01-29 13:00:00,0.0,0.0,0
2022-01-29 14:00:00,0.0,0.0,0
2022-01-29 15:00:00,0.0,0.0,0
2022-01-29 16:00:00,0.0,0.0,0
2022-01-29 17:00:00,0.0,0.0,0
2022-01-29 18:00:00,0.0,0.0,0
2022-01-29 19:00:00,0.0,0.0,0
2022-01-29 20:00:00,0.0,0.0,0
2022-01-29 21:00:00,0.0,0.0,0
2022-01-29 22:00:00,0.0,0.0,0
2022-01-29 23:00:00,0.0,0.0,0
2022-01-30 00:00:00,0.0,0.0,0
2022-01-30 01:00:00,0.0,0.0,0
2022-01-30 02:00:00,0.0,0.0,0
2022-01-30 03:00:00,0.0,0.0,0
2022-01-30 04:00:00,0.0,0.0,0
2022-01-30 05:00:00,0.0,0.0,0
2022-01-30 06:00:00,0.0,0.0,0
2022-01-30 07:00:00,0.0,0.0,0
2022-01-30 08:00:00,0.0,0.0,0
2022-01-30 09:00:00,0.0,0.0,0
2022-01-30 10:00:00,0.0,0.0,0
2022-01-30 11:00:00,0.0,0.0,0
2022-01-30 12:00:00,0.0,0.0,0
2022-01-30 13:00:00,0.0,0.0,0
2022-01-30 14:00:00,0.0,0.0,0
2022-01-30 15:00:00,0.0,0.0,0
2022-01-30 16:00:00,0.0,0.0,0
2022-01-30 17:00:00,0.0,0.0,0
2022-01-30 18:00:00,0.0,0.0,0
2022-01-30 19:00:00,0.0,0.0,0
2022-01-30 20:00:00,0.0,0.0,0
2022-01-30 21:00:00,0.0,0.0,0
2022-01-30 22:00:00,0.0,0.0,0
2022-01-30 23:00:00,0.0,0.0,0
2022-01-31 00:00:00,0.0,0.0,0
2022-01-31 01:00:00,0.0,0.0,0
2022-01-31 02:00:00,0.0,0.0,0
2022-01-31 03:00:00,0.0,0.0,0
2022-01-31 04:00:00,0.0,0.0,0
2022-01-31 05:00:00,0.0,0.0,0
2022-01-31 06:00:00,0.0,0.0,0
2022-01-31 07:00:00,0.0,0.0,0
2022-01-31 08:00:00,0.0,0.0,0
2022-01-31 09:00:00,0.0,0.0,0
2022-01-31 10:00:00,0.0,0.0,0
2022-01-31 11:00:00,0.0,0.0,0
2022-01-31 12:00:00,0.0,0.0,0
2022-01-31 13:00:00,0.0,0.0,0
2022-01-31 14:00:00,0.0,0.0,0
2022-01-31 15:00:00,0.0,0.0,0
2022-01-31 16:00:00,0.0,0.0,0
2022-01-31 17:00:00,0.0,0.0,0
2022-01-31 18:00:00,0.0,0.0,0
2022-01-31 19:00:00,0.0,0.0,0
2022-01-31 20:00:00,0.0,0.0,0
2022-01-31 21:00:00,0.0,0.0,0
2022-01-31 22:00:00,0.0,0.0,0
2022-01-31 23:00:00,0.0,0.0,0
2022-02-01 00:00:00,0.0,0.0,0
2022-02-01 01:00:00,0.0,0.0,0
2022-02-01 02:00:00,0.0,0.0,0
2022-02-01 03:00:00,0.0,0.0,0
2022-02-01 04:00:00,0.0,0.0,0
2022-02-01 05:00:00,0.0,0.0,0
2022-02-01 06:00:00,0.0,0.0,0
2022-02-01 07:00:00,0.0,0.0,0
2022-02-01 08:00:00,0.0,0.0,0
2022-02-01 09:00:00,0.0,0.0,0
2022-02-01 10:00:00,0.0,0.0,0
2022-02-01 11:00:00,0.0,0.0,0
2022-02-01 12:00:00,0.0,0.0,0
2022-02-01 13:00:00,0.0,0.0,0
2022-02-01 14:00:00,0.0,0.0,0
2022-02-01 15:00:00,0.0,0.0,0
2022-02-01 16:00:00,0.0,0.0,0
2022-02-01 17:00:00,0.0,0.0,0
2022-02-01 18:00:00,0.0,0.0,0
2022-02-01 19:00:00,0.0,0.0,0
2022-02-01 20:00:00,0.0,0.0,0
2022-02-01 21:00:00,0.0,0.0,0
2022-02-01 22:00:00,0.0,0.0,0
2022-02-01 23:00:00,0.0,0.0,0
2022-02-02 00:00:00,0.0,0.0,0
2022-02-02 01:00:00,0.0,0.0,0
2022-02-02 02:00:00,0.0,0.0,0
2022-02-02 03:00:00,0.0,0.0,0
2022-02-02 04:00:00,0.0,0.0,0
2022-02-02 05:00:00,0.0,0.0,0
2022-02-02 06:00:00,0.0,0.0,0
2022-02-02 07:00:00,0.0,0.0,0
2022-02-02 08:00:00,0.0,0.0,0
2022-02-02 09:00:00,0.0,0.0,0
2022-02-02 10:00:00,0.0,0.0,0
2022-02-02 11:00:00,0.0,0.0,0
2022-02-02 12:00:00,0.0,0.0,0
2022-02-02 13:00:00,0.0,0.0,0
2022-02-02 14:00:00,0.0,0.0,0
2022-02-02 15:00:00,0.0,0.0,0
2022-02-02 16:00:00,0.0,0.0,0
2022-02-02 17:00:00,0.0,0.0,0
2022-02-02 18:00:00,0.0,0.0,0
2022-02-02 19:00:00,0.0,0.0,0
2022-02-02 20:00:00,0.0,0.0,0
2022-02-02 21:00:00,0.0,0.0,0
2022-02-02 22:00:00,0.0,0.0,0
2022-02-02 23:00:00,0.0,0.0,0
2022-02-03 00:00:00,0.0,0.0,0
2022-02-03 01:00:00,0.0,0.0,0
2022-02-03 02:00:00,0.0,0.0,0
2022-02-03 03:00:00,0.0,0.0,0
2022-02-03 04:00:00,0.0,0.0,0
2022-02-03 05:00:00,0.0,0.0,0
2022-02-03 06:00:00,0.0,0.0,0
2022-02-03 07:00:00,0.0,0.0,0
2022-02-03 08:00:00,0.0,0.0,0
2022-02-03 09:00:00,0.0,0.0,0
2022-02-03 10:00:00,0.0,0.0,0
2022-02-03 11:00:00,0.0,0.0,0
2022-02-03 12:00:00,0.0,0.0,0
2022-02-03 13:00:00,0.0,0.0,0
2022-02-03 14:00:00,0.0,0.0,0
2022-02-03 15:00:00,0.0,0.0,0
2022-02-03 16:00:00,0.0,0.0,0
2022-02-03 17:00:00,0.0,0.0,0
2022-02-03 18:00:00,0.0,0.0,0
2022-02-03 19:00:00,0.0,0.0,0
2022-02-03 20:00:00,0.0,0.0,0
2022-02-03 21:00:00,0.0,0.0,0
2022-02-03 22:00:00,0.0,0.0,0
2022-02-03 23:00:00,0.0,0.0,0
2022-02-04 00:00:00,0.0,0.0,0
2022-02-04 01:00:00,0.0,0.0,0
2022-02-04 02:00:00,0.0,0.0,0
2022-02-04 03:00:00,0.0,0.0,0
2022-02-04 04:00:00,0.0,0.0,0
2022-02-04 05:00:00,0.0,0.0,0
2022-02-04 06:00:00,0.0,0.0,0
2022-02-04 07:00:00,0.0,0.0,0
2022-02-04 08:00:00,0.0,0.0,0
2022-02-04 09:00:00,0.0,0.0,0
2022-02-04 10:00:00,0.0,0.0,0
2022-02-04 11:00:00,0.0,0.0,0
2022-02-04 12:00:00,0.0,0.0,0
2022-02-04 13:00:00,0.0,0.0,0
2022-02-04 14:00:00,0.0,0.0,0
2022-02-04 15:00:00,0.0,0.0,0
2022-02-04 16:00:00,0.0,0.0,0
2022-02-04 17:00:00,0.0,0.0,0
2022-02-04 18:00:00,0.0,0.0,0
2022-02-04 19:00:00,0.0,0.0,0
2022-02-04 20:00:00,0.0,0.0,0
2022-02-04 21:00:00,0.0,0.0,0
2022-02-04 22:00:00,0.0,0.0,0
2022-02-04 23:00:00,0.0,0.0,0
2022-02-05 00:00:00,0.0,0.0,0
2022-02-05 01:00:00,0.0,0.0,0
2022-02-05 02:00:00,0.0,0.0,0
2022-02-05 03:00:00,0.0,0.0,0
2022-02-05 04:00:00,0.0,0.0,0
2022-02-05 05:00:00,0.0,0.0,0
2022-02-05 06:00:00,0.0,0.0,0
2022-02-05 07:00:00,0.0,0.0,0
2022-02-05 08:00:00,0.0,0.0,0
2022-02-05 09:00:00,0.0,0.0,0
2022-02-05 10:00:00,0.0,0.0,0
2022-02-05 11:00:00,0.0,0.0,0
2022-02-05 12:00:00,0.0,0.0,0
2022-02-05 13:00:00,0.0,0.0,0
2022-02-05 14:00:00,0.0,0.0,0
2022-02-05 15:00:00,0.0,0.0,0
2022-02-05 16:00:00,0.0,0.0,0
2022-02-05 17:00:00,0.0,0.0,0
2022-02-05 18:00:00,0.0,0.0,0
2022-02-05 19:00:00,0.0,0.0,0
2022-02-05 20:00:00,0.0,0.0,0
2022-02-05 21:00:00,0.0,0.0,0
2022-02-05 22:00:00,0.0,0.0,0
2022-02-05 23:00:00,0.0,0.0,0
2022-02-06 00:00:00,0.0,0.0,0
2022-02-06 01:00:00,0.0,0.0,0
2022-02-06 02:00:00,0.0,0.0,0
2022-02-06 03:00:00,0.0,0.0,0
2022-02-06 04:00:00,0.0,0.0,0
2022-02-06 05:00:00,0.0,0.0,0
2022-02-06 06:00:00,0.0,0.0,0
2022-02-06 07:00:00,0.0,0.0,0
2022-02-06 08:00:00,0.0,0.0,0
2022-02-06 09:00:00,0.0,0.0,0
2022-02-06 10:00:00,0.0,0.0,0
2022-02-06 11:00:00,0.0,0.0,0
2022-02-06 12:00:00,0.0,0.0,0
2022-02-06 13:00:00,0.0,0.0,0
2022-02-06 14:00:00,0.0,0.0,0
2022-02-06 15:00:00,0.0,0.0,0
2022-02-06 16:00:00,0.0,0.0,0
2022-02-06 17:00:00,0.0,0.0,0
2022-02-06 18:00:00,0.0,0.0,0
2022-02-06 19:00:00,0.0,0.0,0
2022-02-06 20:00:00,0.0,0.0,0
2022-02-06 21:00:00,0.0,0.0,0
2022-02-06 22:00:00,0.0,0.0,0
2022-02-06 23:00:00,0.0,0.0,0
2022-02-07 00:00:00,0.0,0.0,0
2022-02-07 01:00:00,0.0,0.0,0
2022-02-07 02:00:00,0.0,0.0,0
2022-02-07 03:00:00,0.0,0.0,0
2022-02-07 04:00:00,0.0,0.0,0
2022-02-07 05:00:00,0.0,0.0,0
2022-02-07 06:00:00,0.0,0.0,0
2022-02-07 07:00:00,0.0,0.0,0
2022-02-07 08:00:00,0.0,0.0,0
2022-02-07 09:00:00,0.0,0.0,0
2022-02-07 10:00:00,0.0,0.0,0
2022-02-07 11:00:00,0.0,0.0,0
2022-02-07 12:00:00,0.0,0.0,0
2022-02-07 13:00:00,0.0,0.0,0
2022-02-07 14:00:00,0.0,0.0,0
2022-02-07 15:00:00,0.0,0.0,0
2022-02-07 16:00:00,0.0,0.0,0
2022-02-07 17:00:00,0.0,0.0,0
2022-02-07 18:00:00,0.0,0.0,0
2022-02-07 19:00:00,0.0,0.0,0
2022-02-07 20:00:00,0.0,0.0,0
2022-02-07 21:00:00,0.0,0.0,0
2022-02-07 22:00:00,0.0,0.0,0
2022-02-07 23:00:00,0.0,0.0,0
2022-02-08 00:00:00,0.0,0.0,0
2022-02-08 01:00:00,0.0,0.0,0
2022-02-08 02:00:00,0.0,0.0,0
2022-02-08 03:00:00,0.0,0.0,0
2022-02-08 04:00:00,0.0,0.0,0
2022-02-08 05:00:00,0.0,0.0,0
2022-02-08 06:00:00,0.0,0.0,0
2022-02-08 07:00:00,0.0,0.0,0
2022-02-08 08:00:00,0.0,0.0,0
2022-02-08 09:00:00,0.0,0.0,0
2022-02-08 10:00:00,0.0,0.0,0
2022-02-08 11:00:00,0.0,0.0,0
2022-02-08 12:00:00,0.0,0.0,0
2022-02-08 13:00:00,0.0,0.0,0
2022-02-08 14:00:00,0.0,0.0,0
2022-02-08 15:00:00,0.0,0.0,0
2022-02-08 16:00:00,0.0,0.0,0
2022-02-08 17:00:00,0.0,0.0,0
2022-02-08 18:00:00,0.0,0.0,0
2022-02-08 19:00:00,0.0,0.0,0
2022-02-08 20:00:00,0.0,0.0,0
2022-02-08 21:00:00,0.0,0.0,0
2022-02-08 22:00:00,0.0,0.0,0
2022-02-08 23:00:00,0.0,0.0,0
2022-02-09 00:00:00,0.0,0.0,0
2022-02-09 01:00:00,0.0,0.0,0
2022-02-09 02:00:00,0.0,0.0,0
2022-02-09 03:00:00,0.0,0.0,0
2022-02-09 04:00:00,0.0,0.0,0
2022-02-09 05:00:00,0.0,0.0,0
2022-02-09 06:00:00,0.0,0.0,0
2022-02-09 07:00:00,0.0,0.0,0
2022-02-09 08:00:00,0.0,0.0,0
2022-02-09 09:00:00,0.0,0.0,0
2022-02-09 10:00:00,0.0,0.0,0
2022-02-09 11:00:00,0.0,0.0,0
2022-02-09 12:00:00,0.0,0.0,0
2022-02-09 13:00:00,0.0,0.0,0
2022-02-09 14:00:00,0.10417136563876651,-0.11806167400881057,1135
2022-02-09 15:00:00,0.14031720067453626,-0.0567734682405846,1779
2022-02-09 16:00:00,0.23002148557397176,0.08594229588704727,1629
2022-02-09 17:00:00,-0.014427328499721132,-0.27607361963190186,1793
2022-02-09 18:00:00,0.15427036262203628,-0.00906555090655509,1434
2022-02-09 19:00:00,0.15885484598046581,-0.009015777610818933,1331
2022-02-09 20:00:00,0.1830738150738151,0.003885003885003885,1287
2022-02-09 21:00:00,0.18229507772020725,-0.007124352331606218,1544
2022-02-09 22:00:00,0.2093095201827875,-0.0030464584920030465,1313
2022-02-09 23:00:00,0.1699049233252623,-0.018563357546408393,1239
2022-02-10 00:00:00,0.0,0.0,0
2022-02-10 01:00:00,0.0,0.0,0
2022-02-10 02:00:00,0.0,0.0,0
2022-02-10 03:00:00,0.0,0.0,0
2022-02-10 04:00:00,0.0,0.0,0
2022-02-10 05:00:00,0.0,0.0,0
2022-02-10 06:00:00,0.0,0.0,0
2022-02-10 07:00:00,0.0,0.0,0
2022-02-10 08:00:00,0.0,0.0,0
2022-02-10 09:00:00,0.0,0.0,0
2022-02-10 10:00:00,0.0,0.0,0
2022-02-10 11:00:00,0.0,0.0,0
2022-02-10 12:00:00,0.0,0.0,0
2022-02-10 13:00:00,0.0,0.0,0
2022-02-10 14:00:00,0.0,0.0,0
2022-02-10 15:00:00,0.0,0.0,0
2022-02-10 16:00:00,0.0,0.0,0
2022-02-10 17:00:00,0.0,0.0,0
2022-02-10 18:00:00,0.0,0.0,0
2022-02-10 19:00:00,0.0,0.0,0
2022-02-10 20:00:00,0.0,0.0,0
2022-02-10 21:00:00,0.0,0.0,0
2022-02-10 22:00:00,0.0,0.0,0
2022-02-10 23:00:00,0.0,0.0,0
2022-02-11 00:00:00,0.0,0.0,0
2022-02-11 01:00:00,0.0,0.0,0
2022-02-11 02:00:00,0.0,0.0,0
2022-02-11 03:00:00,0.0,0.0,0
2022-02-11 04:00:00,0.0,0.0,0
2022-02-11 05:00:00,0.0,0.0,0
2022-02-11 06:00:00,0.0,0.0,0
2022-02-11 07:00:00,0.0,0.0,0
2022-02-11 08:00:00,0.0,0.0,0
2022-02-11 09:00:00,0.0,0.0,0
2022-02-11 10:00:00,0.0,0.0,0
2022-02-11 11:00:00,0.0,0.0,0
2022-02-11 12:00:00,0.0,0.0,0
2022-02-11 13:00:00,0.0,0.0,0
2022-02-11 14:00:00,0.0,0.0,0
2022-02-11 15:00:00,0.0,0.0,0
2022-02-11 16:00:00,0.0,0.0,0
2022-02-11 17:00:00,0.0,0.0,0
2022-02-11 18:00:00,0.0,0.0,0
2022-02-11 19:00:00,0.0,0.0,0
2022-02-11 20:00:00,0.0,0.0,0
2022-02-11 21:00:00,0.0,0.0,0
2022-02-11 22:00:00,0.0,0.0,0
2022-02-11 23:00:00,0.0,0.0,0
2022-02-12 00:00:00,0.0,0.0,0
2022-02-12 01:00:00,0.0,0.0,0
2022-02-12 02:00:00,0.0,0.0,0
2022-02-12 03:00:00,0.0,0.0,0
2022-02-12 04:00:00,0.0,0.0,0
2022-02-12 05:00:00,0.0,0.0,0
2022-02-12 06:00:00,0.0,0.0,0
2022-02-12 07:00:00,0.0,0.0,0
2022-02-12 08:00:00,0.0,0.0,0
2022-02-12 09:00:00,0.0,0.0,0
2022-02-12 10:00:00,0.0,0.0,0
2022-02-12 11:00:00,0.0,0.0,0
2022-02-12 12:00:00,0.0,0.0,0
2022-02-12 13:00:00,0.0,0.0,0
2022-02-12 14:00:00,0.0,0.0,0
2022-02-12 15:00:00,0.0,0.0,0
2022-02-12 16:00:00,0.0,0.0,0
2022-02-12 17:00:00,0.0,0.0,0
2022-02-12 18:00:00,0.0,0.0,0
2022-02-12 19:00:00,0.0,0.0,0
2022-02-12 20:00:00,0.0,0.0,0
2022-02-12 21:00:00,0.0,0.0,0
2022-02-12 22:00:00,0.0,0.0,0
2022-02-12 23:00:00,0.0,0.0,0
2022-02-13 00:00:00,0.0,0.0,0
2022-02-13 01:00:00,0.0,0.0,0
2022-02-13 02:00:00,0.0,0.0,0
2022-02-13 03:00:00,0.0,0.0,0
2022-02-13 04:00:00,0.0,0.0,0
2022-02-13 05:00:00,0.0,0.0,0
2022-02-13 06:00:00,0.0,0.0,0
2022-02-13 07:00:00,0.0,0.0,0
2022-02-13 08:00:00,0.0,0.0,0
2022-02-13 09:00:00,0.0,0.0,0
2022-02-13 10:00:00,0.0,0.0,0
2022-02-13 11:00:00,0.0,0.0,0
2022-02-13 12:00:00,0.0,0.0,0
2022-02-13 13:00:00,0.0,0.0,0
2022-02-13 14:00:00,0.0,0.0,0
2022-02-13 15:00:00,0.0,0.0,0
2022-02-13 16:00:00,0.0,0.0,0
2022-02-13 17:00:00,0.0,0.0,0
2022-02-13 18:00:00,0.0,0.0,0
2022-02-13 19:00:00,0.0,0.0,0
2022-02-13 20:00:00,0.0,0.0,0
2022-02-13 21:00:00,0.0,0.0,0
2022-02-13 22:00:00,0.0,0.0,0
2022-02-13 23:00:00,0.0,0.0,0
2022-02-14 00:00:00,0.0,0.0,0
2022-02-14 01:00:00,0.0,0.0,0
2022-02-14 02:00:00,0.0,0.0,0
2022-02-14 03:00:00,0.0,0.0,0
2022-02-14 04:00:00,0.0,0.0,0
2022-02-14 05:00:00,0.0,0.0,0
2022-02-14 06:00:00,0.0,0.0,0
2022-02-14 07:00:00,0.0,0.0,0
2022-02-14 08:00:00,0.0,0.0,0
2022-02-14 09:00:00,0.0,0.0,0
2022-02-14 10:00:00,0.0,0.0,0
2022-02-14 11:00:00,0.0,0.0,0
2022-02-14 12:00:00,0.0,0.0,0
2022-02-14 13:00:00,0.0,0.0,0
2022-02-14 14:00:00,0.0,0.0,0
2022-02-14 15:00:00,0.0,0.0,0
2022-02-14 16:00:00,0.0,0.0,0
2022-02-14 17:00:00,0.0,0.0,0
2022-02-14 18:00:00,0.0,0.0,0
2022-02-14 19:00:00,0.0,0.0,0
2022-02-14 20:00:00,0.0745559405940594,-0.09900990099009901,202
2022-02-14 21:00:00,0.14239016018306636,-0.08009153318077804,437
2022-02-14 22:00:00,0.16998677563150075,-0.04457652303120357,1346
2022-02-14 23:00:00,0.15250833333333333,-0.07013201320132013,1212
2022-02-15 00:00:00,0.0,0.0,0
2022-02-15 01:00:00,0.0,0.0,0
2022-02-15 02:00:00,0.0,0.0,0
2022-02-15 03:00:00,0.0,0.0,0
2022-02-15 04:00:00,0.0,0.0,0
2022-02-15 05:00:00,0.0,0.0,0
2022-02-15 06:00:00,0.0,0.0,0
2022-02-15 07:00:00,0.0,0.0,0
2022-02-15 08:00:00,0.0,0.0,0
2022-02-15 09:00:00,0.0,0.0,0
2022-02-15 10:00:00,0.0,0.0,0
2022-02-15 11:00:00,0.0,0.0,0
2022-02-15 12:00:00,0.0,0.0,0
2022-02-15 13:00:00,0.0,0.0,0
2022-02-15 14:00:00,0.0,0.0,0
2022-02-15 15:00:00,0.2124550769230769,0.06153846153846154,325
2022-02-15 16:00:00,0.28237952522255194,0.24925816023738873,674
2022-02-15 17:00:00,0.20640445682451253,0.055710306406685235,718
2022-02-15 18:00:00,0.21807145390070923,0.024822695035460994,564
2022-02-15 19:00:00,0.17792854511970535,0.016574585635359115,543
2022-02-15 20:00:00,0.16287030162412994,-0.03944315545243619,431
2022-02-15 21:00:00,0.15967767584097858,-0.03058103975535168,327
2022-02-15 22:00:00,0.19864527777777777,-0.013888888888888888,360
2022-02-15 23:00:00,0.18198097447795825,-0.03248259860788863,431
2022-02-16 00:00:00,0.0,0.0,0
2022-02-16 01:00:00,0.0,0.0,0
2022-02-16 02:00:00,0.0,0.0,0
2022-02-16 03:00:00,0.0,0.0,0
2022-02-16 04:00:00,0.0,0.0,0
2022-02-16 05:00:00,0.0,0.0,0
2022-02-16 06:00:00,0.0,0.0,0
2022-02-16 07:00:00,0.0,0.0,0
2022-02-16 08:00:00,0.0,0.0,0
2022-02-16 09:00:00,0.0,0.0,0
2022-02-16 10:00:00,0.0,0.0,0
2022-02-16 11:00:00,0.0,0.0,0
2022-02-16 12:00:00,0.0,0.0,0
2022-02-16 13:00:00,0.0,0.0,0
2022-02-16 14:00:00,0.0,0.0,0
2022-02-16 15:00:00,0.0,0.0,0
2022-02-16 16:00:00,0.0,0.0,0
2022-02-16 17:00:00,0.0,0.0,0
2022-02-16 18:00:00,0.0,0.0,0
2022-02-16 19:00:00,0.14198333333333332,0.08333333333333333,12
2022-02-16 20:00:00,0.190739649122807,-0.0017543859649122807,570
2022-02-16 21:00:00,0.1796328729281768,0.0055248618784530384,362
2022-02-16 22:00:00,0.10168057851239669,-0.05165289256198347,484
2022-02-16 23:00:00,0.18109696969696967,-0.04112554112554113,462
2022-02-17 00:00:00,0.0,0.0,0
2022-02-17 01:00:00,0.0,0.0,0
2022-02-17 02:00:00,0.0,0.0,0
2022-02-17 03:00:00,0.0,0.0,0
2022-02-17 04:00:00,0.0,0.0,0
2022-02-17 05:00:00,0.0,0.0,0
2022-02-17 06:00:00,0.0,0.0,0
2022-02-17 07:00:00,0.0,0.0,0
2022-02-17 08:00:00,0.18422360742705568,-0.013262599469496022,377
2022-02-17 09:00:00,0.1654044776119403,-0.02736318407960199,402
2022-02-17 10:00:00,0.2040737819025522,-0.04640371229698376,431
2022-02-17 11:00:00,0.21743853006681513,-0.0200445434298441,449
2022-02-17 12:00:00,0.22412536997885837,0.016913319238900635,473
2022-02-17 13:00:00,0.1389260162601626,-0.061788617886178863,615
2022-02-17 14:00:00,0.17740970042796006,-0.009985734664764621,701
2022-02-17 15:00:00,0.1970848964677223,0.04141291108404385,821
2022-02-17 16:00:00,0.4385941952506596,0.4635004397537379,1137
2022-02-17 17:00:00,0.3886076923076923,0.34973166368515207,1118
2022-02-17 18:00:00,0.15459066390041493,-0.001037344398340249,964
2022-02-17 19:00:00,0.1566378787878788,-0.04040404040404041,594
2022-02-17 20:00:00,0.11711560798548093,-0.11433756805807622,551
2022-02-17 21:00:00,0.10094219474497682,-0.1391035548686244,647
2022-02-17 22:00:00,0.13810957230142568,-0.09775967413441955,491
2022-02-17 23:00:00,0.08208796680497926,-0.08506224066390042,482
2022-02-18 00:00:00,0.18891698113207547,-0.07547169811320754,477
2022-02-18 01:00:00,0.17982630331753555,-0.04265402843601896,422
2022-02-18 02:00:00,0.17712147239263804,-0.049079754601226995,326
2022-02-18 03:00:00,0.16774893617021278,-0.07801418439716312,282
2022-02-18 04:00:00,0.20139180327868852,-0.019672131147540985,305
2022-02-18 05:00:00,0.23231294498381877,-0.032362459546925564,309
2022-02-18 06:00:00,0.18730520547945206,0.0273972602739726,365
2022-02-18 07:00:00,0.18115537190082645,-0.02203856749311295,363
2022-02-18 08:00:00,0.12345659574468085,-0.07234042553191489,470
2022-02-18 09:00:00,0.20069978260869564,0.041304347826086954,460
2022-02-18 10:00:00,0.14484238875878222,-0.02107728337236534,427
2022-02-18 11:00:00,0.19211261950286806,0.03824091778202677,523
2022-02-18 12:00:00,0.35867536231884056,0.3069828722002635,759
2022-02-18 13:00:00,0.2772082167832168,0.19055944055944055,572
2022-02-18 14:00:00,0.2523800448430493,0.17825112107623317,892
2022-02-18 15:00:00,0.0,0.0,0
2022-02-18 16:00:00,0.0,0.0,0
2022-02-18 17:00:00,0.0,0.0,0
2022-02-18 18:00:00,0.0,0.0,0
2022-02-18 19:00:00,0.0,0.0,0
2022-02-18 20:00:00,0.12489787835926451,-0.07920792079207921,707
2022-02-18 21:00:00,0.18463256325632563,-0.0176017601760176,909
2022-02-18 22:00:00,0.1572182156133829,-0.03345724907063197,807
2022-02-18 23:00:00,0.10722375168690958,-0.058029689608636977,741
2022-02-19 00:00:00,0.0,0.0,0
2022-02-19 01:00:00,0.0,0.0,0
2022-02-19 02:00:00,0.0,0.0,0
2022-02-19 03:00:00,0.0,0.0,0
2022-02-19 04:00:00,0.0,0.0,0
2022-02-19 05:00:00,0.0,0.0,0
2022-02-19 06:00:00,0.0,0.0,0
2022-02-19 07:00:00,0.0,0.0,0
2022-02-19 08:00:00,0.0,0.0,0
2022-02-19 09:00:00,0.0,0.0,0
2022-02-19 10:00:00,0.0,0.0,0
2022-02-19 11:00:00,0.0,0.0,0
2022-02-19 12:00:00,0.0,0.0,0
2022-02-19 13:00:00,0.0,0.0,0
2022-02-19 14:00:00,0.0,0.0,0
2022-02-19 15:00:00,0.0,0.0,0
2022-02-19 16:00:00,0.0,0.0,0
2022-02-19 17:00:00,0.0,0.0,0
2022-02-19 18:00:00,0.0,0.0,0
2022-02-19 19:00:00,0.0,0.0,0
2022-02-19 20:00:00,0.0,0.0,0
2022-02-19 21:00:00,0.0,0.0,0
2022-02-19 22:00:00,0.0,0.0,0
2022-02-19 23:00:00,0.0,0.0,0
2022-02-20 00:00:00,0.0,0.0,0
2022-02-20 01:00:00,0.0,0.0,0
2022-02-20 02:00:00,0.0,0.0,0
2022-02-20 03:00:00,0.0,0.0,0
2022-02-20 04:00:00,0.0,0.0,0
2022-02-20 05:00:00,0.0,0.0,0
2022-02-20 06:00:00,0.0,0.0,0
2022-02-20 07:00:00,0.0,0.0,0
2022-02-20 08:00:00,0.0,0.0,0
2022-02-20 09:00:00,0.0,0.0,0
2022-02-20 10:00:00,0.0,0.0,0
2022-02-20 11:00:00,0.0,0.0,0
2022-02-20 12:00:00,0.0,0.0,0
2022-02-20 13:00:00,0.0,0.0,0
2022-02-20 14:00:00,0.0,0.0,0
2022-02-20 15:00:00,0.0,0.0,0
2022-02-20 16:00:00,0.0,0.0,0
2022-02-20 17:00:00,0.0,0.0,0
2022-02-20 18:00:00,0.0,0.0,0
2022-02-20 19:00:00,0.0,0.0,0
2022-02-20 20:00:00,0.0,0.0,0
2022-02-20 21:00:00,0.0,0.0,0
2022-02-20 22:00:00,0.0,0.0,0
2022-02-20 23:00:00,0.0,0.0,0
2022-02-21 00:00:00,0.0,0.0,0
2022-02-21 01:00:00,0.0,0.0,0
2022-02-21 02:00:00,0.0,0.0,0
2022-02-21 03:00:00,0.0,0.0,0
2022-02-21 04:00:00,0.0,0.0,0
2022-02-21 05:00:00,0.0,0.0,0
2022-02-21 06:00:00,0.0,0.0,0
2022-02-21 07:00:00,0.0,0.0,0
2022-02-21 08:00:00,0.0,0.0,0
2022-02-21 09:00:00,0.0,0.0,0
2022-02-21 10:00:00,0.0,0.0,0
2022-02-21 11:00:00,0.0,0.0,0
2022-02-21 12:00:00,0.0,0.0,0
2022-02-21 13:00:00,0.0,0.0,0
2022-02-21 14:00:00,0.0,0.0,0
2022-02-21 15:00:00,0.0,0.0,0
2022-02-21 16:00:00,0.0,0.0,0
2022-02-21 17:00:00,0.0,0.0,0
2022-02-21 18:00:00,0.0,0.0,0
2022-02-21 19:00:00,0.0,0.0,0
2022-02-21 20:00:00,0.0,0.0,0
2022-02-21 21:00:00,0.0,0.0,0
2022-02-21 22:00:00,0.0,0.0,0
2022-02-21 23:00:00,0.0,0.0,0
2022-02-22 00:00:00,0.0,0.0,0
2022-02-22 01:00:00,0.0,0.0,0
2022-02-22 02:00:00,0.0,0.0,0
2022-02-22 03:00:00,0.0,0.0,0
2022-02-22 04:00:00,0.0,0.0,0
2022-02-22 05:00:00,0.0,0.0,0
2022-02-22 06:00:00,0.0,0.0,0
2022-02-22 07:00:00,0.0,0.0,0
2022-02-22 08:00:00,0.0,0.0,0
2022-02-22 09:00:00,0.0,0.0,0
2022-02-22 10:00:00,0.0,0.0,0
2022-02-22 11:00:00,0.0,0.0,0
2022-02-22 12:00:00,0.0,0.0,0
2022-02-22 13:00:00,0.0,0.0,0
2022-02-22 14:00:00,0.0,0.0,0
2022-02-22 15:00:00,0.0,0.0,0
2022-02-22 16:00:00,0.0,0.0,0
2022-02-22 17:00:00,0.0,0.0,0
2022-02-22 18:00:00,0.0,0.0,0
2022-02-22 19:00:00,0.0,0.0,0
2022-02-22 20:00:00,0.0,0.0,0
2022-02-22 21:00:00,0.0,0.0,0
2022-02-22 22:00:00,0.0,0.0,0
2022-02-22 23:00:00,0.0,0.0,0
2022-02-23 00:00:00,0.0,0.0,0
2022-02-23 01:00:00,0.0,0.0,0
2022-02-23 02:00:00,0.0,0.0,0
2022-02-23 03:00:00,0.0,0.0,0
2022-02-23 04:00:00,0.0,0.0,0
2022-02-23 05:00:00,0.0,0.0,0
2022-02-23 06:00:00,0.0,0.0,0
2022-02-23 07:00:00,0.0,0.0,0
2022-02-23 08:00:00,0.0,0.0,0
2022-02-23 09:00:00,0.0,0.0,0
2022-02-23 10:00:00,0.0,0.0,0
2022-02-23 11:00:00,0.0,0.0,0
2022-02-23 12:00:00,0.0,0.0,0
2022-02-23 13:00:00,0.0,0.0,0
2022-02-23 14:00:00,0.0,0.0,0
2022-02-23 15:00:00,0.0,0.0,0
2022-02-23 16:00:00,0.0,0.0,0
2022-02-23 17:00:00,0.0,0.0,0
2022-02-23 18:00:00,0.0,0.0,0
2022-02-23 19:00:00,0.0,0.0,0
2022-02-23 20:00:00,0.0,0.0,0
2022-02-23 21:00:00,0.0,0.0,0
2022-02-23 22:00:00,0.0,0.0,0
2022-02-23 23:00:00,0.0,0.0,0
2022-02-24 00:00:00,0.0,0.0,0
2022-02-24 01:00:00,0.0,0.0,0
2022-02-24 02:00:00,0.0,0.0,0
2022-02-24 03:00:00,0.0,0.0,0
2022-02-24 04:00:00,0.0,0.0,0
2022-02-24 05:00:00,0.0,0.0,0
2022-02-24 06:00:00,0.0,0.0,0
2022-02-24 07:00:00,0.0,0.0,0
2022-02-24 08:00:00,0.0,0.0,0
2022-02-24 09:00:00,0.0,0.0,0
2022-02-24 10:00:00,0.0,0.0,0
2022-02-24 11:00:00,0.0,0.0,0
2022-02-24 12:00:00,0.0,0.0,0
2022-02-24 13:00:00,0.0,0.0,0
2022-02-24 14:00:00,0.0,0.0,0
2022-02-24 15:00:00,0.0,0.0,0
2022-02-24 16:00:00,0.0,0.0,0
2022-02-24 17:00:00,0.0,0.0,0
2022-02-24 18:00:00,0.0,0.0,0
2022-02-24 19:00:00,0.0,0.0,0
2022-02-24 20:00:00,0.0,0.0,0
2022-02-24 21:00:00,0.0,0.0,0
2022-02-24 22:00:00,0.0,0.0,0
2022-02-24 23:00:00,0.0,0.0,0
2022-02-25 00:00:00,0.0,0.0,0
2022-02-25 01:00:00,0.0,0.0,0
2022-02-25 02:00:00,0.0,0.0,0
2022-02-25 03:00:00,0.0,0.0,0
2022-02-25 04:00:00,0.0,0.0,0
2022-02-25 05:00:00,0.0,0.0,0
2022-02-25 06:00:00,0.0,0.0,0
2022-02-25 07:00:00,0.0,0.0,0
2022-02-25 08:00:00,0.0,0.0,0
2022-02-25 09:00:00,0.0,0.0,0
2022-02-25 10:00:00,0.0,0.0,0
2022-02-25 11:00:00,0.0,0.0,0
2022-02-25 12:00:00,0.0,0.0,0
2022-02-25 13:00:00,0.0,0.0,0
2022-02-25 14:00:00,0.0,0.0,0
2022-02-25 15:00:00,0.0,0.0,0
2022-02-25 16:00:00,0.0,0.0,0
2022-02-25 17:00:00,0.0,0.0,0
2022-02-25 18:00:00,0.0,0.0,0
2022-02-25 19:00:00,0.0,0.0,0
2022-02-25 20:00:00,0.0,0.0,0
2022-02-25 21:00:00,0.0,0.0,0
2022-02-25 22:00:00,0.0,0.0,0
2022-02-25 23:00:00,0.0,0.0,0
2022-02-26 00:00:00,0.0,0.0,0
2022-02-26 01:00:00,0.0,0.0,0
2022-02-26 02:00:00,0.0,0.0,0
2022-02-26 03:00:00,0.0,0.0,0
2022-02-26 04:00:00,0.0,0.0,0
2022-02-26 05:00:00,0.0,0.0,0
2022-02-26 06:00:00,0.0,0.0,0
2022-02-26 07:00:00,0.0,0.0,0
2022-02-26 08:00:00,0.0,0.0,0
2022-02-26 09:00:00,0.0,0.0,0
2022-02-26 10:00:00,0.0,0.0,0
2022-02-26 11:00:00,0.0,0.0,0
2022-02-26 12:00:00,0.0,0.0,0
2022-02-26 13:00:00,0.0,0.0,0
2022-02-26 14:00:00,0.0,0.0,0
2022-02-26 15:00:00,0.0,0.0,0
2022-02-26 16:00:00,0.0,0.0,0
2022-02-26 17:00:00,0.0,0.0,0
2022-02-26 18:00:00,0.0,0.0,0
2022-02-26 19:00:00,0.0,0.0,0
2022-02-26 20:00:00,0.0,0.0,0
2022-02-26 21:00:00,0.0,0.0,0
2022-02-26 22:00:00,0.0,0.0,0
2022-02-26 23:00:00,0.0,0.0,0
2022-02-27 00:00:00,0.0,0.0,0
2022-02-27 01:00:00,0.0,0.0,0
2022-02-27 02:00:00,0.0,0.0,0
2022-02-27 03:00:00,0.0,0.0,0
2022-02-27 04:00:00,0.0,0.0,0
2022-02-27 05:00:00,0.0,0.0,0
2022-02-27 06:00:00,0.0,0.0,0
2022-02-27 07:00:00,0.0,0.0,0
2022-02-27 08:00:00,0.0,0.0,0
2022-02-27 09:00:00,0.0,0.0,0
2022-02-27 10:00:00,0.0,0.0,0
2022-02-27 11:00:00,0.0,0.0,0
2022-02-27 12:00:00,0.0,0.0,0
2022-02-27 13:00:00,0.0,0.0,0
2022-02-27 14:00:00,0.0,0.0,0
2022-02-27 15:00:00,0.0,0.0,0
2022-02-27 16:00:00,0.0,0.0,0
2022-02-27 17:00:00,0.0,0.0,0
2022-02-27 18:00:00,0.0,0.0,0
2022-02-27 19:00:00,0.0,0.0,0
2022-02-27 20:00:00,0.0,0.0,0
2022-02-27 21:00:00,0.0,0.0,0
2022-02-27 22:00:00,0.0,0.0,0
2022-02-27 23:00:00,0.0,0.0,0
2022-02-28 00:00:00,0.0,0.0,0
2022-02-28 01:00:00,0.0,0.0,0
2022-02-28 02:00:00,0.0,0.0,0
2022-02-28 03:00:00,0.0,0.0,0
2022-02-28 04:00:00,0.0,0.0,0
2022-02-28 05:00:00,0.0,0.0,0
2022-02-28 06:00:00,0.0,0.0,0
2022-02-28 07:00:00,0.0,0.0,0
2022-02-28 08:00:00,0.0,0.0,0
2022-02-28 09:00:00,0.0,0.0,0
2022-02-28 10:00:00,0.0,0.0,0
2022-02-28 11:00:00,0.0,0.0,0
2022-02-28 12:00:00,0.0,0.0,0
2022-02-28 13:00:00,0.0,0.0,0
2022-02-28 14:00:00,0.0,0.0,0
2022-02-28 15:00:00,0.0,0.0,0
2022-02-28 16:00:00,0.0,0.0,0
2022-02-28 17:00:00,0.0,0.0,0
2022-02-28 18:00:00,0.0,0.0,0
2022-02-28 19:00:00,0.0,0.0,0
2022-02-28 20:00:00,0.0,0.0,0
2022-02-28 21:00:00,0.0,0.0,0
2022-02-28 22:00:00,0.0,0.0,0
2022-02-28 23:00:00,0.0,0.0,0
2022-03-01 00:00:00,0.0,0.0,0
2022-03-01 01:00:00,0.0,0.0,0
2022-03-01 02:00:00,0.0,0.0,0
2022-03-01 03:00:00,0.0,0.0,0
2022-03-01 04:00:00,0.0,0.0,0
2022-03-01 05:00:00,0.0,0.0,0
2022-03-01 06:00:00,0.0,0.0,0
2022-03-01 07:00:00,0.0,0.0,0
2022-03-01 08:00:00,0.0,0.0,0
2022-03-01 09:00:00,0.0,0.0,0
2022-03-01 10:00:00,0.0,0.0,0
2022-03-01 11:00:00,0.0,0.0,0
2022-03-01 12:00:00,0.0,0.0,0
2022-03-01 13:00:00,0.0,0.0,0
2022-03-01 14:00:00,0.0,0.0,0
2022-03-01 15:00:00,0.0,0.0,0
2022-03-01 16:00:00,0.0,0.0,0
2022-03-01 17:00:00,0.0,0.0,0
2022-03-01 18:00:00,0.0,0.0,0
2022-03-01 19:00:00,0.0,0.0,0
2022-03-01 20:00:00,0.0,0.0,0
2022-03-01 21:00:00,0.0,0.0,0
2022-03-01 22:00:00,0.0,0.0,0
2022-03-01 23:00:00,0.0,0.0,0
2022-03-02 00:00:00,0.0,0.0,0
2022-03-02 01:00:00,0.0,0.0,0
2022-03-02 02:00:00,0.0,0.0,0
2022-03-02 03:00:00,0.0,0.0,0
2022-03-02 04:00:00,0.0,0.0,0
2022-03-02 05:00:00,0.0,0.0,0
2022-03-02 06:00:00,0.0,0.0,0
2022-03-02 07:00:00,0.0,0.0,0
2022-03-02 08:00:00,0.0,0.0,0
2022-03-02 09:00:00,0.0,0.0,0
2022-03-02 10:00:00,0.0,0.0,0
2022-03-02 11:00:00,0.0,0.0,0
2022-03-02 12:00:00,0.0,0.0,0
2022-03-02 13:00:00,0.0,0.0,0
2022-03-02 14:00:00,0.0,0.0,0
2022-03-02 15:00:00,0.0,0.0,0
2022-03-02 16:00:00,0.20237569060773483,-0.03314917127071823,181
2022-03-02 17:00:00,0.14451184210526316,-0.07142857142857142,532
2022-03-02 18:00:00,0.17824747474747474,0.06262626262626263,495
2022-03-02 19:00:00,0.10229426987060998,-0.04990757855822551,541
2022-03-02 20:00:00,0.10100161662817551,-0.08083140877598152,433
2022-03-02 21:00:00,0.1477286111111111,-0.05277777777777778,360
2022-03-02 22:00:00,0.1781073110285006,-0.004956629491945477,807
2022-03-02 23:00:00,0.12489686486486487,-0.05945945945945946,925
2022-03-03 00:00:00,0.0,0.0,0
2022-03-03 01:00:00,0.0,0.0,0
2022-03-03 02:00:00,0.0,0.0,0
2022-03-03 03:00:00,0.0,0.0,0
2022-03-03 04:00:00,0.0,0.0,0
2022-03-03 05:00:00,0.0,0.0,0
2022-03-03 06:00:00,0.0,0.0,0
2022-03-03 07:00:00,0.0,0.0,0
2022-03-03 08:00:00,0.0,0.0,0
2022-03-03 09:00:00,0.0,0.0,0
2022-03-03 10:00:00,0.0,0.0,0
2022-03-03 11:00:00,0.0,0.0,0
2022-03-03 12:00:00,0.0,0.0,0
2022-03-03 13:00:00,0.0,0.0,0
2022-03-03 14:00:00,0.0,0.0,0
2022-03-03 15:00:00,0.0,0.0,0
2022-03-03 16:00:00,0.0,0.0,0
2022-03-03 17:00:00,0.0,0.0,0
2022-03-03 18:00:00,0.0,0.0,0
2022-03-03 19:00:00,0.0,0.0,0
2022-03-03 20:00:00,0.0,0.0,0
2022-03-03 21:00:00,0.0,0.0,0
2022-03-03 22:00:00,0.0,0.0,0
2022-03-03 23:00:00,0.0,0.0,0
2022-03-04 00:00:00,0.0,0.0,0
2022-03-04 01:00:00,0.0,0.0,0
2022-03-04 02:00:00,0.0,0.0,0
2022-03-04 03:00:00,0.0,0.0,0
2022-03-04 04:00:00,0.0,0.0,0
2022-03-04 05:00:00,0.0,0.0,0
2022-03-04 06:00:00,0.0,0.0,0
2022-03-04 07:00:00,0.0,0.0,0
2022-03-04 08:00:00,0.0,0.0,0
2022-03-04 09:00:00,0.0,0.0,0
2022-03-04 10:00:00,0.0,0.0,0
2022-03-04 11:00:00,0.0,0.0,0
2022-03-04 12:00:00,0.0,0.0,0
2022-03-04 13:00:00,0.0,0.0,0
2022-03-04 14:00:00,0.0,0.0,0
2022-03-04 15:00:00,0.0,0.0,0
2022-03-04 16:00:00,0.0,0.0,0
2022-03-04 17:00:00,0.0,0.0,0
2022-03-04 18:00:00,0.0,0.0,0
2022-03-04 19:00:00,0.0,0.0,0
2022-03-04 20:00:00,0.0,0.0,0
2022-03-04 21:00:00,0.0,0.0,0
2022-03-04 22:00:00,0.0,0.0,0
2022-03-04 23:00:00,0.0,0.0,0
2022-03-05 00:00:00,0.0,0.0,0
2022-03-05 01:00:00,0.0,0.0,0
2022-03-05 02:00:00,0.0,0.0,0
2022-03-05 03:00:00,0.0,0.0,0
2022-03-05 04:00:00,0.0,0.0,0
2022-03-05 05:00:00,0.0,0.0,0
2022-03-05 06:00:00,0.0,0.0,0
2022-03-05 07:00:00,0.0,0.0,0
2022-03-05 08:00:00,0.0,0.0,0
2022-03-05 09:00:00,0.0,0.0,0
2022-03-05 10:00:00,0.0,0.0,0
2022-03-05 11:00:00,0.0,0.0,0
2022-03-05 12:00:00,0.0,0.0,0
2022-03-05 13:00:00,0.0,0.0,0
2022-03-05 14:00:00,0.0,0.0,0
2022-03-05 15:00:00,0.0,0.0,0
2022-03-05 16:00:00,0.0,0.0,0
2022-03-05 17:00:00,0.0,0.0,0
2022-03-05 18:00:00,0.0,0.0,0
2022-03-05 19:00:00,0.0,0.0,0
2022-03-05 20:00:00,0.0,0.0,0
2022-03-05 21:00:00,0.0,0.0,0
2022-03-05 22:00:00,0.0,0.0,0
2022-03-05 23:00:00,0.0,0.0,0
2022-03-06 00:00:00,0.0,0.0,0
2022-03-06 01:00:00,0.0,0.0,0
2022-03-06 02:00:00,0.0,0.0,0
2022-03-06 03:00:00,0.0,0.0,0
2022-03-06 04:00:00,0.0,0.0,0
2022-03-06 05:00:00,0.0,0.0,0
2022-03-06 06:00:00,0.0,0.0,0
2022-03-06 07:00:00,0.0,0.0,0
2022-03-06 08:00:00,0.0,0.0,0
2022-03-06 09:00:00,0.0,0.0,0
2022-03-06 10:00:00,0.0,0.0,0
2022-03-06 11:00:00,0.0,0.0,0
2022-03-06 12:00:00,0.0,0.0,0
2022-03-06 13:00:00,0.0,0.0,0
2022-03-06 14:00:00,0.21106386554621848,0.0,119
2022-03-06 15:00:00,0.18608173515981735,-0.0228310502283105,438
2022-03-06 16:00:00,0.1770057803468208,0.005780346820809248,519
2022-03-06 17:00:00,0.17653532467532468,-0.023376623376623377,385
2022-03-06 18:00:00,0.16581943793911008,-0.07494145199063232,427
2022-03-06 19:00:00,0.11177057761732852,0.0018050541516245488,554
2022-03-06 20:00:00,0.20769247311827957,0.002688172043010753,372
2022-03-06 21:00:00,0.12667098976109217,-0.04778156996587031,293
2022-03-06 22:00:00,0.15084354243542436,-0.025830258302583026,271
2022-03-06 23:00:00,0.12779692307692309,-0.07692307692307693,390
2022-03-07 00:00:00,0.15417914572864322,-0.10301507537688442,398
2022-03-07 01:00:00,0.15311346153846153,-0.05448717948717949,312
2022-03-07 02:00:00,0.0957021052631579,-0.10263157894736842,380
2022-03-07 03:00:00,0.10377322834645669,-0.09711286089238845,381
2022-03-07 04:00:00,0.14290348101265823,-0.06962025316455696,316
2022-03-07 05:00:00,0.1459646900269542,-0.07547169811320754,371
2022-03-07 06:00:00,0.12673378378378378,-0.07297297297297298,370
2022-03-07 07:00:00,0.11834044943820224,-0.06741573033707865,356
2022-03-07 08:00:00,0.11961816283924843,-0.025052192066805846,479
2022-03-07 09:00:00,0.12224413919413919,0.01098901098901099,546
2022-03-07 10:00:00,0.15327005988023953,-0.013972055888223553,501
2022-03-07 11:00:00,0.1776888246628131,-0.0019267822736030828,519
2022-03-07 12:00:00,0.16637503736920778,0.03736920777279522,669
2022-03-07 13:00:00,0.19613306772908365,0.00199203187250996,502
2022-03-07 14:00:00,0.1604702302631579,0.049342105263157895,608
2022-03-07 15:00:00,0.17806353166986566,0.023032629558541268,521
2022-03-07 16:00:00,0.20147564296520423,0.02723146747352496,661
2022-03-07 17:00:00,0.20598706099815156,0.022181146025878003,541
2022-03-07 18:00:00,0.12051597845601435,-0.07360861759425494,557
2022-03-07 19:00:00,0.1530664499349805,-0.07282184655396619,769
2022-03-07 20:00:00,0.0909932950191571,-0.14559386973180077,522
2022-03-07 21:00:00,0.13458823529411765,-0.0857843137254902,408
2022-03-07 22:00:00,0.10208289156626506,-0.02650602409638554,415
2022-03-07 23:00:00,0.13536528497409325,-0.07253886010362694,386
2022-03-08 00:00:00,0.0,0.0,0
2022-03-08 01:00:00,0.0,0.0,0
2022-03-08 02:00:00,0.0,0.0,0
2022-03-08 03:00:00,0.0,0.0,0
2022-03-08 04:00:00,0.0,0.0,0
2022-03-08 05:00:00,0.0,0.0,0
2022-03-08 06:00:00,0.0,0.0,0
2022-03-08 07:00:00,0.0,0.0,0
2022-03-08 08:00:00,0.0,0.0,0
2022-03-08 09:00:00,0.0,0.0,0
2022-03-08 10:00:00,0.0,0.0,0
2022-03-08 11:00:00,0.0,0.0,0
2022-03-08 12:00:00,0.0,0.0,0
2022-03-08 13:00:00,0.0,0.0,0
2022-03-08 14:00:00,0.0,0.0,0
2022-03-08 15:00:00,0.0,0.0,0
2022-03-08 16:00:00,0.0,0.0,0
2022-03-08 17:00:00,0.0,0.0,0
2022-03-08 18:00:00,0.0,0.0,0
2022-03-08 19:00:00,0.0,0.0,0
2022-03-08 20:00:00,0.1386423676012461,0.036344755970924195,963
2022-03-08 21:00:00,0.12561041666666667,-0.015625,768
2022-03-08 22:00:00,0.14705520628683694,-0.0550098231827112,509
2022-03-08 23:00:00,0.1367813880126183,-0.05783385909568875,951
2022-03-09 00:00:00,0.0,0.0,0
2022-03-09 01:00:00,0.0,0.0,0
2022-03-09 02:00:00,0.0,0.0,0
2022-03-09 03:00:00,0.0,0.0,0
2022-03-09 04:00:00,0.0,0.0,0
2022-03-09 05:00:00,0.0,0.0,0
2022-03-09 06:00:00,0.0,0.0,0
2022-03-09 07:00:00,0.0,0.0,0
2022-03-09 08:00:00,0.0,0.0,0
2022-03-09 09:00:00,0.0,0.0,0
2022-03-09 10:00:00,0.0,0.0,0
2022-03-09 11:00:00,0.2490765151515152,0.015151515151515152,132
2022-03-09 12:00:00,0.16055316455696203,-0.022151898734177215,632
2022-03-09 13:00:00,0.13324643449419568,-0.05638474295190713,603
2022-03-09 14:00:00,0.1715612732095491,0.007957559681697613,754
2022-03-09 15:00:00,0.18940795947901592,0.01447178002894356,691
2022-03-09 16:00:00,0.14349507462686567,-0.0626865671641791,670
2022-03-09 17:00:00,0.17798406304728548,0.03677758318739054,571
2022-03-09 18:00:00,0.11785804195804196,-0.0944055944055944,572
2022-03-09 19:00:00,0.16006654411764706,-0.05330882352941176,544
2022-03-09 20:00:00,0.15683469696969696,0.06212121212121212,1320
2022-03-09 21:00:00,0.19545020408163266,-0.012244897959183673,490
2022-03-09 22:00:00,0.19443071748878923,0.0,446
2022-03-09 23:00:00,0.16969476309226933,-0.02743142144638404,401
2022-03-10 00:00:00,0.134329262086514,-0.020356234096692113,393
2022-03-10 01:00:00,0.1392449893390192,-0.021321961620469083,469
2022-03-10 02:00:00,0.15827752808988763,-0.03146067415730337,445
2022-03-10 03:00:00,0.1558992822966507,-0.05263157894736842,418
2022-03-10 04:00:00,0.11542973395931143,-0.054773082942097026,639
2022-03-10 05:00:00,0.18057757352941176,-0.03125,544
2022-03-10 06:00:00,0.1396419624217119,-0.020876826722338204,479
2022-03-10 07:00:00,0.22203001988071572,-0.041749502982107355,503
2022-03-10 08:00:00,0.12744352030947775,-0.05029013539651837,517
2022-03-10 09:00:00,0.16499154639175256,-0.006185567010309278,485
2022-03-10 10:00:00,0.14851725571725574,-0.058212058212058215,481
2022-03-10 11:00:00,0.20977307692307692,0.009615384615384616,520
2022-03-10 12:00:00,0.13031315789473683,-0.04035087719298246,570
2022-03-10 13:00:00,0.1391668508287293,-0.05856353591160221,905
2022-03-10 14:00:00,0.15150434192672999,-0.07055630936227951,737
2022-03-10 15:00:00,0.2616201540436457,-0.01797175866495507,779
2022-03-10 16:00:00,0.19791233333333333,-0.0016666666666666668,600
2022-03-10 17:00:00,0.21004863760217984,-0.0027247956403269754,734
2022-03-10 18:00:00,0.15736180144641682,-0.015779092702169626,1521
2022-03-10 19:00:00,0.1912309601567603,0.045068582625734814,1531
2022-03-10 20:00:00,0.1696947972456006,-0.008416220351951033,1307
2022-03-10 21:00:00,0.19125961165048544,0.014563106796116505,1030
2022-03-10 22:00:00,0.09756942528735632,-0.05747126436781609,435
2022-03-10 23:00:00,0.20386505190311419,0.02768166089965398,578
2022-03-11 00:00:00,0.0,0.0,0
2022-03-11 01:00:00,0.0,0.0,0
2022-03-11 02:00:00,0.0,0.0,0
2022-03-11 03:00:00,0.0,0.0,0
2022-03-11 04:00:00,0.0,0.0,0
2022-03-11 05:00:00,0.0,0.0,0
2022-03-11 06:00:00,0.0,0.0,0
2022-03-11 07:00:00,0.0,0.0,0
2022-03-11 08:00:00,0.0,0.0,0
2022-03-11 09:00:00,0.0,0.0,0
2022-03-11 10:00:00,0.0,0.0,0
2022-03-11 11:00:00,0.0,0.0,0
2022-03-11 12:00:00,0.0,0.0,0
2022-03-11 13:00:00,0.0,0.0,0
2022-03-11 14:00:00,0.0,0.0,0
2022-03-11 15:00:00,0.0,0.0,0
2022-03-11 16:00:00,0.0,0.0,0
2022-03-11 17:00:00,0.0,0.0,0
2022-03-11 18:00:00,0.0,0.0,0
2022-03-11 19:00:00,0.0,0.0,0
2022-03-11 20:00:00,0.0,0.0,0
2022-03-11 21:00:00,0.0,0.0,0
2022-03-11 22:00:00,0.0,0.0,0
2022-03-11 23:00:00,0.0,0.0,0
2022-03-12 00:00:00,0.0,0.0,0
2022-03-12 01:00:00,0.0,0.0,0
2022-03-12 02:00:00,0.0,0.0,0
2022-03-12 03:00:00,0.0,0.0,0
2022-03-12 04:00:00,0.0,0.0,0
2022-03-12 05:00:00,0.0,0.0,0
2022-03-12 06:00:00,0.0,0.0,0
2022-03-12 07:00:00,0.0,0.0,0
2022-03-12 08:00:00,0.0,0.0,0
2022-03-12 09:00:00,0.0,0.0,0
2022-03-12 10:00:00,0.0,0.0,0
2022-03-12 11:00:00,0.0,0.0,0
2022-03-12 12:00:00,0.0,0.0,0
2022-03-12 13:00:00,0.0,0.0,0
2022-03-12 14:00:00,0.0,0.0,0
2022-03-12 15:00:00,0.0,0.0,0
2022-03-12 16:00:00,0.0,0.0,0
2022-03-12 17:00:00,0.0,0.0,0
2022-03-12 18:00:00,0.0,0.0,0
2022-03-12 19:00:00,0.0,0.0,0
2022-03-12 20:00:00,0.0,0.0,0
2022-03-12 21:00:00,0.0,0.0,0
2022-03-12 22:00:00,0.0,0.0,0
2022-03-12 23:00:00,0.0,0.0,0
2022-03-13 00:00:00,0.0,0.0,0
2022-03-13 01:00:00,0.0,0.0,0
2022-03-13 02:00:00,0.0,0.0,0
2022-03-13 03:00:00,0.0,0.0,0
2022-03-13 04:00:00,0.0,0.0,0
2022-03-13 05:00:00,0.0,0.0,0
2022-03-13 06:00:00,0.0,0.0,0
2022-03-13 07:00:00,0.0,0.0,0
2022-03-13 08:00:00,0.0,0.0,0
2022-03-13 09:00:00,0.0,0.0,0
2022-03-13 10:00:00,0.0,0.0,0
2022-03-13 11:00:00,0.0,0.0,0
2022-03-13 12:00:00,0.0,0.0,0
2022-03-13 13:00:00,0.0,0.0,0
2022-03-13 14:00:00,0.0,0.0,0
2022-03-13 15:00:00,0.0,0.0,0
2022-03-13 16:00:00,0.0,0.0,0
2022-03-13 17:00:00,0.0,0.0,0
2022-03-13 18:00:00,0.0,0.0,0
2022-03-13 19:00:00,0.0,0.0,0
2022-03-13 20:00:00,0.0,0.0,0
2022-03-13 21:00:00,0.0,0.0,0
2022-03-13 22:00:00,0.0,0.0,0
2022-03-13 23:00:00,0.0,0.0,0
2022-03-14 00:00:00,0.0,0.0,0
2022-03-14 01:00:00,0.0,0.0,0
2022-03-14 02:00:00,0.0,0.0,0
2022-03-14 03:00:00,0.0,0.0,0
2022-03-14 04:00:00,0.0,0.0,0
2022-03-14 05:00:00,0.0,0.0,0
2022-03-14 06:00:00,0.0,0.0,0
2022-03-14 07:00:00,0.0,0.0,0
2022-03-14 08:00:00,0.0,0.0,0
2022-03-14 09:00:00,0.0,0.0,0
2022-03-14 10:00:00,0.0,0.0,0
2022-03-14 11:00:00,0.0,0.0,0
2022-03-14 12:00:00,0.0,0.0,0
2022-03-14 13:00:00,0.0,0.0,0
2022-03-14 14:00:00,0.0,0.0,0
2022-03-14 15:00:00,0.0,0.0,0
2022-03-14 16:00:00,0.0,0.0,0
2022-03-14 17:00:00,0.0,0.0,0
2022-03-14 18:00:00,0.0,0.0,0
2022-03-14 19:00:00,0.04970942028985507,-0.13043478260869565,138
2022-03-14 20:00:00,0.14707203579418343,-0.015659955257270694,447
2022-03-14 21:00:00,0.13175042253521127,-0.0676056338028169,355
2022-03-14 22:00:00,0.16766753246753247,0.030303030303030304,462
2022-03-14 23:00:00,0.11473995327102804,-0.08644859813084112,428
2022-03-15 00:00:00,0.1417037356321839,-0.03735632183908046,348
2022-03-15 01:00:00,0.14016436170212765,-0.09308510638297872,376
2022-03-15 02:00:00,0.13597311475409837,-0.006557377049180328,305
2022-03-15 03:00:00,0.1458279569892473,-0.021505376344086023,279
2022-03-15 04:00:00,0.1869059649122807,0.04912280701754386,285
2022-03-15 05:00:00,0.19780315789473685,-0.021052631578947368,285
2022-03-15 06:00:00,0.16044729344729344,0.042735042735042736,351
2022-03-15 07:00:00,0.12455454545454545,-0.05785123966942149,363
2022-03-15 08:00:00,0.21055837320574164,0.0215311004784689,418
2022-03-15 09:00:00,0.22349308035714285,0.004464285714285714,448
2022-03-15 10:00:00,0.19294870466321243,0.015544041450777202,386
2022-03-15 11:00:00,0.12374098765432098,-0.0345679012345679,405
2022-03-15 12:00:00,0.18186450216450217,0.0367965367965368,462
2022-03-15 13:00:00,0.186179969183359,0.08782742681047766,649
2022-03-15 14:00:00,0.1810364503816794,0.011450381679389313,524
2022-03-15 15:00:00,0.21995882352941176,0.04259634888438134,493
2022-03-15 16:00:00,0.2371884267631103,0.0922242314647378,553
2022-03-15 17:00:00,0.20170207026348808,0.05081555834378921,1594
2022-03-15 18:00:00,0.18842275862068963,0.0219435736677116,1595
2022-03-15 19:00:00,0.14427169930511688,-0.006948831332912192,1583
2022-03-15 20:00:00,0.18166438356164386,0.06365834004834811,1241
2022-03-15 21:00:00,0.19451842105263156,0.04584040747028863,1178
2022-03-15 22:00:00,0.16661638888888888,-0.010185185185185186,1080
2022-03-15 23:00:00,0.21220862745098037,0.018627450980392157,1020
2022-03-16 00:00:00,0.0,0.0,0
2022-03-16 01:00:00,0.0,0.0,0
2022-03-16 02:00:00,0.0,0.0,0
2022-03-16 03:00:00,0.0,0.0,0
2022-03-16 04:00:00,0.0,0.0,0
2022-03-16 05:00:00,0.0,0.0,0
2022-03-16 06:00:00,0.0,0.0,0
2022-03-16 07:00:00,0.15344341957255345,-0.014623172103487065,889
2022-03-16 08:00:00,0.17947960339943345,0.025495750708215296,1059
2022-03-16 09:00:00,0.15483381725021347,-0.01964133219470538,1171
2022-03-16 10:00:00,0.1643170316301703,0.05596107055961071,1233
2022-03-16 11:00:00,0.16926883720930233,0.013023255813953489,1075
2022-03-16 12:00:00,0.1694457761732852,0.004332129963898917,1385
2022-03-16 13:00:00,0.14940632996632996,0.0006734006734006734,1485
2022-03-16 14:00:00,0.15463350062735257,-0.01066499372647428,1594
2022-03-16 15:00:00,0.1566622299651568,-0.020905923344947737,1435
2022-03-16 16:00:00,0.20351798469387755,0.04400510204081633,1568
2022-03-16 17:00:00,0.17439993472584855,-0.020887728459530026,1532
2022-03-16 18:00:00,0.13114515265131227,-0.07766470273165506,1867
2022-03-16 19:00:00,0.12881016077170418,-0.06945337620578779,1555
2022-03-16 20:00:00,0.18049889470622454,0.03781268179173938,1719
2022-03-16 21:00:00,0.1608183361629881,0.0,1178
2022-03-16 22:00:00,0.15850504451038577,-0.009891196834817012,1011
2022-03-16 23:00:00,0.1885997971602434,-0.010141987829614604,986
2022-03-17 00:00:00,0.0,0.0,0
2022-03-17 01:00:00,0.0,0.0,0
2022-03-17 02:00:00,0.0,0.0,0
2022-03-17 03:00:00,0.0,0.0,0
2022-03-17 04:00:00,0.0,0.0,0
2022-03-17 05:00:00,0.0,0.0,0
2022-03-17 06:00:00,0.27055,0.0,4
2022-03-17 07:00:00,0.16538271954674222,0.039660056657223795,353
2022-03-17 08:00:00,0.1358950724637681,0.005797101449275362,345
2022-03-17 09:00:00,0.20160153846153847,0.08205128205128205,390
2022-03-17 10:00:00,0.16282655889145498,0.046189376443418015,433
2022-03-17 11:00:00,0.14741711340206184,0.012371134020618556,485
2022-03-17 12:00:00,0.1589860045146727,-0.013544018058690745,443
2022-03-17 13:00:00,0.18547401247401246,0.035343035343035345,481
2022-03-17 14:00:00,0.186881797752809,0.033707865168539325,445
2022-03-17 15:00:00,0.16572007104795736,0.02664298401420959,563
2022-03-17 16:00:00,0.21874689265536723,0.05084745762711865,531
2022-03-17 17:00:00,0.16042630691399662,-0.0008431703204047217,1186
2022-03-17 18:00:00,0.17127326732673268,-0.007425742574257425,1212
2022-03-17 19:00:00,0.17137548828125,0.0,1024
2022-03-17 20:00:00,0.14503410852713178,-0.02131782945736434,1032
2022-03-17 21:00:00,0.14529357429718875,-0.014056224899598393,996
2022-03-17 22:00:00,0.14929812362030906,-0.024282560706401765,906
2022-03-17 23:00:00,0.17152734939759037,0.021686746987951807,830
2022-03-18 00:00:00,0.0,0.0,0
2022-03-18 01:00:00,0.0,0.0,0
2022-03-18 02:00:00,0.0,0.0,0
2022-03-18 03:00:00,0.0,0.0,0
2022-03-18 04:00:00,0.0,0.0,0
2022-03-18 05:00:00,0.0,0.0,0
2022-03-18 06:00:00,0.0,0.0,0
2022-03-18 07:00:00,0.0,0.0,0
2022-03-18 08:00:00,0.0,0.0,0
2022-03-18 09:00:00,0.0,0.0,0
2022-03-18 10:00:00,0.0,0.0,0
2022-03-18 11:00:00,0.0,0.0,0
2022-03-18 12:00:00,0.0,0.0,0
2022-03-18 13:00:00,0.41568176100628934,0.5786163522012578,159
2022-03-18 14:00:00,0.19677638266068762,0.07922272047832586,669
2022-03-18 15:00:00,0.19423461538461537,0.10192307692307692,520
2022-03-18 16:00:00,0.1710963660834455,0.04441453566621804,743
2022-03-18 17:00:00,0.17695337078651688,0.05181023720349563,1602
2022-03-18 18:00:00,0.21231986155484558,0.019169329073482427,1878
2022-03-18 19:00:00,0.16595831960461285,0.006589785831960461,1214
2022-03-18 20:00:00,0.18613906093906094,0.023476523476523476,2002
2022-03-18 21:00:00,0.21260788590604027,0.0436241610738255,1192
2022-03-18 22:00:00,0.14135218894009216,0.004608294930875576,868
2022-03-18 23:00:00,0.1676299884659746,0.03229527104959631,867
2022-03-19 00:00:00,0.0,0.0,0
2022-03-19 01:00:00,0.0,0.0,0
2022-03-19 02:00:00,0.0,0.0,0
2022-03-19 03:00:00,0.0,0.0,0
2022-03-19 04:00:00,0.0,0.0,0
2022-03-19 05:00:00,0.0,0.0,0
2022-03-19 06:00:00,0.0,0.0,0
2022-03-19 07:00:00,0.0,0.0,0
2022-03-19 08:00:00,0.0,0.0,0
2022-03-19 09:00:00,0.24276440677966102,0.06779661016949153,59
2022-03-19 10:00:00,0.1972742774566474,0.049132947976878616,346
2022-03-19 11:00:00,0.17608646153846153,-0.006153846153846154,325
2022-03-19 12:00:00,0.24876134453781512,0.11974789915966387,476
2022-03-19 13:00:00,0.21229633027522934,0.05504587155963303,436
2022-03-19 14:00:00,0.22648930131004366,0.09170305676855896,458
2022-03-19 15:00:00,0.44919445910290234,0.38522427440633245,758
2022-03-19 16:00:00,0.4818810126582279,0.4407364787111623,869
2022-03-19 17:00:00,0.4394329153605016,0.4059561128526646,638
2022-03-19 18:00:00,0.29682550335570473,0.09843400447427293,447
2022-03-19 19:00:00,0.19787463917525774,0.008247422680412371,485
2022-03-19 20:00:00,0.12280639625585024,0.0218408736349454,641
2022-03-19 21:00:00,0.17735362903225807,0.1028225806451613,496
2022-03-19 22:00:00,0.15670963855421685,0.05301204819277108,415
2022-03-19 23:00:00,0.19840925110132157,0.019823788546255508,454
2022-03-20 00:00:00,0.0,0.0,0
2022-03-20 01:00:00,0.0,0.0,0
2022-03-20 02:00:00,0.2033,0.027624309392265192,181
2022-03-20 03:00:00,0.23288715953307393,0.0933852140077821,257
2022-03-20 04:00:00,0.2371872950819672,0.05737704918032787,244
2022-03-20 05:00:00,0.22167573529411766,0.07720588235294118,272
2022-03-20 06:00:00,0.1587527559055118,0.031496062992125984,254
2022-03-20 07:00:00,0.22856052631578946,0.011278195488721804,266
2022-03-20 08:00:00,0.2061891891891892,0.17417417417417416,333
2022-03-20 09:00:00,0.17347556675062972,0.022670025188916875,397
2022-03-20 10:00:00,0.09536516290726817,0.0,399
2022-03-20 11:00:00,0.2376741641337386,0.10030395136778116,329
2022-03-20 12:00:00,0.18530761316872427,0.09053497942386832,486
2022-03-20 13:00:00,0.28873944444444444,0.29259259259259257,540
2022-03-20 14:00:00,0.31360700179533213,0.2333931777378815,557
2022-03-20 15:00:00,0.49164380853277834,0.45369406867845996,961
2022-03-20 16:00:00,0.3543625222024867,0.24866785079928952,563
2022-03-20 17:00:00,0.18318057040998217,0.09090909090909091,561
2022-03-20 18:00:00,0.19412087155963303,0.02522935779816514,436
2022-03-20 19:00:00,0.15423684210526314,0.024930747922437674,361
2022-03-20 20:00:00,0.14501680412371135,0.13402061855670103,970
2022-03-20 21:00:00,0.27588648648648645,0.051597051597051594,407
2022-03-20 22:00:00,0.36138076109936573,0.0824524312896406,473
2022-03-20 23:00:00,0.14106335227272726,0.036931818181818184,352
2022-03-21 00:00:00,0.17562125984251967,0.08398950131233596,381
2022-03-21 01:00:00,0.19164132492113567,0.03785488958990536,317
2022-03-21 02:00:00,0.1536284722222222,0.006944444444444444,432
2022-03-21 03:00:00,0.20680993589743588,0.0641025641025641,312
2022-03-21 04:00:00,0.2347298611111111,0.13194444444444445,288
2022-03-21 05:00:00,0.1993606896551724,0.1413793103448276,290
2022-03-21 06:00:00,0.23840598503740645,0.08478802992518704,401
2022-03-21 07:00:00,0.19796296296296295,0.042328042328042326,378
2022-03-21 08:00:00,0.20198489065606362,0.0775347912524851,503
2022-03-21 09:00:00,0.1434423076923077,0.09188034188034189,468
2022-03-21 10:00:00,0.17795855513307984,0.10076045627376426,526
2022-03-21 11:00:00,0.2420541818181818,0.07454545454545454,550
2022-03-21 12:00:00,0.16183847376788554,0.10333863275039745,629
2022-03-21 13:00:00,0.21006184738955824,0.050870147255689425,747
2022-03-21 14:00:00,0.13172240527182866,0.018121911037891267,607
2022-03-21 15:00:00,0.27711478696741854,0.13533834586466165,798
2022-03-21 16:00:00,0.2099979073243647,0.11360239162929746,669
2022-03-21 17:00:00,0.28362897862232783,0.19714964370546317,842
2022-03-21 18:00:00,0.27605833333333335,0.16534391534391535,756
2022-03-21 19:00:00,0.15067238938053099,0.010619469026548672,565
2022-03-21 20:00:00,0.1391708566853483,0.016012810248198558,1249
2022-03-21 21:00:00,0.17520689956331878,-0.034934497816593885,1145
2022-03-21 22:00:00,0.12155616161616162,-0.014141414141414142,990
2022-03-21 23:00:00,0.13238685770750988,-0.015810276679841896,1012
2022-03-22 00:00:00,0.0,0.0,0
2022-03-22 01:00:00,0.0,0.0,0
2022-03-22 02:00:00,0.0,0.0,0
2022-03-22 03:00:00,0.0,0.0,0
2022-03-22 04:00:00,0.0,0.0,0
2022-03-22 05:00:00,0.0,0.0,0
2022-03-22 06:00:00,0.0,0.0,0
2022-03-22 07:00:00,0.0,0.0,0
2022-03-22 08:00:00,0.0,0.0,0
2022-03-22 09:00:00,0.0,0.0,0
2022-03-22 10:00:00,0.0,0.0,0
2022-03-22 11:00:00,0.0,0.0,0
2022-03-22 12:00:00,0.0,0.0,0
2022-03-22 13:00:00,0.0,0.0,0
2022-03-22 14:00:00,0.0,0.0,0
2022-03-22 15:00:00,0.0,0.0,0
2022-03-22 16:00:00,0.0,0.0,0
2022-03-22 17:00:00,0.0,0.0,0
2022-03-22 18:00:00,0.0,0.0,0
2022-03-22 19:00:00,0.0,0.0,0
2022-03-22 20:00:00,0.0,0.0,0
2022-03-22 21:00:00,0.0,0.0,0
2022-03-22 22:00:00,0.0,0.0,0
2022-03-22 23:00:00,0.053527272727272736,-0.03636363636363636,55
2022-03-23 00:00:00,0.06632893518518518,-0.06481481481481481,432
2022-03-23 01:00:00,0.11093127962085308,0.011848341232227487,422
2022-03-23 02:00:00,0.12236277173913045,0.03804347826086957,368
2022-03-23 03:00:00,0.16599485981308412,0.10747663551401869,428
2022-03-23 04:00:00,0.09289898989898991,0.047979797979797977,396
2022-03-23 05:00:00,0.17415201793721974,0.06950672645739911,446
2022-03-23 06:00:00,0.16873163265306124,0.10408163265306122,490
2022-03-23 07:00:00,0.15876214574898787,0.10728744939271255,494
2022-03-23 08:00:00,0.1620938202247191,0.13108614232209737,534
2022-03-23 09:00:00,0.17833040935672517,0.09941520467836257,513
2022-03-23 10:00:00,0.17549131238447319,0.09057301293900184,541
2022-03-23 11:00:00,0.17023500931098698,0.13221601489757914,537
2022-03-23 12:00:00,0.1512788296041308,0.07056798623063683,581
2022-03-23 13:00:00,0.14817911184210528,0.08552631578947369,608
2022-03-23 14:00:00,0.18883647416413374,0.1337386018237082,658
2022-03-23 15:00:00,0.18290153649167734,0.14596670934699105,781
2022-03-23 16:00:00,0.26122812121212124,0.12848484848484848,825
2022-03-23 17:00:00,0.18058976945244956,0.11095100864553314,694
2022-03-23 18:00:00,0.13006565656565658,0.05858585858585859,495
2022-03-23 19:00:00,0.09559263565891474,-0.025193798449612403,516
2022-03-23 20:00:00,0.3024411214953271,0.04672897196261682,856
2022-03-23 21:00:00,0.1001147971360382,-0.026252983293556086,419
2022-03-23 22:00:00,0.10477411504424779,0.05309734513274336,452
2022-03-23 23:00:00,0.09787340425531915,0.01702127659574468,470
2022-03-24 00:00:00,0.03863507014028056,-0.03206412825651302,499
2022-03-24 01:00:00,0.11225021459227467,-0.002145922746781116,466
2022-03-24 02:00:00,0.14635348258706468,0.08706467661691543,402
2022-03-24 03:00:00,0.16551313559322034,0.06991525423728813,472
2022-03-24 04:00:00,0.12701649484536084,0.0979381443298969,388
2022-03-24 05:00:00,0.1887042654028436,0.1018957345971564,422
2022-03-24 06:00:00,0.16460286085825748,0.09622886866059818,769
2022-03-24 07:00:00,0.14577966549295776,0.040492957746478875,1136
2022-03-24 08:00:00,0.15856740872662511,0.020480854853072127,1123
2022-03-24 09:00:00,0.1946267059814659,0.09014321819713564,1187
2022-03-24 10:00:00,0.205024696969697,0.07651515151515151,1320
2022-03-24 11:00:00,0.1639790115098172,0.06499661475964794,1477
2022-03-24 12:00:00,0.14146581569115815,0.04794520547945205,1606
2022-03-24 13:00:00,0.1766803833145434,0.05129650507328072,1774
2022-03-24 14:00:00,0.17792019704433498,0.05856595511767926,1827
2022-03-24 15:00:00,0.1690492142266336,0.04052936311000827,2418
2022-03-24 16:00:00,0.22600493971217428,0.047841306884480746,2571
2022-03-24 17:00:00,0.16888102409638556,0.028399311531841654,2324
2022-03-24 18:00:00,0.16195731843575417,-0.0067039106145251395,1790
2022-03-24 19:00:00,0.16203650793650795,-0.0005473453749315818,1827
2022-03-24 20:00:00,0.1164944037308461,0.002664890073284477,1501
2022-03-24 21:00:00,0.1640268824771288,0.0633356790992259,1421
2022-03-24 22:00:00,0.21128060471976404,0.08775811209439528,1356
2022-03-24 23:00:00,0.17453957307060755,0.05090311986863711,1218
2022-03-25 00:00:00,0.0,0.0,0
2022-03-25 01:00:00,0.0,0.0,0
2022-03-25 02:00:00,0.0,0.0,0
2022-03-25 03:00:00,0.0,0.0,0
2022-03-25 04:00:00,0.0,0.0,0
2022-03-25 05:00:00,0.0,0.0,0
2022-03-25 06:00:00,0.0,0.0,0
2022-03-25 07:00:00,0.0,0.0,0
2022-03-25 08:00:00,0.0,0.0,0
2022-03-25 09:00:00,0.0,0.0,0
2022-03-25 10:00:00,0.0,0.0,0
2022-03-25 11:00:00,0.0,0.0,0
2022-03-25 12:00:00,0.0,0.0,0
2022-03-25 13:00:00,0.0,0.0,0
2022-03-25 14:00:00,0.0,0.0,0
2022-03-25 15:00:00,0.0,0.0,0
2022-03-25 16:00:00,0.0,0.0,0
2022-03-25 17:00:00,0.0,0.0,0
2022-03-25 18:00:00,0.0,0.0,0
2022-03-25 19:00:00,0.0,0.0,0
2022-03-25 20:00:00,0.0,0.0,0
2022-03-25 21:00:00,0.0,0.0,0
2022-03-25 22:00:00,0.0,0.0,0
2022-03-25 23:00:00,0.0,0.0,0
2022-03-26 00:00:00,0.0,0.0,0
2022-03-26 01:00:00,0.0,0.0,0
2022-03-26 02:00:00,0.0,0.0,0
2022-03-26 03:00:00,0.0,0.0,0
2022-03-26 04:00:00,0.0,0.0,0
2022-03-26 05:00:00,0.0,0.0,0
2022-03-26 06:00:00,0.0,0.0,0
2022-03-26 07:00:00,0.0,0.0,0
2022-03-26 08:00:00,0.0,0.0,0
2022-03-26 09:00:00,0.0,0.0,0
2022-03-26 10:00:00,0.0,0.0,0
2022-03-26 11:00:00,0.0,0.0,0
2022-03-26 12:00:00,0.0,0.0,0
2022-03-26 13:00:00,0.0,0.0,0
2022-03-26 14:00:00,0.0,0.0,0
2022-03-26 15:00:00,0.0,0.0,0
2022-03-26 16:00:00,0.0,0.0,0
2022-03-26 17:00:00,0.0,0.0,0
2022-03-26 18:00:00,0.0,0.0,0
2022-03-26 19:00:00,0.0,0.0,0
2022-03-26 20:00:00,0.0,0.0,0
2022-03-26 21:00:00,0.0,0.0,0
2022-03-26 22:00:00,0.0,0.0,0
2022-03-26 23:00:00,0.0,0.0,0
2022-03-27 00:00:00,0.0,0.0,0
2022-03-27 01:00:00,0.0,0.0,0
2022-03-27 02:00:00,0.0,0.0,0
2022-03-27 03:00:00,0.0,0.0,0
2022-03-27 04:00:00,0.0,0.0,0
2022-03-27 05:00:00,0.0,0.0,0
2022-03-27 06:00:00,0.0,0.0,0
2022-03-27 07:00:00,0.0,0.0,0
2022-03-27 08:00:00,0.0,0.0,0
2022-03-27 09:00:00,0.0,0.0,0
2022-03-27 10:00:00,0.0,0.0,0
2022-03-27 11:00:00,0.0,0.0,0
2022-03-27 12:00:00,0.0,0.0,0
2022-03-27 13:00:00,0.0,0.0,0
2022-03-27 14:00:00,0.0,0.0,0
2022-03-27 15:00:00,0.0,0.0,0
2022-03-27 16:00:00,0.0,0.0,0
2022-03-27 17:00:00,0.0,0.0,0
2022-03-27 18:00:00,0.0,0.0,0
2022-03-27 19:00:00,0.0,0.0,0
2022-03-27 20:00:00,0.0,0.0,0
2022-03-27 21:00:00,0.0,0.0,0
2022-03-27 22:00:00,0.0,0.0,0
2022-03-27 23:00:00,0.0,0.0,0
2022-03-28 00:00:00,0.0,0.0,0
2022-03-28 01:00:00,0.0,0.0,0
2022-03-28 02:00:00,0.0,0.0,0
2022-03-28 03:00:00,0.0,0.0,0
2022-03-28 04:00:00,0.0,0.0,0
2022-03-28 05:00:00,0.0,0.0,0
2022-03-28 06:00:00,0.0,0.0,0
2022-03-28 07:00:00,0.0,0.0,0
2022-03-28 08:00:00,0.0,0.0,0
2022-03-28 09:00:00,0.0,0.0,0
2022-03-28 10:00:00,0.0,0.0,0
2022-03-28 11:00:00,0.0,0.0,0
2022-03-28 12:00:00,0.0,0.0,0
2022-03-28 13:00:00,0.0,0.0,0
2022-03-28 14:00:00,0.0,0.0,0
2022-03-28 15:00:00,0.0,0.0,0
2022-03-28 16:00:00,0.0,0.0,0
2022-03-28 17:00:00,0.0,0.0,0
2022-03-28 18:00:00,0.0,0.0,0
2022-03-28 19:00:00,0.0,0.0,0
2022-03-28 20:00:00,0.0,0.0,0
2022-03-28 21:00:00,0.0,0.0,0
2022-03-28 22:00:00,0.0,0.0,0
2022-03-28 23:00:00,0.0,0.0,0
2022-03-29 00:00:00,0.0,0.0,0
2022-03-29 01:00:00,0.0,0.0,0
2022-03-29 02:00:00,0.0,0.0,0
2022-03-29 03:00:00,0.0,0.0,0
2022-03-29 04:00:00,0.0,0.0,0
2022-03-29 05:00:00,0.0,0.0,0
2022-03-29 06:00:00,0.0,0.0,0
2022-03-29 07:00:00,0.0,0.0,0
2022-03-29 08:00:00,0.0,0.0,0
2022-03-29 09:00:00,0.0,0.0,0
2022-03-29 10:00:00,0.0,0.0,0
2022-03-29 11:00:00,0.0,0.0,0
2022-03-29 12:00:00,0.0,0.0,0
2022-03-29 13:00:00,0.0,0.0,0
2022-03-29 14:00:00,0.0,0.0,0
2022-03-29 15:00:00,0.0,0.0,0
2022-03-29 16:00:00,0.0,0.0,0
2022-03-29 17:00:00,0.0,0.0,0
2022-03-29 18:00:00,0.0,0.0,0
2022-03-29 19:00:00,0.0,0.0,0
2022-03-29 20:00:00,0.0,0.0,0
2022-03-29 21:00:00,0.0,0.0,0
2022-03-29 22:00:00,0.0,0.0,0
2022-03-29 23:00:00,0.0,0.0,0
2022-03-30 00:00:00,0.0,0.0,0
2022-03-30 01:00:00,0.0,0.0,0
2022-03-30 02:00:00,0.0,0.0,0
2022-03-30 03:00:00,0.0,0.0,0
2022-03-30 04:00:00,0.0,0.0,0
2022-03-30 05:00:00,0.0,0.0,0
2022-03-30 06:00:00,0.0,0.0,0
2022-03-30 07:00:00,0.0,0.0,0
2022-03-30 08:00:00,0.0,0.0,0
2022-03-30 09:00:00,0.0,0.0,0
2022-03-30 10:00:00,0.0,0.0,0
2022-03-30 11:00:00,0.0,0.0,0
2022-03-30 12:00:00,0.0,0.0,0
2022-03-30 13:00:00,0.0,0.0,0
2022-03-30 14:00:00,0.0,0.0,0
2022-03-30 15:00:00,0.0,0.0,0
2022-03-30 16:00:00,0.0,0.0,0
2022-03-30 17:00:00,0.0,0.0,0
2022-03-30 18:00:00,0.0,0.0,0
2022-03-30 19:00:00,0.0,0.0,0
2022-03-30 20:00:00,0.0,0.0,0
2022-03-30 21:00:00,0.0,0.0,0
2022-03-30 22:00:00,0.0,0.0,0
2022-03-30 23:00:00,0.0,0.0,0
2022-03-31 00:00:00,0.0,0.0,0
2022-03-31 01:00:00,0.0,0.0,0
2022-03-31 02:00:00,0.0,0.0,0
2022-03-31 03:00:00,0.0,0.0,0
2022-03-31 04:00:00,0.0,0.0,0
2022-03-31 05:00:00,0.0,0.0,0
2022-03-31 06:00:00,0.0,0.0,0
2022-03-31 07:00:00,0.0,0.0,0
2022-03-31 08:00:00,0.0,0.0,0
2022-03-31 09:00:00,0.0,0.0,0
2022-03-31 10:00:00,0.0,0.0,0
2022-03-31 11:00:00,0.0,0.0,0
2022-03-31 12:00:00,0.0,0.0,0
2022-03-31 13:00:00,0.0,0.0,0
2022-03-31 14:00:00,0.0,0.0,0
2022-03-31 15:00:00,0.0,0.0,0
2022-03-31 16:00:00,0.0,0.0,0
2022-03-31 17:00:00,0.0,0.0,0
2022-03-31 18:00:00,0.0,0.0,0
2022-03-31 19:00:00,0.0,0.0,0
2022-03-31 20:00:00,0.0,0.0,0
2022-03-31 21:00:00,0.0,0.0,0
2022-03-31 22:00:00,0.0,0.0,0
2022-03-31 23:00:00,0.0,0.0,0
2022-04-01 00:00:00,0.0,0.0,0
2022-04-01 01:00:00,0.0,0.0,0
2022-04-01 02:00:00,0.0,0.0,0
2022-04-01 03:00:00,0.0,0.0,0
2022-04-01 04:00:00,0.0,0.0,0
2022-04-01 05:00:00,0.0,0.0,0
2022-04-01 06:00:00,0.0,0.0,0
2022-04-01 07:00:00,0.0,0.0,0
2022-04-01 08:00:00,0.0,0.0,0
2022-04-01 09:00:00,0.0,0.0,0
2022-04-01 10:00:00,0.0,0.0,0
2022-04-01 11:00:00,0.0,0.0,0
2022-04-01 12:00:00,0.0,0.0,0
2022-04-01 13:00:00,0.0,0.0,0
2022-04-01 14:00:00,0.0,0.0,0
2022-04-01 15:00:00,0.0,0.0,0
2022-04-01 16:00:00,0.0,0.0,0
2022-04-01 17:00:00,0.0,0.0,0
2022-04-01 18:00:00,0.0,0.0,0
2022-04-01 19:00:00,0.0,0.0,0
2022-04-01 20:00:00,0.0,0.0,0
2022-04-01 21:00:00,0.0,0.0,0
2022-04-01 22:00:00,0.0,0.0,0
2022-04-01 23:00:00,0.0,0.0,0
2022-04-02 00:00:00,0.0,0.0,0
2022-04-02 01:00:00,0.0,0.0,0
2022-04-02 02:00:00,0.0,0.0,0
2022-04-02 03:00:00,0.0,0.0,0
2022-04-02 04:00:00,0.0,0.0,0
2022-04-02 05:00:00,0.0,0.0,0
2022-04-02 06:00:00,0.0,0.0,0
2022-04-02 07:00:00,0.0,0.0,0
2022-04-02 08:00:00,0.0,0.0,0
2022-04-02 09:00:00,0.0,0.0,0
2022-04-02 10:00:00,0.0,0.0,0
2022-04-02 11:00:00,0.0,0.0,0
2022-04-02 12:00:00,0.0,0.0,0
2022-04-02 13:00:00,0.0,0.0,0
2022-04-02 14:00:00,0.0,0.0,0
2022-04-02 15:00:00,0.0,0.0,0
2022-04-02 16:00:00,0.0,0.0,0
2022-04-02 17:00:00,0.0,0.0,0
2022-04-02 18:00:00,0.0,0.0,0
2022-04-02 19:00:00,0.0,0.0,0
2022-04-02 20:00:00,0.0,0.0,0
2022-04-02 21:00:00,0.0,0.0,0
2022-04-02 22:00:00,0.0,0.0,0
2022-04-02 23:00:00,0.0,0.0,0
2022-04-03 00:00:00,0.0,0.0,0
2022-04-03 01:00:00,0.0,0.0,0
2022-04-03 02:00:00,0.0,0.0,0
2022-04-03 03:00:00,0.0,0.0,0
2022-04-03 04:00:00,0.0,0.0,0
2022-04-03 05:00:00,0.0,0.0,0
2022-04-03 06:00:00,0.0,0.0,0
2022-04-03 07:00:00,0.0,0.0,0
2022-04-03 08:00:00,0.0,0.0,0
2022-04-03 09:00:00,0.0,0.0,0
2022-04-03 10:00:00,0.0,0.0,0
2022-04-03 11:00:00,0.0,0.0,0
2022-04-03 12:00:00,0.0,0.0,0
2022-04-03 13:00:00,0.0,0.0,0
2022-04-03 14:00:00,0.0,0.0,0
2022-04-03 15:00:00,0.0,0.0,0
2022-04-03 16:00:00,0.0,0.0,0
2022-04-03 17:00:00,0.0,0.0,0
2022-04-03 18:00:00,0.0,0.0,0
2022-04-03 19:00:00,0.0,0.0,0
2022-04-03 20:00:00,0.0,0.0,0
2022-04-03 21:00:00,0.0,0.0,0
2022-04-03 22:00:00,0.0,0.0,0
2022-04-03 23:00:00,0.0,0.0,0
2022-04-04 00:00:00,0.0,0.0,0
2022-04-04 01:00:00,0.0,0.0,0
2022-04-04 02:00:00,0.0,0.0,0
2022-04-04 03:00:00,0.0,0.0,0
2022-04-04 04:00:00,0.0,0.0,0
2022-04-04 05:00:00,0.0,0.0,0
2022-04-04 06:00:00,0.0,0.0,0
2022-04-04 07:00:00,0.0,0.0,0
2022-04-04 08:00:00,0.0,0.0,0
2022-04-04 09:00:00,0.0,0.0,0
2022-04-04 10:00:00,0.0,0.0,0
2022-04-04 11:00:00,0.0,0.0,0
2022-04-04 12:00:00,0.0,0.0,0
2022-04-04 13:00:00,0.0,0.0,0
2022-04-04 14:00:00,0.0,0.0,0
2022-04-04 15:00:00,0.0,0.0,0
2022-04-04 16:00:00,0.0,0.0,0
2022-04-04 17:00:00,0.0,0.0,0
2022-04-04 18:00:00,0.0,0.0,0
2022-04-04 19:00:00,0.0,0.0,0
2022-04-04 20:00:00,0.0,0.0,0
2022-04-04 21:00:00,0.0,0.0,0
2022-04-04 22:00:00,0.0,0.0,0
2022-04-04 23:00:00,0.0,0.0,0
2022-04-05 00:00:00,0.0,0.0,0
2022-04-05 01:00:00,0.0,0.0,0
2022-04-05 02:00:00,0.0,0.0,0
2022-04-05 03:00:00,0.0,0.0,0
2022-04-05 04:00:00,0.0,0.0,0
2022-04-05 05:00:00,0.0,0.0,0
2022-04-05 06:00:00,0.0,0.0,0
2022-04-05 07:00:00,0.0,0.0,0
2022-04-05 08:00:00,0.0,0.0,0
2022-04-05 09:00:00,0.0,0.0,0
2022-04-05 10:00:00,0.0,0.0,0
2022-04-05 11:00:00,0.0,0.0,0
2022-04-05 12:00:00,0.0,0.0,0
2022-04-05 13:00:00,0.0,0.0,0
2022-04-05 14:00:00,0.0,0.0,0
2022-04-05 15:00:00,0.0,0.0,0
2022-04-05 16:00:00,0.0,0.0,0
2022-04-05 17:00:00,0.0,0.0,0
2022-04-05 18:00:00,0.0,0.0,0
2022-04-05 19:00:00,0.0,0.0,0
2022-04-05 20:00:00,0.0,0.0,0
2022-04-05 21:00:00,0.0,0.0,0
2022-04-05 22:00:00,0.0,0.0,0
2022-04-05 23:00:00,0.0,0.0,0
2022-04-06 00:00:00,0.0,0.0,0
2022-04-06 01:00:00,0.0,0.0,0
2022-04-06 02:00:00,0.0,0.0,0
2022-04-06 03:00:00,0.0,0.0,0
2022-04-06 04:00:00,0.0,0.0,0
2022-04-06 05:00:00,0.0,0.0,0
2022-04-06 06:00:00,0.0,0.0,0
2022-04-06 07:00:00,0.0,0.0,0
2022-04-06 08:00:00,0.0,0.0,0
2022-04-06 09:00:00,0.0,0.0,0
2022-04-06 10:00:00,0.0,0.0,0
2022-04-06 11:00:00,0.0,0.0,0
2022-04-06 12:00:00,0.0,0.0,0
2022-04-06 13:00:00,0.0,0.0,0
2022-04-06 14:00:00,0.0,0.0,0
2022-04-06 15:00:00,0.0,0.0,0
2022-04-06 16:00:00,0.0,0.0,0
2022-04-06 17:00:00,0.0,0.0,0
2022-04-06 18:00:00,0.0,0.0,0
2022-04-06 19:00:00,0.0,0.0,0
2022-04-06 20:00:00,0.0,0.0,0
2022-04-06 21:00:00,0.0,0.0,0
2022-04-06 22:00:00,0.0,0.0,0
2022-04-06 23:00:00,0.0,0.0,0
2022-04-07 00:00:00,0.0,0.0,0
2022-04-07 01:00:00,0.0,0.0,0
2022-04-07 02:00:00,0.0,0.0,0
2022-04-07 03:00:00,0.0,0.0,0
2022-04-07 04:00:00,0.0,0.0,0
2022-04-07 05:00:00,0.0,0.0,0
2022-04-07 06:00:00,0.0,0.0,0
2022-04-07 07:00:00,0.0,0.0,0
2022-04-07 08:00:00,0.0,0.0,0
2022-04-07 09:00:00,0.0,0.0,0
2022-04-07 10:00:00,0.0,0.0,0
2022-04-07 11:00:00,0.0,0.0,0
2022-04-07 12:00:00,0.0,0.0,0
2022-04-07 13:00:00,0.0,0.0,0
2022-04-07 14:00:00,0.0,0.0,0
2022-04-07 15:00:00,0.0,0.0,0
2022-04-07 16:00:00,0.0,0.0,0
2022-04-07 17:00:00,0.0,0.0,0
2022-04-07 18:00:00,0.0,0.0,0
2022-04-07 19:00:00,0.0,0.0,0
2022-04-07 20:00:00,0.0,0.0,0
2022-04-07 21:00:00,0.0,0.0,0
2022-04-07 22:00:00,0.0,0.0,0
2022-04-07 23:00:00,0.0,0.0,0
2022-04-08 00:00:00,0.0,0.0,0
2022-04-08 01:00:00,0.0,0.0,0
2022-04-08 02:00:00,0.0,0.0,0
2022-04-08 03:00:00,0.0,0.0,0
2022-04-08 04:00:00,0.0,0.0,0
2022-04-08 05:00:00,0.0,0.0,0
2022-04-08 06:00:00,0.0,0.0,0
2022-04-08 07:00:00,0.0,0.0,0
2022-04-08 08:00:00,0.0,0.0,0
2022-04-08 09:00:00,0.0,0.0,0
2022-04-08 10:00:00,0.0,0.0,0
2022-04-08 11:00:00,0.0,0.0,0
2022-04-08 12:00:00,0.0,0.0,0
2022-04-08 13:00:00,0.0,0.0,0
2022-04-08 14:00:00,0.0,0.0,0
2022-04-08 15:00:00,0.0,0.0,0
2022-04-08 16:00:00,0.0,0.0,0
2022-04-08 17:00:00,0.0,0.0,0
2022-04-08 18:00:00,0.0,0.0,0
2022-04-08 19:00:00,0.0,0.0,0
2022-04-08 20:00:00,0.0,0.0,0
2022-04-08 21:00:00,0.0,0.0,0
2022-04-08 22:00:00,0.0,0.0,0
2022-04-08 23:00:00,0.0,0.0,0
2022-04-09 00:00:00,0.0,0.0,0
2022-04-09 01:00:00,0.0,0.0,0
2022-04-09 02:00:00,0.0,0.0,0
2022-04-09 03:00:00,0.0,0.0,0
2022-04-09 04:00:00,0.0,0.0,0
2022-04-09 05:00:00,0.0,0.0,0
2022-04-09 06:00:00,0.0,0.0,0
2022-04-09 07:00:00,0.0,0.0,0
2022-04-09 08:00:00,0.0,0.0,0
2022-04-09 09:00:00,0.0,0.0,0
2022-04-09 10:00:00,0.0,0.0,0
2022-04-09 11:00:00,0.0,0.0,0
2022-04-09 12:00:00,0.0,0.0,0
2022-04-09 13:00:00,0.0,0.0,0
2022-04-09 14:00:00,0.0,0.0,0
2022-04-09 15:00:00,0.0,0.0,0
2022-04-09 16:00:00,0.0,0.0,0
2022-04-09 17:00:00,0.0,0.0,0
2022-04-09 18:00:00,0.0,0.0,0
2022-04-09 19:00:00,0.0,0.0,0
2022-04-09 20:00:00,0.0,0.0,0
2022-04-09 21:00:00,0.0,0.0,0
2022-04-09 22:00:00,0.0,0.0,0
2022-04-09 23:00:00,0.0,0.0,0
2022-04-10 00:00:00,0.0,0.0,0
2022-04-10 01:00:00,0.0,0.0,0
2022-04-10 02:00:00,0.0,0.0,0
2022-04-10 03:00:00,0.0,0.0,0
2022-04-10 04:00:00,0.0,0.0,0
2022-04-10 05:00:00,0.0,0.0,0
2022-04-10 06:00:00,0.0,0.0,0
2022-04-10 07:00:00,0.0,0.0,0
2022-04-10 08:00:00,0.0,0.0,0
2022-04-10 09:00:00,0.0,0.0,0
2022-04-10 10:00:00,0.0,0.0,0
2022-04-10 11:00:00,0.0,0.0,0
2022-04-10 12:00:00,0.0,0.0,0
2022-04-10 13:00:00,0.0,0.0,0
2022-04-10 14:00:00,0.0,0.0,0
2022-04-10 15:00:00,0.0,0.0,0
2022-04-10 16:00:00,0.0,0.0,0
2022-04-10 17:00:00,0.0,0.0,0
2022-04-10 18:00:00,0.0,0.0,0
2022-04-10 19:00:00,0.0,0.0,0
2022-04-10 20:00:00,0.0,0.0,0
2022-04-10 21:00:00,0.0,0.0,0
2022-04-10 22:00:00,0.0,0.0,0
2022-04-10 23:00:00,0.0,0.0,0
2022-04-11 00:00:00,0.0,0.0,0
2022-04-11 01:00:00,0.0,0.0,0
2022-04-11 02:00:00,0.0,0.0,0
2022-04-11 03:00:00,0.0,0.0,0
2022-04-11 04:00:00,0.0,0.0,0
2022-04-11 05:00:00,0.0,0.0,0
2022-04-11 06:00:00,0.0,0.0,0
2022-04-11 07:00:00,0.0,0.0,0
2022-04-11 08:00:00,0.0,0.0,0
2022-04-11 09:00:00,0.0,0.0,0
2022-04-11 10:00:00,0.0,0.0,0
2022-04-11 11:00:00,0.0,0.0,0
2022-04-11 12:00:00,0.0,0.0,0
2022-04-11 13:00:00,0.0,0.0,0
2022-04-11 14:00:00,0.0,0.0,0
2022-04-11 15:00:00,0.0,0.0,0
2022-04-11 16:00:00,0.0,0.0,0
2022-04-11 17:00:00,0.0,0.0,0
2022-04-11 18:00:00,0.0,0.0,0
2022-04-11 19:00:00,0.0,0.0,0
2022-04-11 20:00:00,0.0,0.0,0
2022-04-11 21:00:00,0.0,0.0,0
2022-04-11 22:00:00,0.0,0.0,0
2022-04-11 23:00:00,0.0,0.0,0
2022-04-12 00:00:00,0.0,0.0,0
2022-04-12 01:00:00,0.0,0.0,0
2022-04-12 02:00:00,0.0,0.0,0
2022-04-12 03:00:00,0.0,0.0,0
2022-04-12 04:00:00,0.0,0.0,0
2022-04-12 05:00:00,0.0,0.0,0
2022-04-12 06:00:00,0.0,0.0,0
2022-04-12 07:00:00,0.0,0.0,0
2022-04-12 08:00:00,0.0,0.0,0
2022-04-12 09:00:00,0.0,0.0,0
2022-04-12 10:00:00,0.0,0.0,0
2022-04-12 11:00:00,0.0,0.0,0
2022-04-12 12:00:00,0.0,0.0,0
2022-04-12 13:00:00,0.0,0.0,0
2022-04-12 14:00:00,0.0,0.0,0
2022-04-12 15:00:00,0.0,0.0,0
2022-04-12 16:00:00,0.0,0.0,0
2022-04-12 17:00:00,0.0,0.0,0
2022-04-12 18:00:00,0.0,0.0,0
2022-04-12 19:00:00,0.0,0.0,0
2022-04-12 20:00:00,0.0,0.0,0
2022-04-12 21:00:00,0.0,0.0,0
2022-04-12 22:00:00,0.0,0.0,0
2022-04-12 23:00:00,0.0,0.0,0
2022-04-13 00:00:00,0.0,0.0,0
2022-04-13 01:00:00,0.0,0.0,0
2022-04-13 02:00:00,0.0,0.0,0
2022-04-13 03:00:00,0.0,0.0,0
2022-04-13 04:00:00,0.0,0.0,0
2022-04-13 05:00:00,0.0,0.0,0
2022-04-13 06:00:00,0.0,0.0,0
2022-04-13 07:00:00,0.0,0.0,0
2022-04-13 08:00:00,0.0,0.0,0
2022-04-13 09:00:00,0.0,0.0,0
2022-04-13 10:00:00,0.0,0.0,0
2022-04-13 11:00:00,0.1627715909090909,0.0,88
2022-04-13 12:00:00,0.174034375,0.00744047619047619,672
2022-04-13 13:00:00,0.12897414965986395,0.03854875283446712,882
2022-04-13 14:00:00,0.1537261210762332,0.028026905829596414,892
2022-04-13 15:00:00,0.1772017204301075,0.09247311827956989,930
2022-04-13 16:00:00,0.23895661846496108,0.14238042269187987,899
2022-04-13 17:00:00,0.18373090418353577,0.06612685560053981,741
2022-04-13 18:00:00,0.3088314578005115,0.2442455242966752,782
2022-04-13 19:00:00,0.26767398843930634,0.24277456647398843,1038
2022-04-13 20:00:00,0.2006524024024024,0.0945945945945946,666
2022-04-13 21:00:00,0.17146255778120184,0.04930662557781202,649
2022-04-13 22:00:00,0.16824256292906178,0.011441647597254004,437
2022-04-13 23:00:00,0.11296277915632755,-0.05955334987593052,403
2022-04-14 00:00:00,0.16993507109004738,0.0071090047393364926,422
2022-04-14 01:00:00,0.16062445652173912,0.021739130434782608,368
2022-04-14 02:00:00,0.1664943396226415,-0.0215633423180593,371
2022-04-14 03:00:00,0.17881495601173023,0.05278592375366569,341
2022-04-14 04:00:00,0.19325124999999999,0.0375,400
2022-04-14 05:00:00,0.2206664907651715,0.079155672823219,379
2022-04-14 06:00:00,0.16506412825651304,0.06613226452905811,499
2022-04-14 07:00:00,0.203657,0.0825,400
2022-04-14 08:00:00,0.1836771889400922,0.1152073732718894,434
2022-04-14 09:00:00,0.22184407079646018,0.10973451327433628,565
2022-04-14 10:00:00,0.20250545454545454,0.04909090909090909,550
2022-04-14 11:00:00,0.19780579964850617,0.054481546572934976,569
2022-04-14 12:00:00,0.1583833969465649,0.009541984732824428,524
2022-04-14 13:00:00,0.15986691068814055,0.01171303074670571,683
2022-04-14 14:00:00,0.1534648468708389,0.047936085219707054,751
2022-04-14 15:00:00,0.12752916666666667,0.02261904761904762,840
2022-04-14 16:00:00,0.1631186946902655,0.022123893805309734,904
2022-04-14 17:00:00,0.16585039370078739,0.05196850393700787,635
2022-04-14 18:00:00,0.138408,0.012727272727272728,550
2022-04-14 19:00:00,0.12298587896253602,-0.011527377521613832,694
2022-04-14 20:00:00,0.11477102102102102,0.010510510510510511,666
2022-04-14 21:00:00,0.19291612903225808,0.0846774193548387,496
2022-04-14 22:00:00,0.09542565217391305,-0.01956521739130435,460
2022-04-14 23:00:00,0.10820054644808742,-0.08743169398907104,366
2022-04-15 00:00:00,0.09746614583333334,-0.1015625,384
2022-04-15 01:00:00,0.1850413612565445,-0.013089005235602094,382
2022-04-15 02:00:00,0.20649476744186046,0.08430232558139535,344
2022-04-15 03:00:00,0.16164203296703297,0.09065934065934066,364
2022-04-15 04:00:00,0.23015131578947368,0.11052631578947368,380
2022-04-15 05:00:00,0.2088153153153153,0.11036036036036036,444
2022-04-15 06:00:00,0.16652271714922048,0.0556792873051225,449
2022-04-15 07:00:00,0.16011739130434782,0.04565217391304348,460
2022-04-15 08:00:00,0.17048855263157897,0.14342105263157895,760
2022-04-15 09:00:00,0.2153084670231729,0.08377896613190731,1122
2022-04-15 10:00:00,0.22245304347826086,0.07246376811594203,1035
2022-04-15 11:00:00,0.1856318661971831,0.02464788732394366,1136
2022-04-15 12:00:00,0.16809847198641767,0.02037351443123939,1178
2022-04-15 13:00:00,0.18838677867056244,0.04601899196493791,1369
2022-04-15 14:00:00,0.200868758526603,0.04638472032742155,1466
2022-04-15 15:00:00,0.23620651898734177,0.11392405063291139,1580
2022-04-15 16:00:00,0.222075764354959,0.11185682326621924,1341
2022-04-15 17:00:00,0.24806476190476193,0.12161172161172161,1365
2022-04-15 18:00:00,0.15931135822081016,-0.04527402700555997,1259
2022-04-15 19:00:00,0.19555438950554996,0.04641775983854692,991
2022-04-15 20:00:00,0.21806150824823253,0.07384131971720345,1273
2022-04-15 21:00:00,0.257602391118702,0.08368915456874466,1171
2022-04-15 22:00:00,0.22025263157894737,0.02127659574468085,893
2022-04-15 23:00:00,0.1901243312101911,0.0,785
2022-04-16 00:00:00,0.20329931224209077,-0.016506189821182942,727
2022-04-16 01:00:00,0.18320681818181817,0.03282828282828283,792
2022-04-16 02:00:00,0.21897816711590296,0.06873315363881402,742
2022-04-16 03:00:00,0.19824045698924733,0.0228494623655914,744
2022-04-16 04:00:00,0.20680716981132075,0.07169811320754717,795
2022-04-16 05:00:00,0.21618361730013108,0.08781127129750983,763
2022-04-16 06:00:00,0.22180023501762633,0.099882491186839,851
2022-04-16 07:00:00,0.24205286839145107,0.04611923509561305,889
2022-04-16 08:00:00,0.20294829329962075,0.07079646017699115,791
2022-04-16 09:00:00,0.23587359617682196,0.0931899641577061,837
2022-04-16 10:00:00,0.24946167209554831,0.09771986970684039,921
2022-04-16 11:00:00,0.24476907756813418,0.09853249475890985,954
2022-04-16 12:00:00,0.20462059620596207,0.07226738934056007,1107
2022-04-16 13:00:00,0.2696681222707423,0.1633187772925764,1145
2022-04-16 14:00:00,0.3111336827393431,0.22292103424178897,1431
2022-04-16 15:00:00,0.27884529914529915,0.2081807081807082,1638
2022-04-16 16:00:00,0.2578499628804751,0.13808463251670378,1347
2022-04-16 17:00:00,0.27230655870445347,0.10850202429149798,1235
2022-04-16 18:00:00,0.20669999999999997,0.06490384615384616,1248
2022-04-16 19:00:00,0.23253915187376725,0.048323471400394474,1014
2022-04-16 20:00:00,0.19594652351738243,0.014314928425357873,978
2022-04-16 21:00:00,0.23779618456078086,0.05944986690328305,1127
2022-04-16 22:00:00,0.21968108108108106,0.030405405405405407,592
2022-04-16 23:00:00,0.14924719101123596,-0.019662921348314606,356
2022-04-17 00:00:00,0.0,0.0,0
2022-04-17 01:00:00,0.0,0.0,0
2022-04-17 02:00:00,0.0,0.0,0
2022-04-17 03:00:00,0.0,0.0,0
2022-04-17 04:00:00,0.0,0.0,0
2022-04-17 05:00:00,0.0,0.0,0
2022-04-17 06:00:00,0.0,0.0,0
2022-04-17 07:00:00,0.0,0.0,0
2022-04-17 08:00:00,0.0,0.0,0
2022-04-17 09:00:00,0.0,0.0,0
2022-04-17 10:00:00,0.0,0.0,0
2022-04-17 11:00:00,0.0,0.0,0
2022-04-17 12:00:00,0.0,0.0,0
2022-04-17 13:00:00,0.0,0.0,0
2022-04-17 14:00:00,0.0,0.0,0
2022-04-17 15:00:00,0.0,0.0,0
2022-04-17 16:00:00,0.0,0.0,0
2022-04-17 17:00:00,0.0,0.0,0
2022-04-17 18:00:00,0.17391881188118813,0.039603960396039604,303
2022-04-17 19:00:00,0.12963126142595977,-0.03016453382084095,1094
2022-04-17 20:00:00,0.18270780017528485,0.05959684487291849,1141
2022-04-17 21:00:00,0.19494548651817115,0.0984759671746776,853
2022-04-17 22:00:00,0.1775028402366864,0.027218934911242602,845
2022-04-17 23:00:00,0.11671862549800797,-0.008964143426294821,1004
2022-04-18 00:00:00,0.19162579979360164,0.010319917440660475,969
2022-04-18 01:00:00,0.1829717451523546,0.03185595567867036,722
2022-04-18 02:00:00,0.13915243757431628,-0.020214030915576695,841
2022-04-18 03:00:00,0.17615241935483872,0.04435483870967742,744
2022-04-18 04:00:00,0.11239549783549783,-0.04155844155844156,1155
2022-04-18 05:00:00,0.1249921762589928,-0.02697841726618705,1112
2022-04-18 06:00:00,0.12839448742746615,-0.04061895551257253,1034
2022-04-18 07:00:00,0.11627870129870128,-0.06753246753246753,1155
2022-04-18 08:00:00,0.14589341527655839,0.0,1139
2022-04-18 09:00:00,0.22725880230880233,0.10101010101010101,1386
2022-04-18 10:00:00,0.1546577849117175,0.02247191011235955,1246
2022-04-18 11:00:00,0.15339718649517683,0.0008038585209003215,1244
2022-04-18 12:00:00,0.1589442928930366,0.022254127781765973,1393
2022-04-18 13:00:00,0.1753635885447107,0.08299240210403273,1711
2022-04-18 14:00:00,0.16259722222222223,0.05413105413105413,1404
2022-04-18 15:00:00,0.18097709815078236,0.06116642958748222,1406
2022-04-18 16:00:00,0.21020152963671127,0.08030592734225621,1569
2022-04-18 17:00:00,0.1548230936819172,0.006535947712418301,1836
2022-04-18 18:00:00,0.17032095837366892,0.057115198451113264,2066
2022-04-18 19:00:00,0.22046424201223658,0.09109449354180829,1471
2022-04-18 20:00:00,0.20363214030064425,0.07229778095919828,1397
2022-04-18 21:00:00,0.18222784184514004,0.04612850082372323,1214
2022-04-18 22:00:00,0.22192511584800742,0.08619091751621873,1079
2022-04-18 23:00:00,0.23894323748668797,0.11182108626198083,939
2022-04-19 00:00:00,0.2136492132867133,0.1048951048951049,1144
2022-04-19 01:00:00,0.22262427616926503,0.028953229398663696,898
2022-04-19 02:00:00,0.18426047565118914,0.04190260475651189,883
2022-04-19 03:00:00,0.21165216426193117,0.097669256381798,901
2022-04-19 04:00:00,0.185890414507772,0.04015544041450777,772
2022-04-19 05:00:00,0.16605951219512197,0.03170731707317073,820
2022-04-19 06:00:00,0.18934127906976747,0.05465116279069768,860
2022-04-19 07:00:00,0.20338850902184236,0.06837606837606838,1053
2022-04-19 08:00:00,0.24256786011656953,0.13905079100749376,1201
2022-04-19 09:00:00,0.15695776105362183,0.027281279397930385,1063
2022-04-19 10:00:00,0.22035356536502548,0.07555178268251274,1178
2022-04-19 11:00:00,0.18319691307879774,0.08692120227457352,1231
2022-04-19 12:00:00,0.205835989010989,0.08585164835164835,1456
2022-04-19 13:00:00,0.20637399380804952,0.1021671826625387,1615
2022-04-19 14:00:00,0.20579425587467362,0.07206266318537859,1915
2022-04-19 15:00:00,0.21662062915910466,0.10102843315184513,1653
2022-04-19 16:00:00,0.2692600351082504,0.12755997659449972,1709
2022-04-19 17:00:00,0.2387494929006085,0.13116970926301555,1479
2022-04-19 18:00:00,0.1867827376938638,0.02562373567093729,1483
2022-04-19 19:00:00,0.23556728624535317,0.060966542750929366,1345
2022-04-19 20:00:00,0.20548130030959752,0.02786377708978328,1615
2022-04-19 21:00:00,0.22379156272927364,0.0880410858400587,1363
2022-04-19 22:00:00,0.2219148612354521,0.11638316920322292,1117
2022-04-19 23:00:00,0.1729397076735688,0.0438489646772229,821
2022-04-20 00:00:00,0.0,0.0,0
2022-04-20 01:00:00,0.0,0.0,0
2022-04-20 02:00:00,0.0,0.0,0
2022-04-20 03:00:00,0.0,0.0,0
2022-04-20 04:00:00,0.0,0.0,0
2022-04-20 05:00:00,0.0,0.0,0
2022-04-20 06:00:00,0.0,0.0,0
2022-04-20 07:00:00,0.0,0.0,0
2022-04-20 08:00:00,0.0,0.0,0
2022-04-20 09:00:00,0.0,0.0,0
2022-04-20 10:00:00,0.0,0.0,0
2022-04-20 11:00:00,0.0,0.0,0
2022-04-20 12:00:00,0.0,0.0,0
2022-04-20 13:00:00,0.0,0.0,0
2022-04-20 14:00:00,0.0,0.0,0
2022-04-20 15:00:00,0.0,0.0,0
2022-04-20 16:00:00,0.0,0.0,0
2022-04-20 17:00:00,0.17512095238095238,0.022222222222222223,315
2022-04-20 18:00:00,0.15403560666137986,0.0190325138778747,1261
2022-04-20 19:00:00,0.20007826086956523,0.09826086956521739,1150
2022-04-20 20:00:00,0.15002069306930693,0.01089108910891089,1010
2022-04-20 21:00:00,0.1516594382022472,0.02359550561797753,890
2022-04-20 22:00:00,0.1987422746781116,0.05686695278969957,932
2022-04-20 23:00:00,0.18377184684684686,0.0472972972972973,888
2022-04-21 00:00:00,0.0,0.0,0
2022-04-21 01:00:00,0.0,0.0,0
2022-04-21 02:00:00,0.0,0.0,0
2022-04-21 03:00:00,0.0,0.0,0
2022-04-21 04:00:00,0.0,0.0,0
2022-04-21 05:00:00,0.0,0.0,0
2022-04-21 06:00:00,0.0,0.0,0
2022-04-21 07:00:00,0.0,0.0,0
2022-04-21 08:00:00,0.0,0.0,0
2022-04-21 09:00:00,0.0,0.0,0
2022-04-21 10:00:00,0.0,0.0,0
2022-04-21 11:00:00,0.17935722326454034,0.001876172607879925,533
2022-04-21 12:00:00,0.1657716591928251,0.011659192825112108,1115
2022-04-21 13:00:00,0.1969362255965293,0.09544468546637744,1383
2022-04-21 14:00:00,0.18192808273667463,0.0405727923627685,1257
2022-04-21 15:00:00,0.20140422343324252,-0.06743869209809264,1468
2022-04-21 16:00:00,0.19842062430323298,0.06298773690078038,1794
2022-04-21 17:00:00,0.19468741433021808,0.0940809968847352,1605
2022-04-21 18:00:00,0.16391630901287554,0.00674432863274065,1631
2022-04-21 19:00:00,0.17609539835164836,0.015796703296703296,1456
2022-04-21 20:00:00,0.1261439180537772,-0.006402048655569782,1562
2022-04-21 21:00:00,0.1859884234577304,-0.06092916984006093,1313
2022-04-21 22:00:00,0.13685679886685553,-0.03895184135977337,1412
2022-04-21 23:00:00,0.17161678966789667,0.0027675276752767526,1084
2022-04-22 00:00:00,0.0,0.0,0
2022-04-22 01:00:00,0.0,0.0,0
2022-04-22 02:00:00,0.0,0.0,0
2022-04-22 03:00:00,0.0,0.0,0
2022-04-22 04:00:00,0.0,0.0,0
2022-04-22 05:00:00,0.0,0.0,0
2022-04-22 06:00:00,0.0,0.0,0
2022-04-22 07:00:00,0.2746177777777778,0.08888888888888889,45
2022-04-22 08:00:00,0.2657323251417769,0.166351606805293,529
2022-04-22 09:00:00,0.20144929824561403,0.07192982456140351,570
2022-04-22 10:00:00,0.2301336177474403,0.17406143344709898,586
2022-04-22 11:00:00,0.19583779527559056,0.0542432195975503,1143
2022-04-22 12:00:00,0.19493903508771931,0.041666666666666664,1368
2022-04-22 13:00:00,0.2054367944250871,0.05574912891986063,1435
2022-04-22 14:00:00,0.17265037546933668,-0.010638297872340425,1598
2022-04-22 15:00:00,0.158462486938349,0.01044932079414838,1914
2022-04-22 16:00:00,0.15869970811441914,0.004670169293636894,1713
2022-04-22 17:00:00,0.1741167648984938,0.022920759659463,1527
2022-04-22 18:00:00,0.13847610677083333,-0.039713541666666664,1536
2022-04-22 19:00:00,0.15861483724451175,0.006056018168054504,1321
2022-04-22 20:00:00,0.1816856259659969,0.03554868624420402,1294
2022-04-22 21:00:00,0.17000828351836036,0.025619128949615714,1171
2022-04-22 22:00:00,0.1829875457875458,0.00641025641025641,1092
2022-04-22 23:00:00,0.19171697099892587,0.04618689581095596,931
2022-04-23 00:00:00,0.0,0.0,0
2022-04-23 01:00:00,0.0,0.0,0
2022-04-23 02:00:00,0.0,0.0,0
2022-04-23 03:00:00,0.0,0.0,0
2022-04-23 04:00:00,0.0,0.0,0
2022-04-23 05:00:00,0.0,0.0,0
2022-04-23 06:00:00,0.0,0.0,0
2022-04-23 07:00:00,0.0,0.0,0
2022-04-23 08:00:00,0.0,0.0,0
2022-04-23 09:00:00,0.0,0.0,0
2022-04-23 10:00:00,0.0,0.0,0
2022-04-23 11:00:00,0.0,0.0,0
2022-04-23 12:00:00,0.0,0.0,0
2022-04-23 13:00:00,0.0,0.0,0
2022-04-23 14:00:00,0.0,0.0,0
2022-04-23 15:00:00,0.0,0.0,0
2022-04-23 16:00:00,0.0,0.0,0
2022-04-23 17:00:00,0.0,0.0,0
2022-04-23 18:00:00,0.0,0.0,0
2022-04-23 19:00:00,0.0,0.0,0
2022-04-23 20:00:00,0.0,0.0,0
2022-04-23 21:00:00,0.0,0.0,0
2022-04-23 22:00:00,0.0,0.0,0
2022-04-23 23:00:00,0.0,0.0,0
2022-04-24 00:00:00,0.0,0.0,0
2022-04-24 01:00:00,0.0,0.0,0
2022-04-24 02:00:00,0.0,0.0,0
2022-04-24 03:00:00,0.0,0.0,0
2022-04-24 04:00:00,0.0,0.0,0
2022-04-24 05:00:00,0.0,0.0,0
2022-04-24 06:00:00,0.0,0.0,0
2022-04-24 07:00:00,0.0,0.0,0
2022-04-24 08:00:00,0.0,0.0,0
2022-04-24 09:00:00,0.0,0.0,0
2022-04-24 10:00:00,0.0,0.0,0
2022-04-24 11:00:00,0.0,0.0,0
2022-04-24 12:00:00,0.0,0.0,0
2022-04-24 13:00:00,0.0,0.0,0
2022-04-24 14:00:00,0.0,0.0,0
2022-04-24 15:00:00,0.0,0.0,0
2022-04-24 16:00:00,0.0,0.0,0
2022-04-24 17:00:00,0.0,0.0,0
2022-04-24 18:00:00,0.0,0.0,0
2022-04-24 19:00:00,0.0,0.0,0
2022-04-24 20:00:00,0.0,0.0,0
2022-04-24 21:00:00,0.0,0.0,0
2022-04-24 22:00:00,0.0,0.0,0
2022-04-24 23:00:00,0.0,0.0,0
2022-04-25 00:00:00,0.0,0.0,0
2022-04-25 01:00:00,0.0,0.0,0
2022-04-25 02:00:00,0.0,0.0,0
2022-04-25 03:00:00,0.0,0.0,0
2022-04-25 04:00:00,0.0,0.0,0
2022-04-25 05:00:00,0.0,0.0,0
2022-04-25 06:00:00,0.0,0.0,0
2022-04-25 07:00:00,0.0,0.0,0
2022-04-25 08:00:00,0.0,0.0,0
2022-04-25 09:00:00,0.0,0.0,0
2022-04-25 10:00:00,0.0,0.0,0
2022-04-25 11:00:00,0.0,0.0,0
2022-04-25 12:00:00,0.0,0.0,0
2022-04-25 13:00:00,0.0,0.0,0
2022-04-25 14:00:00,0.0,0.0,0
2022-04-25 15:00:00,0.0,0.0,0
2022-04-25 16:00:00,0.0,0.0,0
2022-04-25 17:00:00,0.0,0.0,0
2022-04-25 18:00:00,0.0,0.0,0
2022-04-25 19:00:00,0.0,0.0,0
2022-04-25 20:00:00,0.0,0.0,0
2022-04-25 21:00:00,0.0,0.0,0
2022-04-25 22:00:00,0.0,0.0,0
2022-04-25 23:00:00,0.0,0.0,0
2022-04-26 00:00:00,0.0,0.0,0
2022-04-26 01:00:00,0.0,0.0,0
2022-04-26 02:00:00,0.0,0.0,0
2022-04-26 03:00:00,0.0,0.0,0
2022-04-26 04:00:00,0.0,0.0,0
2022-04-26 05:00:00,0.0,0.0,0
2022-04-26 06:00:00,0.0,0.0,0
2022-04-26 07:00:00,0.0,0.0,0
2022-04-26 08:00:00,0.0,0.0,0
2022-04-26 09:00:00,0.0,0.0,0
2022-04-26 10:00:00,0.0,0.0,0
2022-04-26 11:00:00,0.0,0.0,0
2022-04-26 12:00:00,0.0,0.0,0
2022-04-26 13:00:00,0.0,0.0,0
2022-04-26 14:00:00,0.0,0.0,0
2022-04-26 15:00:00,0.0,0.0,0
2022-04-26 16:00:00,0.0,0.0,0
2022-04-26 17:00:00,0.0,0.0,0
2022-04-26 18:00:00,0.0,0.0,0
2022-04-26 19:00:00,0.0,0.0,0
2022-04-26 20:00:00,0.0,0.0,0
2022-04-26 21:00:00,0.0,0.0,0
2022-04-26 22:00:00,0.0,0.0,0
2022-04-26 23:00:00,0.0,0.0,0
2022-04-27 00:00:00,0.0,0.0,0
2022-04-27 01:00:00,0.0,0.0,0
2022-04-27 02:00:00,0.0,0.0,0
2022-04-27 03:00:00,0.0,0.0,0
2022-04-27 04:00:00,0.0,0.0,0
2022-04-27 05:00:00,0.0,0.0,0
2022-04-27 06:00:00,0.0,0.0,0
2022-04-27 07:00:00,0.0,0.0,0
2022-04-27 08:00:00,0.0,0.0,0
2022-04-27 09:00:00,0.0,0.0,0
2022-04-27 10:00:00,0.0,0.0,0
2022-04-27 11:00:00,0.0,0.0,0
2022-04-27 12:00:00,0.0,0.0,0
2022-04-27 13:00:00,0.0,0.0,0
2022-04-27 14:00:00,0.0,0.0,0
2022-04-27 15:00:00,0.0,0.0,0
2022-04-27 16:00:00,0.0,0.0,0
2022-04-27 17:00:00,0.0,0.0,0
2022-04-27 18:00:00,0.0,0.0,0
2022-04-27 19:00:00,0.0,0.0,0
2022-04-27 20:00:00,0.0,0.0,0
2022-04-27 21:00:00,0.16783367088607595,0.020253164556962026,395
2022-04-27 22:00:00,0.18489125295508274,0.0070921985815602835,423
2022-04-27 23:00:00,0.09832352941176471,0.015345268542199489,391
2022-04-28 00:00:00,0.14205734463276837,-0.03954802259887006,354
2022-04-28 01:00:00,0.1818876582278481,0.0031645569620253164,316
2022-04-28 02:00:00,0.1745772397094431,0.03389830508474576,413
2022-04-28 03:00:00,0.17765463182897864,0.035629453681710214,421
2022-04-28 04:00:00,0.2706392543859649,0.20394736842105263,456
2022-04-28 05:00:00,0.34438711656441723,0.17586912065439672,489
2022-04-28 06:00:00,0.25995353075170846,0.0888382687927107,439
2022-04-28 07:00:00,0.2146865740740741,0.05324074074074074,432
2022-04-28 08:00:00,0.2039951127819549,0.09586466165413533,532
2022-04-28 09:00:00,0.2916352201257862,0.18396226415094338,636
2022-04-28 10:00:00,0.3363633738601824,0.1534954407294833,658
2022-04-28 11:00:00,0.20540427480916032,0.10229007633587786,655
2022-04-28 12:00:00,0.17902630813953488,0.030523255813953487,688
2022-04-28 13:00:00,0.19408863346104724,0.07151979565772669,783
2022-04-28 14:00:00,0.22046166456494326,0.031525851197982346,793
2022-04-28 15:00:00,0.15621490825688075,0.006880733944954129,872
2022-04-28 16:00:00,0.20378639652677283,0.005788712011577424,691
2022-04-28 17:00:00,0.19236580459770117,0.05747126436781609,696
2022-04-28 18:00:00,0.2241860465116279,0.05581395348837209,645
2022-04-28 19:00:00,0.17511810766721045,-0.009787928221859706,613
2022-04-28 20:00:00,0.10799668874172186,-0.018211920529801324,604
2022-04-28 21:00:00,0.23883098039215686,0.06274509803921569,510
2022-04-28 22:00:00,0.21867728337236536,0.04918032786885246,427
2022-04-28 23:00:00,0.20348375350140055,-0.03081232492997199,357
2022-04-29 00:00:00,0.14848427299703265,-0.09792284866468842,337
2022-04-29 01:00:00,0.1901644970414201,-0.04437869822485207,338
2022-04-29 02:00:00,0.22414917127071823,0.1132596685082873,362
2022-04-29 03:00:00,0.3019510471204188,0.07591623036649214,382
2022-04-29 04:00:00,0.21599904761904762,0.050793650793650794,315
2022-04-29 05:00:00,0.2789514360313316,0.1227154046997389,383
2022-04-29 06:00:00,0.2861252314814815,0.05787037037037037,432
2022-04-29 07:00:00,0.25511639722863744,0.08545034642032333,433
2022-04-29 08:00:00,0.28713608617594255,0.09874326750448834,557
2022-04-29 09:00:00,0.17804979919678715,0.02610441767068273,498
2022-04-29 10:00:00,0.22701354515050165,0.11705685618729098,598
2022-04-29 11:00:00,0.13555599315068492,-0.017123287671232876,584
2022-04-29 12:00:00,0.13318150183150185,-0.005494505494505495,546
2022-04-29 13:00:00,0.2021419642857143,0.049107142857142856,672
2022-04-29 14:00:00,0.18545881502890174,0.05635838150289017,692
2022-04-29 15:00:00,0.1827993710691824,0.0660377358490566,636
2022-04-29 16:00:00,0.13804420289855074,0.015942028985507246,690
2022-04-29 17:00:00,0.1644689440993789,0.049689440993788817,644
2022-04-29 18:00:00,0.11727477797513322,-0.05150976909413854,563
2022-04-29 19:00:00,0.11520274193548388,-0.035483870967741936,620
2022-04-29 20:00:00,0.1439935960591133,-0.052545155993431854,609
2022-04-29 21:00:00,0.1821813704496788,-0.006423982869379015,467
2022-04-29 22:00:00,0.1824789603960396,0.04455445544554455,404
2022-04-29 23:00:00,0.1531920512820513,0.0,390
2022-04-30 00:00:00,0.14090470219435736,-0.07210031347962383,319
2022-04-30 01:00:00,0.2436414285714286,0.12857142857142856,350
2022-04-30 02:00:00,0.2160908823529412,0.08235294117647059,340
2022-04-30 03:00:00,0.2163024844720497,0.10559006211180125,322
2022-04-30 04:00:00,0.2658025316455696,0.16772151898734178,316
2022-04-30 05:00:00,0.15262956810631229,-0.029900332225913623,301
2022-04-30 06:00:00,0.18573980891719744,0.0,314
2022-04-30 07:00:00,0.22064895833333337,0.0818452380952381,672
2022-04-30 08:00:00,0.17930775193798448,0.03359173126614987,774
2022-04-30 09:00:00,0.19803641552511417,-0.001141552511415525,876
2022-04-30 10:00:00,0.17130462427745666,0.04161849710982659,865
2022-04-30 11:00:00,0.22505943925233646,0.1130841121495327,1070
2022-04-30 12:00:00,0.1581106090373281,0.0029469548133595285,1018
2022-04-30 13:00:00,0.18936412478336223,0.06932409012131716,1154
2022-04-30 14:00:00,0.11462545076282941,0.012482662968099861,1442
2022-04-30 15:00:00,0.20459487929773226,0.07827359180687637,1367
2022-04-30 16:00:00,0.23908552540013916,0.10299234516353514,1437
2022-04-30 17:00:00,0.24431884858044162,0.083596214511041,1268
2022-04-30 18:00:00,0.18021644268774706,0.019762845849802372,1265
2022-04-30 19:00:00,0.17508183486238532,0.05229357798165138,1090
2022-04-30 20:00:00,0.1565821972734563,-0.038492381716118684,1247
2022-04-30 21:00:00,0.176013139329806,-0.007054673721340388,1134
2022-04-30 22:00:00,0.167674930362117,-0.04549675023212628,1077
2022-04-30 23:00:00,0.13727145545796737,-0.08406524466750313,1594
2022-05-01 00:00:00,0.08291397849462365,-0.11579818031430934,1209
2022-05-01 01:00:00,0.1591301094890511,-0.058394160583941604,1096
2022-05-01 02:00:00,0.1996741127348643,0.033402922755741124,958
2022-05-01 03:00:00,0.18152363847045191,-0.055619930475086905,863
2022-05-01 04:00:00,0.1479890566037736,-0.01509433962264151,795
2022-05-01 05:00:00,0.19198300220750553,0.0,906
2022-05-01 06:00:00,0.17656886486486487,0.025945945945945945,925
2022-05-01 07:00:00,0.19106675324675326,0.05627705627705628,1155
2022-05-01 08:00:00,0.39077052321296984,0.30950626381724394,1357
2022-05-01 09:00:00,0.23342650501672244,0.09949832775919733,1196
2022-05-01 10:00:00,0.16843595959595958,-0.00404040404040404,990
2022-05-01 11:00:00,0.15993362831858407,-0.017699115044247787,1017
2022-05-01 12:00:00,0.17015000000000002,-0.036440677966101696,1180
2022-05-01 13:00:00,0.19461065573770492,-0.04694485842026826,1342
2022-05-01 14:00:00,0.21419360393603937,0.015375153751537515,1626
2022-05-01 15:00:00,0.1786076868829337,0.01622002820874471,1418
2022-05-01 16:00:00,0.18831547779273217,0.01278600269179004,1486
2022-05-01 17:00:00,0.18962714801444044,0.01660649819494585,1385
2022-05-01 18:00:00,0.15253566009104705,-0.05614567526555387,1318
2022-05-01 19:00:00,0.16562229402261713,-0.03150242326332795,1238
2022-05-01 20:00:00,0.1569420803782506,-0.017336485421591805,1269
2022-05-01 21:00:00,0.17408569969356485,-0.028600612870275793,979
2022-05-01 22:00:00,0.18530039800995024,-0.029850746268656716,1005
2022-05-01 23:00:00,0.18717926421404682,-0.012263099219620958,897
2022-05-02 00:00:00,0.0,0.0,0
2022-05-02 01:00:00,0.0,0.0,0
2022-05-02 02:00:00,0.0,0.0,0
2022-05-02 03:00:00,0.0,0.0,0
2022-05-02 04:00:00,0.0,0.0,0
2022-05-02 05:00:00,0.0,0.0,0
2022-05-02 06:00:00,0.2729455696202532,0.0759493670886076,79
2022-05-02 07:00:00,0.32023597122302155,0.21103117505995203,834
2022-05-02 08:00:00,0.25644727047146404,0.09925558312655088,806
2022-05-02 09:00:00,0.1647260696517413,0.03283582089552239,1005
2022-05-02 10:00:00,0.1830263929618768,0.015640273704789834,1023
2022-05-02 11:00:00,0.18157371475953565,0.012437810945273632,1206
2022-05-02 12:00:00,0.15990074294205053,-0.030460624071322436,1346
2022-05-02 13:00:00,0.18289063719115733,0.01235370611183355,1538
2022-05-02 14:00:00,0.24857582216808768,0.09439707673568819,1642
2022-05-02 15:00:00,0.17918674197384069,0.03329369797859691,1682
2022-05-02 16:00:00,0.14184881836596894,-0.02835921674544227,1481
2022-05-02 17:00:00,0.17495956017104458,-0.0177153329260843,1637
2022-05-02 18:00:00,0.14029090350338044,-0.03687768899815612,1627
2022-05-02 19:00:00,0.12853218309859155,-0.0007042253521126761,1420
2022-05-02 20:00:00,0.175287816091954,0.017624521072796936,1305
2022-05-02 21:00:00,0.1600869365225391,-0.02207911683532659,1087
2022-05-02 22:00:00,0.1524763688760807,-0.008645533141210375,1041
2022-05-02 23:00:00,0.1391117717003567,-0.0047562425683709865,841
2022-05-03 00:00:00,0.0,0.0,0
2022-05-03 01:00:00,0.0,0.0,0
2022-05-03 02:00:00,0.0,0.0,0
2022-05-03 03:00:00,0.0,0.0,0
2022-05-03 04:00:00,0.0,0.0,0
2022-05-03 05:00:00,0.0,0.0,0
2022-05-03 06:00:00,0.0,0.0,0
2022-05-03 07:00:00,0.0,0.0,0
2022-05-03 08:00:00,0.0,0.0,0
2022-05-03 09:00:00,0.0,0.0,0
2022-05-03 10:00:00,0.0,0.0,0
2022-05-03 11:00:00,0.0,0.0,0
2022-05-03 12:00:00,0.0,0.0,0
2022-05-03 13:00:00,0.0,0.0,0
2022-05-03 14:00:00,0.0,0.0,0
2022-05-03 15:00:00,0.0,0.0,0
2022-05-03 16:00:00,0.0,0.0,0
2022-05-03 17:00:00,0.0,0.0,0
2022-05-03 18:00:00,0.0,0.0,0
2022-05-03 19:00:00,0.0,0.0,0
2022-05-03 20:00:00,0.0,0.0,0
2022-05-03 21:00:00,0.0,0.0,0
2022-05-03 22:00:00,0.0,0.0,0
2022-05-03 23:00:00,0.0,0.0,0
2022-05-04 00:00:00,0.0,0.0,0
2022-05-04 01:00:00,0.0,0.0,0
2022-05-04 02:00:00,0.0,0.0,0
2022-05-04 03:00:00,0.0,0.0,0
2022-05-04 04:00:00,0.0,0.0,0
2022-05-04 05:00:00,0.0,0.0,0
2022-05-04 06:00:00,0.0,0.0,0
2022-05-04 07:00:00,0.0,0.0,0
2022-05-04 08:00:00,0.0,0.0,0
2022-05-04 09:00:00,0.0,0.0,0
2022-05-04 10:00:00,0.0,0.0,0
2022-05-04 11:00:00,0.0,0.0,0
2022-05-04 12:00:00,0.0,0.0,0
2022-05-04 13:00:00,0.0,0.0,0
2022-05-04 14:00:00,0.0,0.0,0
2022-05-04 15:00:00,0.0,0.0,0
2022-05-04 16:00:00,0.0,0.0,0
2022-05-04 17:00:00,0.0,0.0,0
2022-05-04 18:00:00,0.0,0.0,0
2022-05-04 19:00:00,0.0,0.0,0
2022-05-04 20:00:00,0.0,0.0,0
2022-05-04 21:00:00,0.0,0.0,0
2022-05-04 22:00:00,0.0,0.0,0
2022-05-04 23:00:00,0.0,0.0,0
2022-05-05 00:00:00,0.0,0.0,0
2022-05-05 01:00:00,0.0,0.0,0
2022-05-05 02:00:00,0.0,0.0,0
2022-05-05 03:00:00,0.0,0.0,0
2022-05-05 04:00:00,0.0,0.0,0
2022-05-05 05:00:00,0.0,0.0,0
2022-05-05 06:00:00,0.0,0.0,0
2022-05-05 07:00:00,0.0,0.0,0
2022-05-05 08:00:00,0.0,0.0,0
2022-05-05 09:00:00,0.0,0.0,0
2022-05-05 10:00:00,0.0,0.0,0
2022-05-05 11:00:00,0.0,0.0,0
2022-05-05 12:00:00,0.0,0.0,0
2022-05-05 13:00:00,0.0,0.0,0
2022-05-05 14:00:00,0.0,0.0,0
2022-05-05 15:00:00,0.0,0.0,0
2022-05-05 16:00:00,0.0,0.0,0
2022-05-05 17:00:00,0.0,0.0,0
2022-05-05 18:00:00,0.0,0.0,0
2022-05-05 19:00:00,0.0,0.0,0
2022-05-05 20:00:00,0.0,0.0,0
2022-05-05 21:00:00,0.0,0.0,0
2022-05-05 22:00:00,0.0,0.0,0
2022-05-05 23:00:00,0.0,0.0,0
2022-05-06 00:00:00,0.0,0.0,0
2022-05-06 01:00:00,0.0,0.0,0
2022-05-06 02:00:00,0.0,0.0,0
2022-05-06 03:00:00,0.0,0.0,0
2022-05-06 04:00:00,0.0,0.0,0
2022-05-06 05:00:00,0.0,0.0,0
2022-05-06 06:00:00,0.0,0.0,0
2022-05-06 07:00:00,0.0,0.0,0
2022-05-06 08:00:00,0.0,0.0,0
2022-05-06 09:00:00,0.0,0.0,0
2022-05-06 10:00:00,0.0,0.0,0
2022-05-06 11:00:00,0.0,0.0,0
2022-05-06 12:00:00,0.0,0.0,0
2022-05-06 13:00:00,0.0,0.0,0
2022-05-06 14:00:00,0.0,0.0,0
2022-05-06 15:00:00,0.0,0.0,0
2022-05-06 16:00:00,0.0,0.0,0
2022-05-06 17:00:00,0.0,0.0,0
2022-05-06 18:00:00,0.0,0.0,0
2022-05-06 19:00:00,0.0,0.0,0
2022-05-06 20:00:00,0.0,0.0,0
2022-05-06 21:00:00,0.0,0.0,0
2022-05-06 22:00:00,0.0,0.0,0
2022-05-06 23:00:00,0.0,0.0,0
2022-05-07 00:00:00,0.0,0.0,0
2022-05-07 01:00:00,0.0,0.0,0
2022-05-07 02:00:00,0.0,0.0,0
2022-05-07 03:00:00,0.0,0.0,0
2022-05-07 04:00:00,0.0,0.0,0
2022-05-07 05:00:00,0.0,0.0,0
2022-05-07 06:00:00,0.0,0.0,0
2022-05-07 07:00:00,0.0,0.0,0
2022-05-07 08:00:00,0.0,0.0,0
2022-05-07 09:00:00,0.0,0.0,0
2022-05-07 10:00:00,0.0,0.0,0
2022-05-07 11:00:00,0.0,0.0,0
2022-05-07 12:00:00,0.0,0.0,0
2022-05-07 13:00:00,0.0,0.0,0
2022-05-07 14:00:00,0.0,0.0,0
2022-05-07 15:00:00,0.0,0.0,0
2022-05-07 16:00:00,0.0,0.0,0
2022-05-07 17:00:00,0.0,0.0,0
2022-05-07 18:00:00,0.0,0.0,0
2022-05-07 19:00:00,0.0,0.0,0
2022-05-07 20:00:00,0.0,0.0,0
2022-05-07 21:00:00,0.0,0.0,0
2022-05-07 22:00:00,0.0,0.0,0
2022-05-07 23:00:00,0.0,0.0,0
2022-05-08 00:00:00,0.0,0.0,0
2022-05-08 01:00:00,0.0,0.0,0
2022-05-08 02:00:00,0.0,0.0,0
2022-05-08 03:00:00,0.0,0.0,0
2022-05-08 04:00:00,0.0,0.0,0
2022-05-08 05:00:00,0.0,0.0,0
2022-05-08 06:00:00,0.0,0.0,0
2022-05-08 07:00:00,0.0,0.0,0
2022-05-08 08:00:00,0.0,0.0,0
2022-05-08 09:00:00,0.0,0.0,0
2022-05-08 10:00:00,0.0,0.0,0
2022-05-08 11:00:00,0.0,0.0,0
2022-05-08 12:00:00,0.0,0.0,0
2022-05-08 13:00:00,0.0,0.0,0
2022-05-08 14:00:00,0.0,0.0,0
2022-05-08 15:00:00,0.0,0.0,0
2022-05-08 16:00:00,0.0,0.0,0
2022-05-08 17:00:00,0.0,0.0,0
2022-05-08 18:00:00,0.0,0.0,0
2022-05-08 19:00:00,0.0,0.0,0
2022-05-08 20:00:00,0.0,0.0,0
2022-05-08 21:00:00,0.0,0.0,0
2022-05-08 22:00:00,0.0,0.0,0
2022-05-08 23:00:00,0.0,0.0,0
2022-05-09 00:00:00,0.0,0.0,0
2022-05-09 01:00:00,0.0,0.0,0
2022-05-09 02:00:00,0.0,0.0,0
2022-05-09 03:00:00,0.0,0.0,0
2022-05-09 04:00:00,0.0,0.0,0
2022-05-09 05:00:00,0.0,0.0,0
2022-05-09 06:00:00,0.0,0.0,0
2022-05-09 07:00:00,0.0,0.0,0
2022-05-09 08:00:00,0.0,0.0,0
2022-05-09 09:00:00,0.0,0.0,0
2022-05-09 10:00:00,0.0,0.0,0
2022-05-09 11:00:00,0.0,0.0,0
2022-05-09 12:00:00,0.0,0.0,0
2022-05-09 13:00:00,0.0,0.0,0
2022-05-09 14:00:00,0.0,0.0,0
2022-05-09 15:00:00,0.0,0.0,0
2022-05-09 16:00:00,0.0,0.0,0
2022-05-09 17:00:00,0.0,0.0,0
2022-05-09 18:00:00,0.0,0.0,0
2022-05-09 19:00:00,0.0,0.0,0
2022-05-09 20:00:00,0.0,0.0,0
2022-05-09 21:00:00,0.0,0.0,0
2022-05-09 22:00:00,0.0,0.0,0
2022-05-09 23:00:00,0.0,0.0,0
2022-05-10 00:00:00,0.0,0.0,0
2022-05-10 01:00:00,0.0,0.0,0
2022-05-10 02:00:00,0.0,0.0,0
2022-05-10 03:00:00,0.0,0.0,0
2022-05-10 04:00:00,0.0,0.0,0
2022-05-10 05:00:00,0.0,0.0,0
2022-05-10 06:00:00,0.0,0.0,0
2022-05-10 07:00:00,0.0,0.0,0
2022-05-10 08:00:00,0.0,0.0,0
2022-05-10 09:00:00,0.0,0.0,0
2022-05-10 10:00:00,0.0,0.0,0
2022-05-10 11:00:00,0.0,0.0,0
2022-05-10 12:00:00,0.0,0.0,0
2022-05-10 13:00:00,0.0,0.0,0
2022-05-10 14:00:00,0.0,0.0,0
2022-05-10 15:00:00,0.0,0.0,0
2022-05-10 16:00:00,0.0,0.0,0
2022-05-10 17:00:00,0.15405732484076434,0.006369426751592357,157
2022-05-10 18:00:00,0.17778475884244374,0.005787781350482315,1555
2022-05-10 19:00:00,0.15598363636363638,-0.06477272727272727,1760
2022-05-10 20:00:00,0.13860949453551913,-0.03961748633879782,1464
2022-05-10 21:00:00,0.10545607353906764,-0.09783322390019698,1523
2022-05-10 22:00:00,0.13765118870728082,-0.08023774145616643,1346
2022-05-10 23:00:00,0.11765660542432196,-0.08398950131233596,1143
2022-05-11 00:00:00,0.0,0.0,0
2022-05-11 01:00:00,0.0,0.0,0
2022-05-11 02:00:00,0.0,0.0,0
2022-05-11 03:00:00,0.0,0.0,0
2022-05-11 04:00:00,0.0,0.0,0
2022-05-11 05:00:00,0.0,0.0,0
2022-05-11 06:00:00,0.0,0.0,0
2022-05-11 07:00:00,0.0,0.0,0
2022-05-11 08:00:00,0.0,0.0,0
2022-05-11 09:00:00,0.0,0.0,0
2022-05-11 10:00:00,0.0,0.0,0
2022-05-11 11:00:00,0.0,0.0,0
2022-05-11 12:00:00,0.0,0.0,0
2022-05-11 13:00:00,0.0,0.0,0
2022-05-11 14:00:00,0.0,0.0,0
2022-05-11 15:00:00,0.19003452914798205,-0.03587443946188341,669
2022-05-11 16:00:00,0.0812250670241287,-0.12935656836461126,1492
2022-05-11 17:00:00,0.10542061170212767,-0.06715425531914894,1504
2022-05-11 18:00:00,0.1275411111111111,-0.0738562091503268,1530
2022-05-11 19:00:00,0.11822294372294373,-0.0847247990105133,1617
2022-05-11 20:00:00,0.07746341736694677,-0.146218487394958,1785
2022-05-11 21:00:00,0.06434238532110093,-0.14541284403669724,2180
2022-05-11 22:00:00,0.10405488404778636,-0.07940969782150387,1423
2022-05-11 23:00:00,0.09468719512195123,-0.13763066202090593,1148
2022-05-12 00:00:00,0.12209627989371125,-0.053144375553587246,1129
2022-05-12 01:00:00,0.12980930760499432,-0.08286038592508513,881
2022-05-12 02:00:00,0.12080867724867725,-0.05291005291005291,945
2022-05-12 03:00:00,0.10172088266953713,-0.1054897739504844,929
2022-05-12 04:00:00,0.07009831158864159,-0.1488871834228703,1303
2022-05-12 05:00:00,0.05995615853658537,-0.1402439024390244,1640
2022-05-12 06:00:00,0.0928863125,-0.1375,1600
2022-05-12 07:00:00,0.0515565351101999,-0.1629933367503844,1951
2022-05-12 08:00:00,0.07890570670205707,-0.12209688122096882,1507
2022-05-12 09:00:00,0.09006940711462451,-0.14466403162055336,1265
2022-05-12 10:00:00,0.07786309523809525,-0.13616071428571427,1344
2022-05-12 11:00:00,0.09182994051553206,-0.1209517514871117,1513
2022-05-12 12:00:00,0.10188607508532424,-0.13037542662116042,1465
2022-05-12 13:00:00,0.13561440501043842,-0.05915100904662491,1437
2022-05-12 14:00:00,0.09060572883513686,-0.12030553787396563,1571
2022-05-12 15:00:00,0.14340612760581176,-0.06380290587492103,1583
2022-05-12 16:00:00,0.10034409799554565,-0.08463251670378619,1347
2022-05-12 17:00:00,0.11532868217054264,-0.09767441860465116,1290
2022-05-12 18:00:00,0.12224479522184302,-0.08276450511945392,1172
2022-05-12 19:00:00,0.1456360909090909,-0.05818181818181818,1100
2022-05-12 20:00:00,0.11998016949152543,-0.10508474576271186,1180
2022-05-12 21:00:00,0.10447574819401445,-0.11145510835913312,969
2022-05-12 22:00:00,0.12795553097345133,-0.08738938053097345,904
2022-05-12 23:00:00,0.11962792792792794,-0.0777027027027027,888
2022-05-13 00:00:00,0.14847995712754555,-0.08145766345123258,933
2022-05-13 01:00:00,0.16571270207852196,-0.015011547344110854,866
2022-05-13 02:00:00,0.13060191158900836,-0.07765830346475508,837
2022-05-13 03:00:00,0.12396985539488321,-0.07563959955506118,899
2022-05-13 04:00:00,0.05659976047904192,-0.11736526946107785,835
2022-05-13 05:00:00,0.10967963163596967,-0.06500541711809317,923
2022-05-13 06:00:00,0.12280672588832486,-0.06979695431472081,788
2022-05-13 07:00:00,0.13166673469387755,-0.06224489795918367,980
2022-05-13 08:00:00,0.10453764705882353,-0.07764705882352942,850
2022-05-13 09:00:00,0.16234572271386433,-0.04031465093411996,1017
2022-05-13 10:00:00,0.11177071823204421,-0.07624309392265194,905
2022-05-13 11:00:00,0.14651402671755726,-0.09351145038167939,1048
2022-05-13 12:00:00,0.11666491372226788,-0.05587510271158587,1217
2022-05-13 13:00:00,0.1346758914728682,-0.08837209302325581,1290
2022-05-13 14:00:00,0.15310188034188035,-0.043304843304843306,1755
2022-05-13 15:00:00,0.1912007807807808,0.008408408408408409,1665
2022-05-13 16:00:00,0.16781394009216588,-0.03917050691244239,1736
2022-05-13 17:00:00,0.1735943864229765,-0.030678851174934726,1532
2022-05-13 18:00:00,0.15343422360248446,-0.05403726708074534,1610
2022-05-13 19:00:00,0.16902174840085288,-0.02700781805259417,1407
2022-05-13 20:00:00,0.1666651294498382,-0.015372168284789644,1236
2022-05-13 21:00:00,0.16347740705433747,-0.05910390848427073,1049
2022-05-13 22:00:00,0.125433199195171,-0.09758551307847083,994
2022-05-13 23:00:00,0.1075928427419355,-0.11995967741935484,992
2022-05-14 00:00:00,0.0,0.0,0
2022-05-14 01:00:00,0.0,0.0,0
2022-05-14 02:00:00,0.0,0.0,0
2022-05-14 03:00:00,0.0,0.0,0
2022-05-14 04:00:00,0.0,0.0,0
2022-05-14 05:00:00,0.0,0.0,0
2022-05-14 06:00:00,0.0,0.0,0
2022-05-14 07:00:00,0.0,0.0,0
2022-05-14 08:00:00,0.0,0.0,0
2022-05-14 09:00:00,0.0,0.0,0
2022-05-14 10:00:00,0.0,0.0,0
2022-05-14 11:00:00,0.0,0.0,0
2022-05-14 12:00:00,0.0,0.0,0
2022-05-14 13:00:00,0.0,0.0,0
2022-05-14 14:00:00,0.0,0.0,0
2022-05-14 15:00:00,0.0,0.0,0
2022-05-14 16:00:00,0.0,0.0,0
2022-05-14 17:00:00,0.0,0.0,0
2022-05-14 18:00:00,0.0,0.0,0
2022-05-14 19:00:00,0.0,0.0,0
2022-05-14 20:00:00,0.0,0.0,0
2022-05-14 21:00:00,0.0,0.0,0
2022-05-14 22:00:00,0.0,0.0,0
2022-05-14 23:00:00,0.0,0.0,0
2022-05-15 00:00:00,0.0,0.0,0
2022-05-15 01:00:00,0.0,0.0,0
2022-05-15 02:00:00,0.0,0.0,0
2022-05-15 03:00:00,0.0,0.0,0
2022-05-15 04:00:00,0.0,0.0,0
2022-05-15 05:00:00,0.0,0.0,0
2022-05-15 06:00:00,0.0,0.0,0
2022-05-15 07:00:00,0.0,0.0,0
2022-05-15 08:00:00,0.0,0.0,0
2022-05-15 09:00:00,0.0,0.0,0
2022-05-15 10:00:00,0.0,0.0,0
2022-05-15 11:00:00,0.0,0.0,0
2022-05-15 12:00:00,0.0,0.0,0
2022-05-15 13:00:00,0.0,0.0,0
2022-05-15 14:00:00,0.0,0.0,0
2022-05-15 15:00:00,0.0,0.0,0
2022-05-15 16:00:00,0.0,0.0,0
2022-05-15 17:00:00,0.0,0.0,0
2022-05-15 18:00:00,0.0,0.0,0
2022-05-15 19:00:00,0.0,0.0,0
2022-05-15 20:00:00,0.0,0.0,0
2022-05-15 21:00:00,0.0,0.0,0
2022-05-15 22:00:00,0.0,0.0,0
2022-05-15 23:00:00,0.0,0.0,0
2022-05-16 00:00:00,0.0,0.0,0
2022-05-16 01:00:00,0.0,0.0,0
2022-05-16 02:00:00,0.0,0.0,0
2022-05-16 03:00:00,0.0,0.0,0
2022-05-16 04:00:00,0.0,0.0,0
2022-05-16 05:00:00,0.0,0.0,0
2022-05-16 06:00:00,0.0,0.0,0
2022-05-16 07:00:00,0.0,0.0,0
2022-05-16 08:00:00,0.0,0.0,0
2022-05-16 09:00:00,0.0,0.0,0
2022-05-16 10:00:00,0.0,0.0,0
2022-05-16 11:00:00,0.0,0.0,0
2022-05-16 12:00:00,0.0,0.0,0
2022-05-16 13:00:00,0.0,0.0,0
2022-05-16 14:00:00,0.0,0.0,0
2022-05-16 15:00:00,0.0,0.0,0
2022-05-16 16:00:00,0.0,0.0,0
2022-05-16 17:00:00,0.0,0.0,0
2022-05-16 18:00:00,0.0,0.0,0
2022-05-16 19:00:00,0.0,0.0,0
2022-05-16 20:00:00,0.0,0.0,0
2022-05-16 21:00:00,0.0,0.0,0
2022-05-16 22:00:00,0.0,0.0,0
2022-05-16 23:00:00,0.0,0.0,0
2022-05-17 00:00:00,0.0,0.0,0
2022-05-17 01:00:00,0.0,0.0,0
2022-05-17 02:00:00,0.0,0.0,0
2022-05-17 03:00:00,0.0,0.0,0
2022-05-17 04:00:00,0.0,0.0,0
2022-05-17 05:00:00,0.0,0.0,0
2022-05-17 06:00:00,0.0,0.0,0
2022-05-17 07:00:00,0.0,0.0,0
2022-05-17 08:00:00,0.0,0.0,0
2022-05-17 09:00:00,0.0,0.0,0
2022-05-17 10:00:00,0.0,0.0,0
2022-05-17 11:00:00,0.0,0.0,0
2022-05-17 12:00:00,0.0,0.0,0
2022-05-17 13:00:00,0.0,0.0,0
2022-05-17 14:00:00,0.0,0.0,0
2022-05-17 15:00:00,0.0,0.0,0
2022-05-17 16:00:00,0.0,0.0,0
2022-05-17 17:00:00,0.0,0.0,0
2022-05-17 18:00:00,0.0,0.0,0
2022-05-17 19:00:00,0.0,0.0,0
2022-05-17 20:00:00,0.0,0.0,0
2022-05-17 21:00:00,0.0,0.0,0
2022-05-17 22:00:00,0.0,0.0,0
2022-05-17 23:00:00,0.0,0.0,0
2022-05-18 00:00:00,0.0,0.0,0
2022-05-18 01:00:00,0.0,0.0,0
2022-05-18 02:00:00,0.0,0.0,0
2022-05-18 03:00:00,0.0,0.0,0
2022-05-18 04:00:00,0.0,0.0,0
2022-05-18 05:00:00,0.0,0.0,0
2022-05-18 06:00:00,0.0,0.0,0
2022-05-18 07:00:00,0.0,0.0,0
2022-05-18 08:00:00,0.0,0.0,0
2022-05-18 09:00:00,0.0,0.0,0
2022-05-18 10:00:00,0.0,0.0,0
2022-05-18 11:00:00,0.0,0.0,0
2022-05-18 12:00:00,0.0,0.0,0
2022-05-18 13:00:00,0.0,0.0,0
2022-05-18 14:00:00,0.0,0.0,0
2022-05-18 15:00:00,0.0,0.0,0
2022-05-18 16:00:00,0.0,0.0,0
2022-05-18 17:00:00,0.0,0.0,0
2022-05-18 18:00:00,0.0,0.0,0
2022-05-18 19:00:00,0.0,0.0,0
2022-05-18 20:00:00,0.0,0.0,0
2022-05-18 21:00:00,0.0,0.0,0
2022-05-18 22:00:00,0.0,0.0,0
2022-05-18 23:00:00,0.0,0.0,0
2022-05-19 00:00:00,0.0,0.0,0
2022-05-19 01:00:00,0.0,0.0,0
2022-05-19 02:00:00,0.0,0.0,0
2022-05-19 03:00:00,0.0,0.0,0
2022-05-19 04:00:00,0.0,0.0,0
2022-05-19 05:00:00,0.0,0.0,0
2022-05-19 06:00:00,0.0,0.0,0
2022-05-19 07:00:00,0.0,0.0,0
2022-05-19 08:00:00,0.0,0.0,0
2022-05-19 09:00:00,0.0,0.0,0
2022-05-19 10:00:00,0.0,0.0,0
2022-05-19 11:00:00,0.0,0.0,0
2022-05-19 12:00:00,0.0,0.0,0
2022-05-19 13:00:00,0.0,0.0,0
2022-05-19 14:00:00,0.0,0.0,0
2022-05-19 15:00:00,0.0,0.0,0
2022-05-19 16:00:00,0.0,0.0,0
2022-05-19 17:00:00,0.0,0.0,0
2022-05-19 18:00:00,0.0,0.0,0
2022-05-19 19:00:00,0.0,0.0,0
2022-05-19 20:00:00,0.0,0.0,0
2022-05-19 21:00:00,0.0,0.0,0
2022-05-19 22:00:00,0.0,0.0,0
2022-05-19 23:00:00,0.0,0.0,0
2022-05-20 00:00:00,0.0,0.0,0
2022-05-20 01:00:00,0.0,0.0,0
2022-05-20 02:00:00,0.0,0.0,0
2022-05-20 03:00:00,0.0,0.0,0
2022-05-20 04:00:00,0.0,0.0,0
2022-05-20 05:00:00,0.0,0.0,0
2022-05-20 06:00:00,0.0,0.0,0
2022-05-20 07:00:00,0.0,0.0,0
2022-05-20 08:00:00,0.0,0.0,0
2022-05-20 09:00:00,0.0,0.0,0
2022-05-20 10:00:00,0.0,0.0,0
2022-05-20 11:00:00,0.0,0.0,0
2022-05-20 12:00:00,0.0,0.0,0
2022-05-20 13:00:00,0.0,0.0,0
2022-05-20 14:00:00,0.0,0.0,0
2022-05-20 15:00:00,0.0,0.0,0
2022-05-20 16:00:00,0.0,0.0,0
2022-05-20 17:00:00,0.0,0.0,0
2022-05-20 18:00:00,0.0,0.0,0
2022-05-20 19:00:00,0.0,0.0,0
2022-05-20 20:00:00,0.0,0.0,0
2022-05-20 21:00:00,0.0,0.0,0
2022-05-20 22:00:00,0.0,0.0,0
2022-05-20 23:00:00,0.0,0.0,0
2022-05-21 00:00:00,0.0,0.0,0
2022-05-21 01:00:00,0.0,0.0,0
2022-05-21 02:00:00,0.0,0.0,0
2022-05-21 03:00:00,0.0,0.0,0
2022-05-21 04:00:00,0.0,0.0,0
2022-05-21 05:00:00,0.0,0.0,0
2022-05-21 06:00:00,0.0,0.0,0
2022-05-21 07:00:00,0.0,0.0,0
2022-05-21 08:00:00,0.0,0.0,0
2022-05-21 09:00:00,0.0,0.0,0
2022-05-21 10:00:00,0.0,0.0,0
2022-05-21 11:00:00,0.0,0.0,0
2022-05-21 12:00:00,0.0,0.0,0
2022-05-21 13:00:00,0.0,0.0,0
2022-05-21 14:00:00,0.0,0.0,0
2022-05-21 15:00:00,0.0,0.0,0
2022-05-21 16:00:00,0.0,0.0,0
2022-05-21 17:00:00,0.0,0.0,0
2022-05-21 18:00:00,0.0,0.0,0
2022-05-21 19:00:00,0.0,0.0,0
2022-05-21 20:00:00,0.0,0.0,0
2022-05-21 21:00:00,0.0,0.0,0
2022-05-21 22:00:00,0.0,0.0,0
2022-05-21 23:00:00,0.0,0.0,0
2022-05-22 00:00:00,0.0,0.0,0
2022-05-22 01:00:00,0.0,0.0,0
2022-05-22 02:00:00,0.0,0.0,0
2022-05-22 03:00:00,0.0,0.0,0
2022-05-22 04:00:00,0.0,0.0,0
2022-05-22 05:00:00,0.0,0.0,0
2022-05-22 06:00:00,0.0,0.0,0
2022-05-22 07:00:00,0.25517017114914425,0.11735941320293398,409
2022-05-22 08:00:00,0.2451918103448276,0.13505747126436782,696
2022-05-22 09:00:00,0.2159965879265092,0.08005249343832022,762
2022-05-22 10:00:00,0.19592139588100685,0.07665903890160183,874
2022-05-22 11:00:00,0.2510761728395062,0.11234567901234568,810
2022-05-22 12:00:00,0.22358473193473194,0.08857808857808858,858
2022-05-22 13:00:00,0.2213018907563025,0.07352941176470588,952
2022-05-22 14:00:00,0.22153494505494506,0.06703296703296703,910
2022-05-22 15:00:00,0.2347721238938053,0.08628318584070796,904
2022-05-22 16:00:00,0.2344850386100386,0.06853281853281853,1036
2022-05-22 17:00:00,0.24998534090909091,0.10909090909090909,880
2022-05-22 18:00:00,0.19100065645514225,0.0711159737417943,914
2022-05-22 19:00:00,0.18940438709677418,0.04,775
2022-05-22 20:00:00,0.1960066401062417,0.05444887118193891,753
2022-05-22 21:00:00,0.2326994750656168,0.010498687664041995,762
2022-05-22 22:00:00,0.2122296858071506,0.0032502708559046588,923
2022-05-22 23:00:00,0.18546479902557858,0.007308160779537149,821
2022-05-23 00:00:00,0.0,0.0,0
2022-05-23 01:00:00,0.0,0.0,0
2022-05-23 02:00:00,0.0,0.0,0
2022-05-23 03:00:00,0.0,0.0,0
2022-05-23 04:00:00,0.0,0.0,0
2022-05-23 05:00:00,0.0,0.0,0
2022-05-23 06:00:00,0.0,0.0,0
2022-05-23 07:00:00,0.0,0.0,0
2022-05-23 08:00:00,0.0,0.0,0
2022-05-23 09:00:00,0.0,0.0,0
2022-05-23 10:00:00,0.0,0.0,0
2022-05-23 11:00:00,0.0,0.0,0
2022-05-23 12:00:00,0.0,0.0,0
2022-05-23 13:00:00,0.0,0.0,0
2022-05-23 14:00:00,0.0,0.0,0
2022-05-23 15:00:00,0.0,0.0,0
2022-05-23 16:00:00,0.0,0.0,0
2022-05-23 17:00:00,0.0,0.0,0
2022-05-23 18:00:00,0.0,0.0,0
2022-05-23 19:00:00,0.22708823529411765,-0.09803921568627451,51
2022-05-23 20:00:00,0.18875555555555554,-0.041666666666666664,936
2022-05-23 21:00:00,0.31364845360824745,0.1466208476517755,873
2022-05-23 22:00:00,0.20829323943661973,-0.038028169014084505,710
2022-05-23 23:00:00,0.15119341252699783,-0.06587473002159827,926
2022-05-24 00:00:00,0.0,0.0,0
2022-05-24 01:00:00,0.0,0.0,0
2022-05-24 02:00:00,0.0,0.0,0
2022-05-24 03:00:00,0.0,0.0,0
2022-05-24 04:00:00,0.0,0.0,0
2022-05-24 05:00:00,0.0,0.0,0
2022-05-24 06:00:00,0.0,0.0,0
2022-05-24 07:00:00,0.0,0.0,0
2022-05-24 08:00:00,0.0,0.0,0
2022-05-24 09:00:00,0.0,0.0,0
2022-05-24 10:00:00,0.0,0.0,0
2022-05-24 11:00:00,0.0,0.0,0
2022-05-24 12:00:00,0.0,0.0,0
2022-05-24 13:00:00,0.15857741147741147,-0.029304029304029304,819
2022-05-24 14:00:00,0.13485335073977373,-0.020887728459530026,1149
2022-05-24 15:00:00,0.16110594059405942,-0.029042904290429043,1515
2022-05-24 16:00:00,0.17292682551883168,-0.004611837048424289,1301
2022-05-24 17:00:00,0.16722793427230045,-0.027386541471048513,1278
2022-05-24 18:00:00,0.19508437768240344,0.015450643776824034,1165
2022-05-24 19:00:00,0.17690040683482505,-0.04882017900732303,1229
2022-05-24 20:00:00,0.16470561224489796,0.007653061224489796,1176
2022-05-24 21:00:00,0.1676715005035247,0.002014098690835851,993
2022-05-24 22:00:00,0.14456654088050316,-0.05786163522012579,795
2022-05-24 23:00:00,0.12520254237288136,-0.013317191283292978,826
2022-05-25 00:00:00,0.0,0.0,0
2022-05-25 01:00:00,0.0,0.0,0
2022-05-25 02:00:00,0.0,0.0,0
2022-05-25 03:00:00,0.0,0.0,0
2022-05-25 04:00:00,0.0,0.0,0
2022-05-25 05:00:00,0.0,0.0,0
2022-05-25 06:00:00,0.0,0.0,0
2022-05-25 07:00:00,0.0,0.0,0
2022-05-25 08:00:00,0.0,0.0,0
2022-05-25 09:00:00,0.0,0.0,0
2022-05-25 10:00:00,0.0,0.0,0
2022-05-25 11:00:00,0.0,0.0,0
2022-05-25 12:00:00,0.206915625,-0.0625,160
2022-05-25 13:00:00,0.15365745526838964,-0.02982107355864811,503
2022-05-25 14:00:00,0.1422058052434457,-0.028089887640449437,534
2022-05-25 15:00:00,0.13016820083682007,0.0041841004184100415,478
2022-05-25 16:00:00,0.09728888888888888,-0.05114638447971781,567
2022-05-25 17:00:00,0.16303759842519686,-0.0688976377952756,508
2022-05-25 18:00:00,0.17890642857142858,-0.04107142857142857,560
2022-05-25 19:00:00,0.1047289755351682,-0.02522935779816514,1308
2022-05-25 20:00:00,0.15230753564154786,-0.015274949083503055,982
2022-05-25 21:00:00,0.16603633507853405,0.04293193717277487,955
2022-05-25 22:00:00,0.1508347381864623,-0.037037037037037035,783
2022-05-25 23:00:00,0.1293712833545108,-0.03811944091486658,787
2022-05-26 00:00:00,0.14798654545454545,-0.07272727272727272,275
2022-05-26 01:00:00,0.13612280701754387,-0.07017543859649122,228
2022-05-26 02:00:00,0.05490865800865801,-0.10822510822510822,231
2022-05-26 03:00:00,0.09219077669902911,-0.12135922330097088,206
2022-05-26 04:00:00,0.12457551867219917,-0.14107883817427386,241
2022-05-26 05:00:00,-0.09474840579710145,-0.05507246376811594,345
2022-05-26 06:00:00,0.04081554959785523,-0.10187667560321716,373
2022-05-26 07:00:00,0.08534435261707989,-0.049586776859504134,363
2022-05-26 08:00:00,0.09455882352941178,-0.12636165577342048,459
2022-05-26 09:00:00,0.08263073394495413,-0.1628440366972477,436
2022-05-26 10:00:00,0.16590163487738419,-0.05722070844686648,367
2022-05-26 11:00:00,0.06458775,-0.0975,400
2022-05-26 12:00:00,-0.019607653061224493,-0.08333333333333333,588
2022-05-26 13:00:00,-0.02115741293532339,-0.11243781094527364,1005
2022-05-26 14:00:00,0.043365592972181545,-0.07174231332357248,683
2022-05-26 15:00:00,0.07869631782945737,-0.0872093023255814,516
2022-05-26 16:00:00,0.08605059021922429,-0.07419898819561552,593
2022-05-26 17:00:00,0.1074578947368421,-0.042105263157894736,475
2022-05-26 18:00:00,-0.06625170454545455,-0.07954545454545454,528
2022-05-26 19:00:00,0.035115572232645394,-0.05065666041275797,533
2022-05-26 20:00:00,0.128103869407497,-0.09068923821039904,827
2022-05-26 21:00:00,0.16232606199770377,-0.01722158438576349,871
2022-05-26 22:00:00,0.18607919896640826,-0.020671834625323,774
2022-05-26 23:00:00,0.14991717709720373,-0.022636484687083888,751
2022-05-27 00:00:00,0.0,0.0,0
2022-05-27 01:00:00,0.0,0.0,0
2022-05-27 02:00:00,0.0,0.0,0
2022-05-27 03:00:00,0.0,0.0,0
2022-05-27 04:00:00,0.0,0.0,0
2022-05-27 05:00:00,0.0,0.0,0
2022-05-27 06:00:00,0.0,0.0,0
2022-05-27 07:00:00,0.0,0.0,0
2022-05-27 08:00:00,0.0,0.0,0
2022-05-27 09:00:00,0.0,0.0,0
2022-05-27 10:00:00,0.0,0.0,0
2022-05-27 11:00:00,0.0,0.0,0
2022-05-27 12:00:00,0.0,0.0,0
2022-05-27 13:00:00,0.0,0.0,0
2022-05-27 14:00:00,0.15195902777777778,0.0,144
2022-05-27 15:00:00,0.1979224730127576,0.023552502453385672,1019
2022-05-27 16:00:00,0.13553832790445167,-0.04343105320304017,921
2022-05-27 17:00:00,0.16587508865248227,-0.06294326241134751,1128
2022-05-27 18:00:00,0.14823171641791047,-0.09104477611940298,1340
2022-05-27 19:00:00,0.15698675388389208,-0.0678659035159444,1223
2022-05-27 20:00:00,0.159695,-0.04245283018867924,1060
2022-05-27 21:00:00,0.15605615942028989,-0.042270531400966184,828
2022-05-27 22:00:00,0.14187443890274315,-0.03117206982543641,802
2022-05-27 23:00:00,0.15505295735900962,-0.037138927097661624,727
2022-05-28 00:00:00,0.0,0.0,0
2022-05-28 01:00:00,0.0,0.0,0
2022-05-28 02:00:00,0.0,0.0,0
2022-05-28 03:00:00,0.0,0.0,0
2022-05-28 04:00:00,0.0,0.0,0
2022-05-28 05:00:00,0.0,0.0,0
2022-05-28 06:00:00,0.0,0.0,0
2022-05-28 07:00:00,0.0,0.0,0
2022-05-28 08:00:00,0.0,0.0,0
2022-05-28 09:00:00,0.0,0.0,0
2022-05-28 10:00:00,0.0,0.0,0
2022-05-28 11:00:00,0.0,0.0,0
2022-05-28 12:00:00,0.0,0.0,0
2022-05-28 13:00:00,0.0,0.0,0
2022-05-28 14:00:00,0.0,0.0,0
2022-05-28 15:00:00,0.0,0.0,0
2022-05-28 16:00:00,0.0,0.0,0
2022-05-28 17:00:00,0.0,0.0,0
2022-05-28 18:00:00,0.0,0.0,0
2022-05-28 19:00:00,0.13743783231083845,-0.06339468302658487,489
2022-05-28 20:00:00,0.15210117130307466,-0.08784773060029283,683
2022-05-28 21:00:00,0.17023698854337155,-0.03927986906710311,611
2022-05-28 22:00:00,0.16292879746835442,-0.004746835443037975,632
2022-05-28 23:00:00,0.20149441087613293,0.052870090634441085,662
2022-05-29 00:00:00,0.0,0.0,0
2022-05-29 01:00:00,0.0,0.0,0
2022-05-29 02:00:00,0.0,0.0,0
2022-05-29 03:00:00,0.0,0.0,0
2022-05-29 04:00:00,0.0,0.0,0
2022-05-29 05:00:00,0.0,0.0,0
2022-05-29 06:00:00,0.0,0.0,0
2022-05-29 07:00:00,0.0,0.0,0
2022-05-29 08:00:00,0.0,0.0,0
2022-05-29 09:00:00,0.0,0.0,0
2022-05-29 10:00:00,0.18386218097447798,-0.030162412993039442,431
2022-05-29 11:00:00,0.16585335753176042,-0.029038112522686024,551
2022-05-29 12:00:00,0.23535664516129032,0.01806451612903226,775
2022-05-29 13:00:00,0.16951396866840732,0.005221932114882507,766
2022-05-29 14:00:00,0.20323600439077935,-0.003293084522502744,911
2022-05-29 15:00:00,0.17696774869109946,0.010471204188481676,955
2022-05-29 16:00:00,0.1934161904761905,0.0031746031746031746,945
2022-05-29 17:00:00,0.1884617737003058,-0.0010193679918450561,981
2022-05-29 18:00:00,0.20526213592233009,0.042071197411003236,927
2022-05-29 19:00:00,0.1651014067995311,-0.06330597889800703,853
2022-05-29 20:00:00,0.17959460020768434,0.0010384215991692627,963
2022-05-29 21:00:00,0.1701264945652174,-0.05570652173913043,736
2022-05-29 22:00:00,0.1486736443883985,-0.05296343001261034,793
2022-05-29 23:00:00,0.150219770773639,-0.04727793696275072,698
2022-05-30 00:00:00,0.16753977272727272,-0.0946969696969697,264
2022-05-30 01:00:00,0.17469180327868852,-0.09016393442622951,244
2022-05-30 02:00:00,0.12647879464285713,-0.033482142857142856,448
2022-05-30 03:00:00,0.17786532507739938,0.04643962848297214,323
2022-05-30 04:00:00,0.16290189393939392,0.007575757575757576,264
2022-05-30 05:00:00,0.14390657439446367,-0.05536332179930796,289
2022-05-30 06:00:00,0.16908989690721649,-0.018556701030927835,485
2022-05-30 07:00:00,0.18884935400516795,-0.00516795865633075,387
2022-05-30 08:00:00,0.17891164383561642,-0.03881278538812785,438
2022-05-30 09:00:00,0.18135417661097855,-0.014319809069212411,419
2022-05-30 10:00:00,0.17614168466522678,-0.0064794816414686825,463
2022-05-30 11:00:00,0.19440941475826973,-0.03307888040712468,393
2022-05-30 12:00:00,0.18259214145383104,-0.0550098231827112,509
2022-05-30 13:00:00,0.14026051587301586,-0.015873015873015872,504
2022-05-30 14:00:00,0.19580865800865802,-0.03463203463203463,462
2022-05-30 15:00:00,0.16213865740740743,-0.09259259259259259,432
2022-05-30 16:00:00,0.19140695187165777,0.026737967914438502,374
2022-05-30 17:00:00,0.1700537530266344,-0.06295399515738499,413
2022-05-30 18:00:00,0.18107714285714288,-0.015584415584415584,385
2022-05-30 19:00:00,0.1306302752293578,-0.052752293577981654,436
2022-05-30 20:00:00,0.1208625212947189,-0.09369676320272573,587
2022-05-30 21:00:00,0.15459361702127658,0.019639934533551555,611
2022-05-30 22:00:00,0.16449712230215827,-0.08872901678657075,417
2022-05-30 23:00:00,0.1584320809248555,-0.028901734104046242,346
2022-05-31 00:00:00,0.1429457765667575,-0.08991825613079019,367
2022-05-31 01:00:00,0.15350625,-0.07720588235294118,272
2022-05-31 02:00:00,0.14883846153846156,-0.07023411371237458,299
2022-05-31 03:00:00,0.15450851851851852,0.007407407407407408,270
2022-05-31 04:00:00,0.1523375478927203,-0.04597701149425287,261
2022-05-31 05:00:00,0.1592609756097561,-0.044715447154471545,246
2022-05-31 06:00:00,0.17923053221288515,-0.0196078431372549,357
2022-05-31 07:00:00,0.23476294277929155,-0.03814713896457766,367
2022-05-31 08:00:00,0.22531438515081206,0.1136890951276102,431
2022-05-31 09:00:00,0.22351485411140584,0.04774535809018567,377
2022-05-31 10:00:00,0.17970493562231762,-0.012875536480686695,466
2022-05-31 11:00:00,0.16083662790697673,-0.04844961240310078,516
2022-05-31 12:00:00,0.21746860215053765,0.0064516129032258064,465
2022-05-31 13:00:00,0.2032523569023569,-0.0016835016835016834,594
2022-05-31 14:00:00,0.1757,-0.0019011406844106464,526
2022-05-31 15:00:00,0.19864612794612796,0.06734006734006734,594
2022-05-31 16:00:00,0.18886217391304347,0.02318840579710145,690
2022-05-31 17:00:00,0.24424142335766424,0.08759124087591241,548
2022-05-31 18:00:00,0.10101964601769911,-0.019469026548672566,565
2022-05-31 19:00:00,0.09347162315550511,0.01362088535754824,881
2022-05-31 20:00:00,0.16698258258258258,-0.03003003003003003,333
2022-05-31 21:00:00,0.12856024096385543,-0.07228915662650602,332
2022-05-31 22:00:00,0.10833868852459017,-0.04918032786885246,305
2022-05-31 23:00:00,0.09748755186721993,-0.0912863070539419,241
2022-06-01 00:00:00,0.13626297577854674,-0.05190311418685121,289
2022-06-01 01:00:00,0.17709700374531837,0.003745318352059925,267
2022-06-01 02:00:00,0.12286184738955824,-0.07630522088353414,249
2022-06-01 03:00:00,0.30244,0.228125,320
2022-06-01 04:00:00,0.1373378640776699,-0.038834951456310676,309
2022-06-01 05:00:00,0.16575014749262537,0.035398230088495575,339
2022-06-01 06:00:00,0.14559164179104478,-0.0029850746268656717,335
2022-06-01 07:00:00,0.15928449197860964,-0.016042780748663103,374
2022-06-01 08:00:00,0.17777729885057472,0.04885057471264368,348
2022-06-01 09:00:00,0.21790439882697948,0.011730205278592375,341
2022-06-01 10:00:00,0.2018314606741573,0.14831460674157304,445
2022-06-01 11:00:00,0.09690953436807095,0.017738359201773836,451
2022-06-01 12:00:00,0.21753736263736265,0.024175824175824177,455
2022-06-01 13:00:00,0.17330675422138836,0.06941838649155722,533
2022-06-01 14:00:00,0.19312102189781022,0.11386861313868613,685
2022-06-01 15:00:00,0.15109152542372883,-0.01694915254237288,649
2022-06-01 16:00:00,0.10714683544303798,0.006329113924050633,790
2022-06-01 17:00:00,0.09869872448979593,-0.036989795918367346,784
2022-06-01 18:00:00,0.1443507025761124,-0.01639344262295082,854
2022-06-01 19:00:00,0.14675381679389313,-0.0366412213740458,1310
2022-06-01 20:00:00,0.1250222839506173,-0.06234567901234568,1620
2022-06-01 21:00:00,0.14002864963503647,-0.04288321167883212,1096
2022-06-01 22:00:00,0.11389872476089268,-0.0765143464399575,941
2022-06-01 23:00:00,0.11143502415458938,-0.051932367149758456,828
2022-06-02 00:00:00,0.0,0.0,0
2022-06-02 01:00:00,0.0,0.0,0
2022-06-02 02:00:00,0.0,0.0,0
2022-06-02 03:00:00,0.0,0.0,0
2022-06-02 04:00:00,0.0,0.0,0
2022-06-02 05:00:00,0.0,0.0,0
2022-06-02 06:00:00,0.0,0.0,0
2022-06-02 07:00:00,0.0,0.0,0
2022-06-02 08:00:00,0.0,0.0,0
2022-06-02 09:00:00,0.0,0.0,0
2022-06-02 10:00:00,0.0,0.0,0
2022-06-02 11:00:00,0.0,0.0,0
2022-06-02 12:00:00,0.0,0.0,0
2022-06-02 13:00:00,0.0,0.0,0
2022-06-02 14:00:00,0.0,0.0,0
2022-06-02 15:00:00,0.15204074074074075,-0.06995884773662552,243
2022-06-02 16:00:00,0.16639988962472405,-0.006622516556291391,906
2022-06-02 17:00:00,0.15471911949685535,-0.01509433962264151,795
2022-06-02 18:00:00,0.21286183745583037,0.04240282685512368,849
2022-06-02 19:00:00,0.1740842908438061,-0.005385996409335727,1114
2022-06-02 20:00:00,0.1692564076690212,0.020181634712411706,991
2022-06-02 21:00:00,0.1423828689370485,-0.053663570691434466,969
2022-06-02 22:00:00,0.15128348214285717,-0.03794642857142857,896
2022-06-02 23:00:00,0.17314014778325124,-0.003694581280788177,812
2022-06-03 00:00:00,0.0,0.0,0
2022-06-03 01:00:00,0.2323421686746988,0.14457831325301204,83
2022-06-03 02:00:00,0.17942392156862746,-0.00392156862745098,255
2022-06-03 03:00:00,0.24143104838709678,0.056451612903225805,248
2022-06-03 04:00:00,0.24326776859504134,0.06198347107438017,242
2022-06-03 05:00:00,0.23256632996632995,0.026936026936026935,297
2022-06-03 06:00:00,0.17474196721311477,-0.009836065573770493,305
2022-06-03 07:00:00,0.13868086642599278,-0.061371841155234655,277
2022-06-03 08:00:00,0.18200481927710843,0.09337349397590361,332
2022-06-03 09:00:00,0.1276682119205298,0.002207505518763797,906
2022-06-03 10:00:00,0.09128975444538526,-0.04487722269263336,1181
2022-06-03 11:00:00,0.16414215283483977,-0.03697617091207888,1217
2022-06-03 12:00:00,0.14708578199052133,-0.015007898894154818,1266
2022-06-03 13:00:00,0.13518761183757744,-0.03991741225051618,1453
2022-06-03 14:00:00,0.2003473484848485,0.01452020202020202,1584
2022-06-03 15:00:00,0.19599668965517242,0.02689655172413793,1450
2022-06-03 16:00:00,0.185196336710834,0.021823850350740453,1283
2022-06-03 17:00:00,0.1972642735042735,0.040170940170940174,1170
2022-06-03 18:00:00,0.14204577464788734,-0.03609154929577465,1136
2022-06-03 19:00:00,0.22776895450917797,0.08858739026336791,1253
2022-06-03 20:00:00,0.1699222668004012,-0.010030090270812437,997
2022-06-03 21:00:00,0.14161140939597316,-0.01901565995525727,894
2022-06-03 22:00:00,0.16297213930348256,-0.017412935323383085,804
2022-06-03 23:00:00,0.15525749279538906,-0.03602305475504323,694
2022-06-04 00:00:00,0.0,0.0,0
2022-06-04 01:00:00,0.0,0.0,0
2022-06-04 02:00:00,0.0,0.0,0
2022-06-04 03:00:00,0.0,0.0,0
2022-06-04 04:00:00,0.0,0.0,0
2022-06-04 05:00:00,0.0,0.0,0
2022-06-04 06:00:00,0.0,0.0,0
2022-06-04 07:00:00,0.0,0.0,0
2022-06-04 08:00:00,0.0,0.0,0
2022-06-04 09:00:00,0.0,0.0,0
2022-06-04 10:00:00,0.0,0.0,0
2022-06-04 11:00:00,0.0,0.0,0
2022-06-04 12:00:00,0.0,0.0,0
2022-06-04 13:00:00,0.0,0.0,0
2022-06-04 14:00:00,0.0,0.0,0
2022-06-04 15:00:00,0.0,0.0,0
2022-06-04 16:00:00,0.0,0.0,0
2022-06-04 17:00:00,0.18651516245487365,0.10830324909747292,277
2022-06-04 18:00:00,0.21518603896103894,0.006493506493506494,308
2022-06-04 19:00:00,0.15677666151468314,-0.02009273570324575,647
2022-06-04 20:00:00,0.16219736180904523,-0.002512562814070352,796
2022-06-04 21:00:00,0.16713075880758807,-0.04336043360433604,738
2022-06-04 22:00:00,0.19032481857764877,-0.008708272859216255,689
2022-06-04 23:00:00,0.1702693220338983,-0.03898305084745763,590
2022-06-05 00:00:00,0.0,0.0,0
2022-06-05 01:00:00,0.0,0.0,0
2022-06-05 02:00:00,0.0,0.0,0
2022-06-05 03:00:00,0.0,0.0,0
2022-06-05 04:00:00,0.0,0.0,0
2022-06-05 05:00:00,0.0,0.0,0
2022-06-05 06:00:00,0.0,0.0,0
2022-06-05 07:00:00,0.0,0.0,0
2022-06-05 08:00:00,0.0,0.0,0
2022-06-05 09:00:00,0.0,0.0,0
2022-06-05 10:00:00,0.0,0.0,0
2022-06-05 11:00:00,0.0,0.0,0
2022-06-05 12:00:00,0.0,0.0,0
2022-06-05 13:00:00,0.0,0.0,0
2022-06-05 14:00:00,0.0,0.0,0
2022-06-05 15:00:00,0.0,0.0,0
2022-06-05 16:00:00,0.0,0.0,0
2022-06-05 17:00:00,0.0,0.0,0
2022-06-05 18:00:00,0.0,0.0,0
2022-06-05 19:00:00,0.0,0.0,0
2022-06-05 20:00:00,0.0,0.0,0
2022-06-05 21:00:00,0.0,0.0,0
2022-06-05 22:00:00,0.0,0.0,0
2022-06-05 23:00:00,0.0,0.0,0
2022-06-06 00:00:00,0.0,0.0,0
2022-06-06 01:00:00,0.0,0.0,0
2022-06-06 02:00:00,0.0,0.0,0
2022-06-06 03:00:00,0.0,0.0,0
2022-06-06 04:00:00,0.0,0.0,0
2022-06-06 05:00:00,0.0,0.0,0
2022-06-06 06:00:00,0.0,0.0,0
2022-06-06 07:00:00,0.0,0.0,0
2022-06-06 08:00:00,0.0,0.0,0
2022-06-06 09:00:00,0.0,0.0,0
2022-06-06 10:00:00,0.0,0.0,0
2022-06-06 11:00:00,0.0,0.0,0
2022-06-06 12:00:00,0.0,0.0,0
2022-06-06 13:00:00,0.0,0.0,0
2022-06-06 14:00:00,0.0,0.0,0
2022-06-06 15:00:00,0.0,0.0,0
2022-06-06 16:00:00,0.0,0.0,0
2022-06-06 17:00:00,0.0,0.0,0
2022-06-06 18:00:00,0.0,0.0,0
2022-06-06 19:00:00,0.0,0.0,0
2022-06-06 20:00:00,0.0,0.0,0
2022-06-06 21:00:00,0.0,0.0,0
2022-06-06 22:00:00,0.0,0.0,0
2022-06-06 23:00:00,0.0,0.0,0
2022-06-07 00:00:00,0.0,0.0,0
2022-06-07 01:00:00,0.0,0.0,0
2022-06-07 02:00:00,0.0,0.0,0
2022-06-07 03:00:00,0.0,0.0,0
2022-06-07 04:00:00,0.0,0.0,0
2022-06-07 05:00:00,0.0,0.0,0
2022-06-07 06:00:00,0.0,0.0,0
2022-06-07 07:00:00,0.0,0.0,0
2022-06-07 08:00:00,0.0,0.0,0
2022-06-07 09:00:00,0.0,0.0,0
2022-06-07 10:00:00,0.0,0.0,0
2022-06-07 11:00:00,0.0,0.0,0
2022-06-07 12:00:00,0.0,0.0,0
2022-06-07 13:00:00,0.0,0.0,0
2022-06-07 14:00:00,0.0,0.0,0
2022-06-07 15:00:00,0.0,0.0,0
2022-06-07 16:00:00,0.0,0.0,0
2022-06-07 17:00:00,0.0,0.0,0
2022-06-07 18:00:00,0.0,0.0,0
2022-06-07 19:00:00,0.0,0.0,0
2022-06-07 20:00:00,0.0,0.0,0
2022-06-07 21:00:00,0.0,0.0,0
2022-06-07 22:00:00,0.0,0.0,0
2022-06-07 23:00:00,0.0,0.0,0
2022-06-08 00:00:00,0.0,0.0,0
2022-06-08 01:00:00,0.0,0.0,0
2022-06-08 02:00:00,0.0,0.0,0
2022-06-08 03:00:00,0.0,0.0,0
2022-06-08 04:00:00,0.0,0.0,0
2022-06-08 05:00:00,0.0,0.0,0
2022-06-08 06:00:00,0.0,0.0,0
2022-06-08 07:00:00,0.0,0.0,0
2022-06-08 08:00:00,0.0,0.0,0
2022-06-08 09:00:00,0.0,0.0,0
2022-06-08 10:00:00,0.0,0.0,0
2022-06-08 11:00:00,0.0,0.0,0
2022-06-08 12:00:00,0.0,0.0,0
2022-06-08 13:00:00,0.0,0.0,0
2022-06-08 14:00:00,0.0,0.0,0
2022-06-08 15:00:00,0.0,0.0,0
2022-06-08 16:00:00,0.0,0.0,0
2022-06-08 17:00:00,0.0,0.0,0
2022-06-08 18:00:00,0.0,0.0,0
2022-06-08 19:00:00,0.0,0.0,0
2022-06-08 20:00:00,0.0,0.0,0
2022-06-08 21:00:00,0.0,0.0,0
2022-06-08 22:00:00,0.0,0.0,0
2022-06-08 23:00:00,0.0,0.0,0
2022-06-09 00:00:00,0.0,0.0,0
2022-06-09 01:00:00,0.0,0.0,0
2022-06-09 02:00:00,0.0,0.0,0
2022-06-09 03:00:00,0.0,0.0,0
2022-06-09 04:00:00,0.0,0.0,0
2022-06-09 05:00:00,0.0,0.0,0
2022-06-09 06:00:00,0.0,0.0,0
2022-06-09 07:00:00,0.0,0.0,0
2022-06-09 08:00:00,0.0,0.0,0
2022-06-09 09:00:00,0.0,0.0,0
2022-06-09 10:00:00,0.0,0.0,0
2022-06-09 11:00:00,0.0,0.0,0
2022-06-09 12:00:00,0.0,0.0,0
2022-06-09 13:00:00,0.0,0.0,0
2022-06-09 14:00:00,0.0,0.0,0
2022-06-09 15:00:00,0.0,0.0,0
2022-06-09 16:00:00,0.0,0.0,0
2022-06-09 17:00:00,0.0,0.0,0
2022-06-09 18:00:00,0.0,0.0,0
2022-06-09 19:00:00,0.0,0.0,0
2022-06-09 20:00:00,0.0,0.0,0
2022-06-09 21:00:00,0.0,0.0,0
2022-06-09 22:00:00,0.0,0.0,0
2022-06-09 23:00:00,0.0,0.0,0
2022-06-10 00:00:00,0.0,0.0,0
2022-06-10 01:00:00,0.0,0.0,0
2022-06-10 02:00:00,0.0,0.0,0
2022-06-10 03:00:00,0.0,0.0,0
2022-06-10 04:00:00,0.0,0.0,0
2022-06-10 05:00:00,0.0,0.0,0
2022-06-10 06:00:00,0.0,0.0,0
2022-06-10 07:00:00,0.0,0.0,0
2022-06-10 08:00:00,0.0,0.0,0
2022-06-10 09:00:00,0.0,0.0,0
2022-06-10 10:00:00,0.0,0.0,0
2022-06-10 11:00:00,0.0,0.0,0
2022-06-10 12:00:00,0.0,0.0,0
2022-06-10 13:00:00,0.0,0.0,0
2022-06-10 14:00:00,0.0,0.0,0
2022-06-10 15:00:00,0.0,0.0,0
2022-06-10 16:00:00,0.0,0.0,0
2022-06-10 17:00:00,0.0,0.0,0
2022-06-10 18:00:00,0.0,0.0,0
2022-06-10 19:00:00,0.0,0.0,0
2022-06-10 20:00:00,0.0,0.0,0
2022-06-10 21:00:00,0.0,0.0,0
2022-06-10 22:00:00,0.0,0.0,0
2022-06-10 23:00:00,0.0,0.0,0
2022-06-11 00:00:00,0.0,0.0,0
2022-06-11 01:00:00,0.0,0.0,0
2022-06-11 02:00:00,0.0,0.0,0
2022-06-11 03:00:00,0.0,0.0,0
2022-06-11 04:00:00,0.0,0.0,0
2022-06-11 05:00:00,0.0,0.0,0
2022-06-11 06:00:00,0.0,0.0,0
2022-06-11 07:00:00,0.0,0.0,0
2022-06-11 08:00:00,0.0,0.0,0
2022-06-11 09:00:00,0.0,0.0,0
2022-06-11 10:00:00,0.0,0.0,0
2022-06-11 11:00:00,0.0,0.0,0
2022-06-11 12:00:00,0.0,0.0,0
2022-06-11 13:00:00,0.0,0.0,0
2022-06-11 14:00:00,0.0,0.0,0
2022-06-11 15:00:00,0.0,0.0,0
2022-06-11 16:00:00,0.0,0.0,0
2022-06-11 17:00:00,0.0,0.0,0
2022-06-11 18:00:00,0.0,0.0,0
2022-06-11 19:00:00,0.0,0.0,0
2022-06-11 20:00:00,0.0,0.0,0
2022-06-11 21:00:00,0.0,0.0,0
2022-06-11 22:00:00,0.0,0.0,0
2022-06-11 23:00:00,0.0,0.0,0
2022-06-12 00:00:00,0.0,0.0,0
2022-06-12 01:00:00,0.0,0.0,0
2022-06-12 02:00:00,0.0,0.0,0
2022-06-12 03:00:00,0.0,0.0,0
2022-06-12 04:00:00,0.0,0.0,0
2022-06-12 05:00:00,0.0,0.0,0
2022-06-12 06:00:00,0.0,0.0,0
2022-06-12 07:00:00,0.0,0.0,0
2022-06-12 08:00:00,0.0,0.0,0
2022-06-12 09:00:00,0.0,0.0,0
2022-06-12 10:00:00,0.0,0.0,0
2022-06-12 11:00:00,0.0,0.0,0
2022-06-12 12:00:00,0.0,0.0,0
2022-06-12 13:00:00,0.0,0.0,0
2022-06-12 14:00:00,0.0,0.0,0
2022-06-12 15:00:00,0.0,0.0,0
2022-06-12 16:00:00,0.0,0.0,0
2022-06-12 17:00:00,0.0,0.0,0
2022-06-12 18:00:00,0.0,0.0,0
2022-06-12 19:00:00,0.0,0.0,0
2022-06-12 20:00:00,0.0,0.0,0
2022-06-12 21:00:00,0.0,0.0,0
2022-06-12 22:00:00,0.0,0.0,0
2022-06-12 23:00:00,0.0,0.0,0
2022-06-13 00:00:00,0.0,0.0,0
2022-06-13 01:00:00,0.0,0.0,0
2022-06-13 02:00:00,0.0,0.0,0
2022-06-13 03:00:00,0.0,0.0,0
2022-06-13 04:00:00,0.0,0.0,0
2022-06-13 05:00:00,0.0,0.0,0
2022-06-13 06:00:00,0.0,0.0,0
2022-06-13 07:00:00,0.0,0.0,0
2022-06-13 08:00:00,0.0,0.0,0
2022-06-13 09:00:00,0.0,0.0,0
2022-06-13 10:00:00,0.0,0.0,0
2022-06-13 11:00:00,0.0,0.0,0
2022-06-13 12:00:00,0.0,0.0,0
2022-06-13 13:00:00,0.0,0.0,0
2022-06-13 14:00:00,0.0,0.0,0
2022-06-13 15:00:00,0.0,0.0,0
2022-06-13 16:00:00,0.0,0.0,0
2022-06-13 17:00:00,0.0,0.0,0
2022-06-13 18:00:00,0.0,0.0,0
2022-06-13 19:00:00,0.0,0.0,0
2022-06-13 20:00:00,0.0,0.0,0
2022-06-13 21:00:00,0.0,0.0,0
2022-06-13 22:00:00,0.0,0.0,0
2022-06-13 23:00:00,0.0,0.0,0
2022-06-14 00:00:00,0.0,0.0,0
2022-06-14 01:00:00,0.0,0.0,0
2022-06-14 02:00:00,0.0,0.0,0
2022-06-14 03:00:00,0.0,0.0,0
2022-06-14 04:00:00,0.0,0.0,0
2022-06-14 05:00:00,0.0,0.0,0
2022-06-14 06:00:00,0.0,0.0,0
2022-06-14 07:00:00,0.0,0.0,0
2022-06-14 08:00:00,0.0,0.0,0
2022-06-14 09:00:00,0.0,0.0,0
2022-06-14 10:00:00,0.0,0.0,0
2022-06-14 11:00:00,0.12039731903485255,-0.11528150134048257,373
2022-06-14 12:00:00,0.09316501182033096,-0.06973995271867613,846
2022-06-14 13:00:00,0.14937857935627083,-0.07991120976692564,901
2022-06-14 14:00:00,0.19940033821871478,-0.05186020293122886,887
2022-06-14 15:00:00,0.1279017709563164,-0.08028335301062574,847
2022-06-14 16:00:00,0.15834685494223363,-0.0410783055198973,779
2022-06-14 17:00:00,0.10067007518796993,-0.058646616541353384,665
2022-06-14 18:00:00,0.10807289562289563,-0.1111111111111111,594
2022-06-14 19:00:00,0.16575878489326767,-0.04433497536945813,609
2022-06-14 20:00:00,0.05765773638968481,-0.1318051575931232,698
2022-06-14 21:00:00,0.09159817073170733,-0.11449864498644986,1476
2022-06-14 22:00:00,0.07761907563025211,-0.1453781512605042,1190
2022-06-14 23:00:00,0.09941389830508475,-0.07372881355932204,1180
2022-06-15 00:00:00,0.07484226044226044,-0.09746109746109746,1221
2022-06-15 01:00:00,0.11011901108269395,-0.07587382779198636,1173
2022-06-15 02:00:00,0.08699249753208292,-0.08884501480750247,1013
2022-06-15 03:00:00,0.1004726251276813,-0.04187946884576098,979
2022-06-15 04:00:00,0.06878327615780447,-0.1320754716981132,1166
2022-06-15 05:00:00,0.07821421487603306,-0.10165289256198347,1210
2022-06-15 06:00:00,0.06319299307958479,-0.11072664359861592,1156
2022-06-15 07:00:00,0.06640186289120716,-0.10953800298062594,1342
2022-06-15 08:00:00,0.03936320939334638,-0.14628180039138944,2044
2022-06-15 09:00:00,0.038598908773461366,-0.14622435617634222,2291
2022-06-15 10:00:00,0.09763835978835979,-0.09470899470899471,1890
2022-06-15 11:00:00,0.0706020644511581,-0.12638469284994966,1986
2022-06-15 12:00:00,0.08601394129979036,-0.10429769392033543,1908
2022-06-15 13:00:00,0.09905040171397965,-0.10605249062667381,1867
2022-06-15 14:00:00,0.09939007510729614,-0.11427038626609443,1864
2022-06-15 15:00:00,0.10018579881656804,-0.10866057019903173,1859
2022-06-15 16:00:00,0.09538379136287156,-0.09478407178911946,1783
2022-06-15 17:00:00,0.09386456989247312,-0.11827956989247312,1860
2022-06-15 18:00:00,0.10159205933682373,-0.10471204188481675,2292
2022-06-15 19:00:00,0.11659922651933702,-0.07624309392265194,1810
2022-06-15 20:00:00,0.10388263888888889,-0.10138888888888889,1440
2022-06-15 21:00:00,0.09720676470588235,-0.09191176470588236,1360
2022-06-15 22:00:00,0.1021988670694864,-0.08383685800604229,1324
2022-06-15 23:00:00,0.08737902222222223,-0.09866666666666667,1125
2022-06-16 00:00:00,0.0,0.0,0
2022-06-16 01:00:00,0.0,0.0,0
2022-06-16 02:00:00,0.0,0.0,0
2022-06-16 03:00:00,0.0,0.0,0
2022-06-16 04:00:00,0.0,0.0,0
2022-06-16 05:00:00,0.0,0.0,0
2022-06-16 06:00:00,0.0,0.0,0
2022-06-16 07:00:00,0.0,0.0,0
2022-06-16 08:00:00,0.0,0.0,0
2022-06-16 09:00:00,0.0,0.0,0
2022-06-16 10:00:00,0.0,0.0,0
2022-06-16 11:00:00,0.0,0.0,0
2022-06-16 12:00:00,0.0,0.0,0
2022-06-16 13:00:00,0.0,0.0,0
2022-06-16 14:00:00,0.0,0.0,0
2022-06-16 15:00:00,0.0,0.0,0
2022-06-16 16:00:00,0.0,0.0,0
2022-06-16 17:00:00,0.0,0.0,0
2022-06-16 18:00:00,0.0,0.0,0
2022-06-16 19:00:00,0.0,0.0,0
2022-06-16 20:00:00,0.0,0.0,0
2022-06-16 21:00:00,0.0,0.0,0
2022-06-16 22:00:00,0.0,0.0,0
2022-06-16 23:00:00,0.0,0.0,0
2022-06-17 00:00:00,0.0,0.0,0
2022-06-17 01:00:00,0.0,0.0,0
2022-06-17 02:00:00,0.0,0.0,0
2022-06-17 03:00:00,0.0,0.0,0
2022-06-17 04:00:00,0.0,0.0,0
2022-06-17 05:00:00,0.1090121875,-0.059375,320
2022-06-17 06:00:00,0.06292578313253012,-0.043373493975903614,415
2022-06-17 07:00:00,0.07723257142857143,-0.02095238095238095,525
2022-06-17 08:00:00,0.04062022263450835,-0.03153988868274583,539
2022-06-17 09:00:00,0.12595813492063493,0.00992063492063492,504
2022-06-17 10:00:00,0.09558576,-0.0208,625
2022-06-17 11:00:00,0.0820465579710145,-0.05253623188405797,552
2022-06-17 12:00:00,0.15047676630434784,-0.017663043478260868,736
2022-06-17 13:00:00,0.13089907120743033,-0.04024767801857585,646
2022-06-17 14:00:00,0.0871315484804631,-0.08104196816208394,691
2022-06-17 15:00:00,0.09544063400576369,-0.06340057636887608,694
2022-06-17 16:00:00,0.05764986486486487,-0.0472972972972973,740
2022-06-17 17:00:00,0.056310815602836885,-0.07446808510638298,564
2022-06-17 18:00:00,0.0741583486238532,-0.10458715596330276,545
2022-06-17 19:00:00,0.07476428571428573,-0.11196911196911197,518
2022-06-17 20:00:00,0.08664930875576038,-0.1152073732718894,434
2022-06-17 21:00:00,0.08027094188376753,-0.06212424849699399,499
2022-06-17 22:00:00,0.056450255102040825,-0.11989795918367346,392
2022-06-17 23:00:00,0.021994680851063833,-0.10372340425531915,376
2022-06-18 00:00:00,0.0786884520884521,-0.0687960687960688,407
2022-06-18 01:00:00,0.019776673866090715,-0.08639308855291576,463
2022-06-18 02:00:00,0.06565295950155764,-0.07476635514018691,321
2022-06-18 03:00:00,0.12899834710743802,0.008264462809917356,363
2022-06-18 04:00:00,0.07135167597765363,-0.10614525139664804,358
2022-06-18 05:00:00,0.06627238372093024,-0.029069767441860465,344
2022-06-18 06:00:00,0.04662229199372057,-0.12401883830455258,637
2022-06-18 07:00:00,0.049418422601530315,-0.1789287816362566,1699
2022-06-18 08:00:00,0.07228469827586206,-0.13577586206896552,1392
2022-06-18 09:00:00,0.06686792097836312,-0.13264346190028223,1063
2022-06-18 10:00:00,0.07839775160599571,-0.12312633832976445,934
2022-06-18 11:00:00,0.07389571428571429,-0.15833333333333333,840
2022-06-18 12:00:00,0.06757341907824223,-0.12754555198285103,933
2022-06-18 13:00:00,0.08394595404595405,-0.12987012987012986,1001
2022-06-18 14:00:00,0.06680581632653061,-0.12857142857142856,980
2022-06-18 15:00:00,0.09243548717948719,-0.11076923076923077,975
2022-06-18 16:00:00,0.09349948612538542,-0.10483042137718397,973
2022-06-18 17:00:00,0.09341575091575093,-0.14377289377289376,1092
2022-06-18 18:00:00,0.04570629194630873,-0.18456375838926176,1192
2022-06-18 19:00:00,0.05077598627787307,-0.17753001715265868,1166
2022-06-18 20:00:00,0.036590215384615384,-0.1686153846153846,1625
2022-06-18 21:00:00,0.07015635407537248,-0.14636283961437335,1141
2022-06-18 22:00:00,0.06855997706422018,-0.12729357798165136,872
2022-06-18 23:00:00,-0.05532581081081081,-0.15675675675675677,740
2022-06-19 00:00:00,0.07296415711947626,-0.09656301145662848,611
2022-06-19 01:00:00,0.03830080321285141,-0.19477911646586346,498
2022-06-19 02:00:00,0.030741284403669727,-0.1743119266055046,545
2022-06-19 03:00:00,0.031393172690763055,-0.16666666666666666,498
2022-06-19 04:00:00,0.06548912529550828,-0.14657210401891252,423
2022-06-19 05:00:00,0.08687757352941176,-0.11397058823529412,544
2022-06-19 06:00:00,0.08145917159763313,-0.10848126232741617,507
2022-06-19 07:00:00,0.13243135135135134,-0.06846846846846846,555
2022-06-19 08:00:00,0.08461726495726496,-0.08888888888888889,585
2022-06-19 09:00:00,0.09376089193825042,-0.1234991423670669,583
2022-06-19 10:00:00,0.10872074742268041,-0.059278350515463915,776
2022-06-19 11:00:00,0.10978610315186248,-0.0830945558739255,698
2022-06-19 12:00:00,0.10622647412755717,-0.07581227436823104,831
2022-06-19 13:00:00,0.1079256157635468,-0.06588669950738917,1624
2022-06-19 14:00:00,0.06602727272727274,-0.06324110671936758,253
2022-06-19 15:00:00,0.0,0.0,0
2022-06-19 16:00:00,0.0,0.0,0
2022-06-19 17:00:00,0.0,0.0,0
2022-06-19 18:00:00,0.0,0.0,0
2022-06-19 19:00:00,0.0,0.0,0
2022-06-19 20:00:00,0.0,0.0,0
2022-06-19 21:00:00,0.0,0.0,0
2022-06-19 22:00:00,0.0,0.0,0
2022-06-19 23:00:00,0.0,0.0,0
2022-06-20 00:00:00,0.0,0.0,0
2022-06-20 01:00:00,0.0,0.0,0
2022-06-20 02:00:00,0.0,0.0,0
2022-06-20 03:00:00,0.0,0.0,0
2022-06-20 04:00:00,0.0,0.0,0
2022-06-20 05:00:00,0.0,0.0,0
2022-06-20 06:00:00,0.0,0.0,0
2022-06-20 07:00:00,0.0,0.0,0
2022-06-20 08:00:00,0.0,0.0,0
2022-06-20 09:00:00,0.0,0.0,0
2022-06-20 10:00:00,0.0,0.0,0
2022-06-20 11:00:00,0.0,0.0,0
2022-06-20 12:00:00,0.0,0.0,0
2022-06-20 13:00:00,0.0,0.0,0
2022-06-20 14:00:00,0.0,0.0,0
2022-06-20 15:00:00,0.0,0.0,0
2022-06-20 16:00:00,0.0,0.0,0
2022-06-20 17:00:00,0.0,0.0,0
2022-06-20 18:00:00,0.0,0.0,0
2022-06-20 19:00:00,0.0,0.0,0
2022-06-20 20:00:00,0.0,0.0,0
2022-06-20 21:00:00,0.0,0.0,0
2022-06-20 22:00:00,0.0,0.0,0
2022-06-20 23:00:00,0.0,0.0,0
2022-06-21 00:00:00,0.0,0.0,0
2022-06-21 01:00:00,0.0,0.0,0
2022-06-21 02:00:00,0.0,0.0,0
2022-06-21 03:00:00,0.0,0.0,0
2022-06-21 04:00:00,0.0,0.0,0
2022-06-21 05:00:00,0.0,0.0,0
2022-06-21 06:00:00,0.0,0.0,0
2022-06-21 07:00:00,0.0,0.0,0
2022-06-21 08:00:00,0.0,0.0,0
2022-06-21 09:00:00,0.0,0.0,0
2022-06-21 10:00:00,0.0,0.0,0
2022-06-21 11:00:00,0.0,0.0,0
2022-06-21 12:00:00,0.0,0.0,0
2022-06-21 13:00:00,0.0,0.0,0
2022-06-21 14:00:00,0.0,0.0,0
2022-06-21 15:00:00,0.0,0.0,0
2022-06-21 16:00:00,0.0,0.0,0
2022-06-21 17:00:00,0.0,0.0,0
2022-06-21 18:00:00,0.0,0.0,0
2022-06-21 19:00:00,0.0,0.0,0
2022-06-21 20:00:00,0.0,0.0,0
2022-06-21 21:00:00,0.0,0.0,0
2022-06-21 22:00:00,0.0,0.0,0
2022-06-21 23:00:00,0.0,0.0,0
2022-06-22 00:00:00,0.0,0.0,0
2022-06-22 01:00:00,0.0,0.0,0
2022-06-22 02:00:00,0.0,0.0,0
2022-06-22 03:00:00,0.0,0.0,0
2022-06-22 04:00:00,0.0,0.0,0
2022-06-22 05:00:00,0.0,0.0,0
2022-06-22 06:00:00,0.0,0.0,0
2022-06-22 07:00:00,0.0,0.0,0
2022-06-22 08:00:00,0.0,0.0,0
2022-06-22 09:00:00,0.0,0.0,0
2022-06-22 10:00:00,0.0,0.0,0
2022-06-22 11:00:00,0.0,0.0,0
2022-06-22 12:00:00,0.0,0.0,0
2022-06-22 13:00:00,0.0,0.0,0
2022-06-22 14:00:00,0.0,0.0,0
2022-06-22 15:00:00,0.0,0.0,0
2022-06-22 16:00:00,0.0,0.0,0
2022-06-22 17:00:00,0.0,0.0,0
2022-06-22 18:00:00,0.0,0.0,0
2022-06-22 19:00:00,0.0,0.0,0
2022-06-22 20:00:00,0.0,0.0,0
2022-06-22 21:00:00,0.0,0.0,0
2022-06-22 22:00:00,0.0,0.0,0
2022-06-22 23:00:00,0.0,0.0,0
2022-06-23 00:00:00,0.0,0.0,0
2022-06-23 01:00:00,0.0,0.0,0
2022-06-23 02:00:00,0.0,0.0,0
2022-06-23 03:00:00,0.14650925925925926,0.006172839506172839,162
2022-06-23 04:00:00,0.12303142857142857,-0.044444444444444446,315
2022-06-23 05:00:00,0.1021198738170347,-0.022082018927444796,317
2022-06-23 06:00:00,0.1417624678663239,-0.005141388174807198,389
2022-06-23 07:00:00,0.1716720512820513,0.02564102564102564,390
2022-06-23 08:00:00,0.1066312661498708,-0.002583979328165375,387
2022-06-23 09:00:00,0.1372108173076923,-0.019230769230769232,416
2022-06-23 10:00:00,0.1754909626719057,0.005893909626719057,509
2022-06-23 11:00:00,0.16942635135135137,0.01126126126126126,444
2022-06-23 12:00:00,0.16871188811188811,0.06818181818181818,572
2022-06-23 13:00:00,0.1505718539865514,0.04610951008645533,1041
2022-06-23 14:00:00,0.18804258409785932,0.03058103975535168,1308
2022-06-23 15:00:00,0.16634762282091917,-0.000792393026941363,1262
2022-06-23 16:00:00,0.19915647226173544,0.044096728307254626,1406
2022-06-23 17:00:00,0.13766386418755053,-0.056588520614389654,1237
2022-06-23 18:00:00,0.11920726887791107,-0.05575158786167961,1417
2022-06-23 19:00:00,0.14710223642172524,-0.06150159744408946,1252
2022-06-23 20:00:00,0.22653268450932684,0.059205190592051905,1233
2022-06-23 21:00:00,0.10980128755364807,-0.05150214592274678,932
2022-06-23 22:00:00,0.12500253292806485,-0.04154002026342452,987
2022-06-23 23:00:00,0.16101387347391785,-0.04661487236403995,901
2022-06-24 00:00:00,0.0,0.0,0
2022-06-24 01:00:00,0.0,0.0,0
2022-06-24 02:00:00,0.0,0.0,0
2022-06-24 03:00:00,0.0,0.0,0
2022-06-24 04:00:00,0.0,0.0,0
2022-06-24 05:00:00,0.0,0.0,0
2022-06-24 06:00:00,0.0,0.0,0
2022-06-24 07:00:00,0.0,0.0,0
2022-06-24 08:00:00,0.0,0.0,0
2022-06-24 09:00:00,0.0,0.0,0
2022-06-24 10:00:00,0.0,0.0,0
2022-06-24 11:00:00,0.0,0.0,0
2022-06-24 12:00:00,0.0,0.0,0
2022-06-24 13:00:00,0.0,0.0,0
2022-06-24 14:00:00,0.0,0.0,0
2022-06-24 15:00:00,0.0,0.0,0
2022-06-24 16:00:00,0.2811298245614035,0.21052631578947367,57
2022-06-24 17:00:00,0.19217537593984962,-0.10714285714285714,532
2022-06-24 18:00:00,0.14218373101952278,-0.0824295010845987,461
2022-06-24 19:00:00,0.13795194805194805,-0.02857142857142857,385
2022-06-24 20:00:00,0.11699375000000001,-0.038461538461538464,416
2022-06-24 21:00:00,0.07804631578947369,-0.06578947368421052,380
2022-06-24 22:00:00,0.12624244791666667,-0.033854166666666664,384
2022-06-24 23:00:00,0.30763618421052635,-0.29385964912280704,456
2022-06-25 00:00:00,0.14878079470198677,-0.1986754966887417,302
2022-06-25 01:00:00,0.14308553459119497,-0.1540880503144654,318
2022-06-25 02:00:00,0.19511412639405204,0.02973977695167286,269
2022-06-25 03:00:00,0.11598836206896553,-0.017241379310344827,232
2022-06-25 04:00:00,0.09508844444444445,-0.017777777777777778,225
2022-06-25 05:00:00,0.10614497816593887,-0.03056768558951965,229
2022-06-25 06:00:00,0.17883220973782774,0.09737827715355805,267
2022-06-25 07:00:00,0.1497400576368876,0.040345821325648415,347
2022-06-25 08:00:00,0.1254821548821549,-0.006734006734006734,297
2022-06-25 09:00:00,0.13641666666666669,0.009615384615384616,312
2022-06-25 10:00:00,0.15064920634920634,0.03439153439153439,378
2022-06-25 11:00:00,0.17663108108108108,0.051351351351351354,370
2022-06-25 12:00:00,0.14540429234338748,0.008120649651972157,862
2022-06-25 13:00:00,0.14982989392478305,-0.021215043394406944,1037
2022-06-25 14:00:00,0.16536239015817222,-0.06239015817223199,1138
2022-06-25 15:00:00,0.1581115168539326,0.0046816479400749065,1068
2022-06-25 16:00:00,0.17530862851952772,0.015440508628519528,1101
2022-06-25 17:00:00,0.15508474576271186,-0.003766478342749529,1062
2022-06-25 18:00:00,0.19290769980506825,0.029239766081871343,1026
2022-06-25 19:00:00,0.11199709497206704,-0.04357541899441341,895
2022-06-25 20:00:00,0.13455066505441354,-0.015719467956469165,827
2022-06-25 21:00:00,0.12803966547192355,-0.07646356033452807,837
2022-06-25 22:00:00,0.1608148148148148,-0.017094017094017096,702
2022-06-25 23:00:00,0.14127003012048195,-0.009036144578313253,664
2022-06-26 00:00:00,0.13500517503805176,-0.0213089802130898,657
2022-06-26 01:00:00,0.12228457627118645,-0.030508474576271188,590
2022-06-26 02:00:00,0.1627801754385965,-0.007017543859649123,570
2022-06-26 03:00:00,0.1706889097744361,0.05075187969924812,532
2022-06-26 04:00:00,0.12812979127134724,0.017077798861480076,527
2022-06-26 05:00:00,0.12539913043478262,0.008695652173913044,575
2022-06-26 06:00:00,0.15497979502196194,0.0029282576866764276,683
2022-06-26 07:00:00,0.12670680628272252,-0.04712041884816754,764
2022-06-26 08:00:00,0.14567048567870486,-0.012453300124533,803
2022-06-26 09:00:00,0.1470951379763469,-0.01576872536136662,761
2022-06-26 10:00:00,0.2077279411764706,0.05514705882352941,816
2022-06-26 11:00:00,0.1566874334398296,0.014909478168264111,939
2022-06-26 12:00:00,0.1474713567839196,0.009212730318257957,1194
2022-06-26 13:00:00,0.17851647286821706,-0.03197674418604651,1032
2022-06-26 14:00:00,0.18387522299306244,0.05153617443012884,1009
2022-06-26 15:00:00,0.16955797629899727,0.023701002734731084,1097
2022-06-26 16:00:00,0.2018483318304779,0.004508566275924256,1109
2022-06-26 17:00:00,0.2210670349907919,0.03130755064456722,1086
2022-06-26 18:00:00,0.15263930131004366,0.026200873362445413,916
2022-06-26 19:00:00,0.1341086642599278,0.01684717208182912,831
2022-06-26 20:00:00,0.13660920881971467,-0.018158236057068743,771
2022-06-26 21:00:00,0.13293224967490247,-0.05721716514954486,769
2022-06-26 22:00:00,0.10456990291262137,-0.07766990291262135,721
2022-06-26 23:00:00,0.14338881309686222,0.0068212824010914054,733
2022-06-27 00:00:00,0.0,0.0,0
2022-06-27 01:00:00,0.0,0.0,0
2022-06-27 02:00:00,0.0,0.0,0
2022-06-27 03:00:00,0.0,0.0,0
2022-06-27 04:00:00,0.0,0.0,0
2022-06-27 05:00:00,0.0,0.0,0
2022-06-27 06:00:00,0.0,0.0,0
2022-06-27 07:00:00,0.0,0.0,0
2022-06-27 08:00:00,0.0,0.0,0
2022-06-27 09:00:00,0.0,0.0,0
2022-06-27 10:00:00,0.0,0.0,0
2022-06-27 11:00:00,0.0,0.0,0
2022-06-27 12:00:00,0.0,0.0,0
2022-06-27 13:00:00,0.0,0.0,0
2022-06-27 14:00:00,0.0,0.0,0
2022-06-27 15:00:00,0.0,0.0,0
2022-06-27 16:00:00,0.0,0.0,0
2022-06-27 17:00:00,0.0,0.0,0
2022-06-27 18:00:00,0.0,0.0,0
2022-06-27 19:00:00,0.0,0.0,0
2022-06-27 20:00:00,0.0,0.0,0
2022-06-27 21:00:00,0.0,0.0,0
2022-06-27 22:00:00,0.0,0.0,0
2022-06-27 23:00:00,0.0,0.0,0
2022-06-28 00:00:00,0.0,0.0,0
2022-06-28 01:00:00,0.0,0.0,0
2022-06-28 02:00:00,0.0,0.0,0
2022-06-28 03:00:00,0.0,0.0,0
2022-06-28 04:00:00,0.0,0.0,0
2022-06-28 05:00:00,0.0,0.0,0
2022-06-28 06:00:00,0.0,0.0,0
2022-06-28 07:00:00,0.0,0.0,0
2022-06-28 08:00:00,0.0,0.0,0
2022-06-28 09:00:00,0.0,0.0,0
2022-06-28 10:00:00,0.0,0.0,0
2022-06-28 11:00:00,0.0,0.0,0
2022-06-28 12:00:00,0.0,0.0,0
2022-06-28 13:00:00,0.10782429378531073,0.0,177
2022-06-28 14:00:00,0.15069301886792452,0.005660377358490566,530
2022-06-28 15:00:00,0.15807127659574466,0.01702127659574468,470
2022-06-28 16:00:00,0.1303933628318584,0.008849557522123894,452
2022-06-28 17:00:00,0.13651470588235295,-0.03571428571428571,476
2022-06-28 18:00:00,0.14966594488188975,-0.01968503937007874,508
2022-06-28 19:00:00,0.13895442708333333,0.0,384
2022-06-28 20:00:00,0.07572953367875648,-0.046632124352331605,386
2022-06-28 21:00:00,0.11283181818181817,-0.03636363636363636,330
2022-06-28 22:00:00,0.0944533950617284,-0.024691358024691357,324
2022-06-28 23:00:00,0.11081925675675676,-0.0472972972972973,296
2022-06-29 00:00:00,0.07115650887573965,-0.08579881656804733,338
2022-06-29 01:00:00,0.14516754098360657,-0.08196721311475409,305
2022-06-29 02:00:00,0.12365594855305466,-0.04180064308681672,311
2022-06-29 03:00:00,0.11458927444794954,0.0031545741324921135,317
2022-06-29 04:00:00,0.09391434426229509,-0.07377049180327869,244
2022-06-29 05:00:00,0.08482332361516035,-0.026239067055393587,343
2022-06-29 06:00:00,0.08600099403578529,-0.04572564612326044,503
2022-06-29 07:00:00,0.12428428874734607,-0.050955414012738856,471
2022-06-29 08:00:00,0.16937364130434784,0.059782608695652176,368
2022-06-29 09:00:00,0.14406820388349514,0.01699029126213592,412
2022-06-29 10:00:00,0.1393171195652174,-0.035326086956521736,368
2022-06-29 11:00:00,0.12076597222222223,-0.046296296296296294,432
2022-06-29 12:00:00,0.11000013642564802,-0.1009549795361528,1466
2022-06-29 13:00:00,0.11867002369668246,-0.05864928909952607,1688
2022-06-29 14:00:00,0.13260053120849935,-0.05112881806108898,1506
2022-06-29 15:00:00,0.13020014892032764,-0.039463886820551006,1343
2022-06-29 16:00:00,0.13142191679049034,-0.07206537890044576,1346
2022-06-29 17:00:00,0.12479502598366742,-0.066815144766147,1347
2022-06-29 18:00:00,0.17289928115015973,0.001597444089456869,1252
2022-06-29 19:00:00,0.13435881355932203,-0.06016949152542373,1180
2022-06-29 20:00:00,0.13026683291770574,-0.05236907730673317,1203
2022-06-29 21:00:00,0.13648066491688537,-0.12248468941382328,1143
2022-06-29 22:00:00,0.14430973084886128,-0.10766045548654245,966
2022-06-29 23:00:00,0.19565342465753427,-0.1906392694063927,876
2022-06-30 00:00:00,0.0,0.0,0
2022-06-30 01:00:00,0.0,0.0,0
2022-06-30 02:00:00,0.0,0.0,0
2022-06-30 03:00:00,0.0,0.0,0
2022-06-30 04:00:00,0.0,0.0,0
2022-06-30 05:00:00,0.0,0.0,0
2022-06-30 06:00:00,0.0,0.0,0
2022-06-30 07:00:00,0.0,0.0,0
2022-06-30 08:00:00,0.0,0.0,0
2022-06-30 09:00:00,0.0,0.0,0
2022-06-30 10:00:00,0.0,0.0,0
2022-06-30 11:00:00,0.0,0.0,0
2022-06-30 12:00:00,0.0,0.0,0
2022-06-30 13:00:00,0.0,0.0,0
2022-06-30 14:00:00,0.0,0.0,0
2022-06-30 15:00:00,0.0,0.0,0
2022-06-30 16:00:00,0.0,0.0,0
2022-06-30 17:00:00,0.0,0.0,0
2022-06-30 18:00:00,0.0,0.0,0
2022-06-30 19:00:00,0.0,0.0,0
2022-06-30 20:00:00,0.0,0.0,0
2022-06-30 21:00:00,0.0,0.0,0
2022-06-30 22:00:00,0.0,0.0,0
2022-06-30 23:00:00,0.0,0.0,0
2022-07-01 00:00:00,0.0,0.0,0
2022-07-01 01:00:00,0.0,0.0,0
2022-07-01 02:00:00,0.0,0.0,0
2022-07-01 03:00:00,0.0,0.0,0
2022-07-01 04:00:00,0.0,0.0,0
2022-07-01 05:00:00,0.0,0.0,0
2022-07-01 06:00:00,0.0,0.0,0
2022-07-01 07:00:00,0.0,0.0,0
2022-07-01 08:00:00,0.0,0.0,0
2022-07-01 09:00:00,0.0,0.0,0
2022-07-01 10:00:00,0.0,0.0,0
2022-07-01 11:00:00,0.0,0.0,0
2022-07-01 12:00:00,0.0,0.0,0
2022-07-01 13:00:00,0.0,0.0,0
2022-07-01 14:00:00,0.0,0.0,0
2022-07-01 15:00:00,0.0,0.0,0
2022-07-01 16:00:00,0.0,0.0,0
2022-07-01 17:00:00,0.0,0.0,0
2022-07-01 18:00:00,0.0,0.0,0
2022-07-01 19:00:00,0.0,0.0,0
2022-07-01 20:00:00,0.0,0.0,0
2022-07-01 21:00:00,0.0,0.0,0
2022-07-01 22:00:00,0.0,0.0,0
2022-07-01 23:00:00,0.0,0.0,0
2022-07-02 00:00:00,0.0,0.0,0
2022-07-02 01:00:00,0.0,0.0,0
2022-07-02 02:00:00,0.0,0.0,0
2022-07-02 03:00:00,0.0,0.0,0
2022-07-02 04:00:00,0.0,0.0,0
2022-07-02 05:00:00,0.0,0.0,0
2022-07-02 06:00:00,0.0,0.0,0
2022-07-02 07:00:00,0.0,0.0,0
2022-07-02 08:00:00,0.0,0.0,0
2022-07-02 09:00:00,0.0,0.0,0
2022-07-02 10:00:00,0.0,0.0,0
2022-07-02 11:00:00,0.0,0.0,0
2022-07-02 12:00:00,0.0,0.0,0
2022-07-02 13:00:00,0.0,0.0,0
2022-07-02 14:00:00,0.0,0.0,0
2022-07-02 15:00:00,0.0,0.0,0
2022-07-02 16:00:00,0.0,0.0,0
2022-07-02 17:00:00,0.09405119047619048,-0.08333333333333333,252
2022-07-02 18:00:00,0.1358289264413519,-0.03180914512922465,1006
2022-07-02 19:00:00,0.12224983012457531,-0.06002265005662514,883
2022-07-02 20:00:00,0.14736414392059552,-0.038461538461538464,806
2022-07-02 21:00:00,0.11152401091405184,-0.04229195088676671,733
2022-07-02 22:00:00,0.1348123796423659,-0.05364511691884457,727
2022-07-02 23:00:00,0.0996391304347826,-0.06159420289855073,552
2022-07-03 00:00:00,0.0,0.0,0
2022-07-03 01:00:00,0.0,0.0,0
2022-07-03 02:00:00,0.0,0.0,0
2022-07-03 03:00:00,0.0,0.0,0
2022-07-03 04:00:00,0.0,0.0,0
2022-07-03 05:00:00,0.0,0.0,0
2022-07-03 06:00:00,0.0,0.0,0
2022-07-03 07:00:00,0.0,0.0,0
2022-07-03 08:00:00,0.0,0.0,0
2022-07-03 09:00:00,0.0,0.0,0
2022-07-03 10:00:00,0.0,0.0,0
2022-07-03 11:00:00,0.15761658291457287,0.010050251256281407,398
2022-07-03 12:00:00,0.155215350877193,-0.043859649122807015,684
2022-07-03 13:00:00,0.1617917214191853,-0.04730617608409987,761
2022-07-03 14:00:00,0.1922934463276836,-0.08700564971751412,885
2022-07-03 15:00:00,0.14026182572614107,-0.040110650069156296,723
2022-07-03 16:00:00,0.13423778735632186,-0.04454022988505747,696
2022-07-03 17:00:00,0.15790026917900404,-0.016150740242261104,743
2022-07-03 18:00:00,0.16192660668380462,-0.014138817480719794,778
2022-07-03 19:00:00,0.1547431654676259,-0.027338129496402876,695
2022-07-03 20:00:00,0.13664552023121387,-0.049132947976878616,692
2022-07-03 21:00:00,0.11878427299703263,-0.08456973293768547,674
2022-07-03 22:00:00,0.11747384155455905,-0.09118086696562033,669
2022-07-03 23:00:00,0.13446885456885457,-0.09395109395109395,777
2022-07-04 00:00:00,0.0,0.0,0
2022-07-04 01:00:00,0.0,0.0,0
2022-07-04 02:00:00,0.0,0.0,0
2022-07-04 03:00:00,0.0,0.0,0
2022-07-04 04:00:00,0.0,0.0,0
2022-07-04 05:00:00,0.0,0.0,0
2022-07-04 06:00:00,0.0,0.0,0
2022-07-04 07:00:00,0.0,0.0,0
2022-07-04 08:00:00,0.0,0.0,0
2022-07-04 09:00:00,0.0,0.0,0
2022-07-04 10:00:00,0.0,0.0,0
2022-07-04 11:00:00,0.0,0.0,0
2022-07-04 12:00:00,0.0,0.0,0
2022-07-04 13:00:00,0.0,0.0,0
2022-07-04 14:00:00,0.0,0.0,0
2022-07-04 15:00:00,0.0,0.0,0
2022-07-04 16:00:00,0.0,0.0,0
2022-07-04 17:00:00,0.0,0.0,0
2022-07-04 18:00:00,0.0,0.0,0
2022-07-04 19:00:00,0.0,0.0,0
2022-07-04 20:00:00,0.0,0.0,0
2022-07-04 21:00:00,0.0,0.0,0
2022-07-04 22:00:00,0.0,0.0,0
2022-07-04 23:00:00,0.0,0.0,0
2022-07-05 00:00:00,0.0,0.0,0
2022-07-05 01:00:00,0.0,0.0,0
2022-07-05 02:00:00,0.0,0.0,0
2022-07-05 03:00:00,0.0,0.0,0
2022-07-05 04:00:00,0.0,0.0,0
2022-07-05 05:00:00,0.0,0.0,0
2022-07-05 06:00:00,0.0,0.0,0
2022-07-05 07:00:00,0.0,0.0,0
2022-07-05 08:00:00,0.0,0.0,0
2022-07-05 09:00:00,0.0,0.0,0
2022-07-05 10:00:00,0.0,0.0,0
2022-07-05 11:00:00,0.0,0.0,0
2022-07-05 12:00:00,0.0,0.0,0
2022-07-05 13:00:00,0.0,0.0,0
2022-07-05 14:00:00,0.0,0.0,0
2022-07-05 15:00:00,0.0,0.0,0
2022-07-05 16:00:00,0.0,0.0,0
2022-07-05 17:00:00,0.0,0.0,0
2022-07-05 18:00:00,0.0,0.0,0
2022-07-05 19:00:00,0.0,0.0,0
2022-07-05 20:00:00,0.0,0.0,0
2022-07-05 21:00:00,0.0,0.0,0
2022-07-05 22:00:00,0.0,0.0,0
2022-07-05 23:00:00,0.0,0.0,0
2022-07-06 00:00:00,0.0,0.0,0
2022-07-06 01:00:00,0.0,0.0,0
2022-07-06 02:00:00,0.0,0.0,0
2022-07-06 03:00:00,0.0,0.0,0
2022-07-06 04:00:00,0.0,0.0,0
2022-07-06 05:00:00,0.0,0.0,0
2022-07-06 06:00:00,0.0,0.0,0
2022-07-06 07:00:00,0.0,0.0,0
2022-07-06 08:00:00,0.0,0.0,0
2022-07-06 09:00:00,0.0,0.0,0
2022-07-06 10:00:00,0.0,0.0,0
2022-07-06 11:00:00,0.0,0.0,0
2022-07-06 12:00:00,0.0,0.0,0
2022-07-06 13:00:00,0.0,0.0,0
2022-07-06 14:00:00,0.0,0.0,0
2022-07-06 15:00:00,0.0,0.0,0
2022-07-06 16:00:00,0.0,0.0,0
2022-07-06 17:00:00,0.0,0.0,0
2022-07-06 18:00:00,0.0,0.0,0
2022-07-06 19:00:00,0.0,0.0,0
2022-07-06 20:00:00,0.0,0.0,0
2022-07-06 21:00:00,0.0,0.0,0
2022-07-06 22:00:00,0.0,0.0,0
2022-07-06 23:00:00,0.0,0.0,0
2022-07-07 00:00:00,0.0,0.0,0
2022-07-07 01:00:00,0.0,0.0,0
2022-07-07 02:00:00,0.0,0.0,0
2022-07-07 03:00:00,0.0,0.0,0
2022-07-07 04:00:00,0.0,0.0,0
2022-07-07 05:00:00,0.0,0.0,0
2022-07-07 06:00:00,0.0,0.0,0
2022-07-07 07:00:00,0.0,0.0,0
2022-07-07 08:00:00,0.0,0.0,0
2022-07-07 09:00:00,0.0,0.0,0
2022-07-07 10:00:00,0.0,0.0,0
2022-07-07 11:00:00,0.0,0.0,0
2022-07-07 12:00:00,0.0,0.0,0
2022-07-07 13:00:00,0.0,0.0,0
2022-07-07 14:00:00,0.0,0.0,0
2022-07-07 15:00:00,0.0,0.0,0
2022-07-07 16:00:00,0.0,0.0,0
2022-07-07 17:00:00,0.0,0.0,0
2022-07-07 18:00:00,0.0,0.0,0
2022-07-07 19:00:00,0.0,0.0,0
2022-07-07 20:00:00,0.0,0.0,0
2022-07-07 21:00:00,0.0,0.0,0
2022-07-07 22:00:00,0.0,0.0,0
2022-07-07 23:00:00,0.0,0.0,0
2022-07-08 00:00:00,0.0,0.0,0
2022-07-08 01:00:00,0.0,0.0,0
2022-07-08 02:00:00,0.0,0.0,0
2022-07-08 03:00:00,0.0,0.0,0
2022-07-08 04:00:00,0.0,0.0,0
2022-07-08 05:00:00,0.0,0.0,0
2022-07-08 06:00:00,0.0,0.0,0
2022-07-08 07:00:00,0.0,0.0,0
2022-07-08 08:00:00,0.0,0.0,0
2022-07-08 09:00:00,0.0,0.0,0
2022-07-08 10:00:00,0.0,0.0,0
2022-07-08 11:00:00,0.0,0.0,0
2022-07-08 12:00:00,0.0,0.0,0
2022-07-08 13:00:00,0.0,0.0,0
2022-07-08 14:00:00,0.0,0.0,0
2022-07-08 15:00:00,0.0,0.0,0
2022-07-08 16:00:00,0.0,0.0,0
2022-07-08 17:00:00,0.0,0.0,0
2022-07-08 18:00:00,0.0,0.0,0
2022-07-08 19:00:00,0.0,0.0,0
2022-07-08 20:00:00,0.0,0.0,0
2022-07-08 21:00:00,0.0,0.0,0
2022-07-08 22:00:00,0.0,0.0,0
2022-07-08 23:00:00,0.0,0.0,0
2022-07-09 00:00:00,0.0,0.0,0
2022-07-09 01:00:00,0.0,0.0,0
2022-07-09 02:00:00,0.0,0.0,0
2022-07-09 03:00:00,0.0,0.0,0
2022-07-09 04:00:00,0.0,0.0,0
2022-07-09 05:00:00,0.0,0.0,0
2022-07-09 06:00:00,0.0,0.0,0
2022-07-09 07:00:00,0.0,0.0,0
2022-07-09 08:00:00,0.0,0.0,0
2022-07-09 09:00:00,0.0,0.0,0
2022-07-09 10:00:00,0.0,0.0,0
2022-07-09 11:00:00,0.0,0.0,0
2022-07-09 12:00:00,0.0,0.0,0
2022-07-09 13:00:00,0.0,0.0,0
2022-07-09 14:00:00,0.0,0.0,0
2022-07-09 15:00:00,0.0,0.0,0
2022-07-09 16:00:00,0.0,0.0,0
2022-07-09 17:00:00,0.0,0.0,0
2022-07-09 18:00:00,0.0,0.0,0
2022-07-09 19:00:00,0.0,0.0,0
2022-07-09 20:00:00,0.0,0.0,0
2022-07-09 21:00:00,0.0,0.0,0
2022-07-09 22:00:00,0.0,0.0,0
2022-07-09 23:00:00,0.0,0.0,0
2022-07-10 00:00:00,0.0,0.0,0
2022-07-10 01:00:00,0.0,0.0,0
2022-07-10 02:00:00,0.0,0.0,0
2022-07-10 03:00:00,0.0,0.0,0
2022-07-10 04:00:00,0.0,0.0,0
2022-07-10 05:00:00,0.0,0.0,0
2022-07-10 06:00:00,0.0,0.0,0
2022-07-10 07:00:00,0.0,0.0,0
2022-07-10 08:00:00,0.0,0.0,0
2022-07-10 09:00:00,0.0,0.0,0
2022-07-10 10:00:00,0.0,0.0,0
2022-07-10 11:00:00,0.0,0.0,0
2022-07-10 12:00:00,0.0,0.0,0
2022-07-10 13:00:00,0.0,0.0,0
2022-07-10 14:00:00,0.0,0.0,0
2022-07-10 15:00:00,0.0,0.0,0
2022-07-10 16:00:00,0.0,0.0,0
2022-07-10 17:00:00,0.0,0.0,0
2022-07-10 18:00:00,0.0,0.0,0
2022-07-10 19:00:00,0.0,0.0,0
2022-07-10 20:00:00,0.0,0.0,0
2022-07-10 21:00:00,0.0,0.0,0
2022-07-10 22:00:00,0.0,0.0,0
2022-07-10 23:00:00,0.0,0.0,0
2022-07-11 00:00:00,0.0,0.0,0
2022-07-11 01:00:00,0.0,0.0,0
2022-07-11 02:00:00,0.0,0.0,0
2022-07-11 03:00:00,0.0,0.0,0
2022-07-11 04:00:00,0.0,0.0,0
2022-07-11 05:00:00,0.0,0.0,0
2022-07-11 06:00:00,0.0,0.0,0
2022-07-11 07:00:00,0.0,0.0,0
2022-07-11 08:00:00,0.0,0.0,0
2022-07-11 09:00:00,0.0,0.0,0
2022-07-11 10:00:00,0.0,0.0,0
2022-07-11 11:00:00,0.0,0.0,0
2022-07-11 12:00:00,0.0,0.0,0
2022-07-11 13:00:00,0.0,0.0,0
2022-07-11 14:00:00,0.0,0.0,0
2022-07-11 15:00:00,0.12372926829268292,-0.06097560975609756,246
2022-07-11 16:00:00,0.11467857142857144,-0.03439153439153439,378
2022-07-11 17:00:00,0.11932912621359223,-0.07281553398058252,412
2022-07-11 18:00:00,0.10640264423076923,-0.0673076923076923,416
2022-07-11 19:00:00,0.15352233766233767,-0.07012987012987013,385
2022-07-11 20:00:00,0.08305090909090909,-0.09090909090909091,385
2022-07-11 21:00:00,0.10170210772833724,-0.1053864168618267,427
2022-07-11 22:00:00,0.13413264033264033,-0.08731808731808732,481
2022-07-11 23:00:00,0.08565673575129533,-0.11917098445595854,386
2022-07-12 00:00:00,0.09182367021276595,-0.12234042553191489,376
2022-07-12 01:00:00,0.12803020527859238,-0.1378299120234604,341
2022-07-12 02:00:00,0.1287337037037037,-0.08148148148148149,270
2022-07-12 03:00:00,0.11225943396226416,-0.07861635220125786,318
2022-07-12 04:00:00,0.07253594470046083,-0.15207373271889402,217
2022-07-12 05:00:00,0.09428779527559056,-0.10236220472440945,254
2022-07-12 06:00:00,0.1578556634304207,-0.0744336569579288,309
2022-07-12 07:00:00,0.14340262529832937,-0.057279236276849645,419
2022-07-12 08:00:00,0.020343117408906885,-0.0465587044534413,494
2022-07-12 09:00:00,0.15093729603729603,-0.06293706293706294,429
2022-07-12 10:00:00,0.13971304347826088,-0.030690537084398978,391
2022-07-12 11:00:00,0.09261760391198044,-0.07090464547677261,409
2022-07-12 12:00:00,0.1511897603485839,-0.02832244008714597,459
2022-07-12 13:00:00,0.14183123425692695,-0.015113350125944584,397
2022-07-12 14:00:00,0.1661828193832599,-0.04185022026431718,454
2022-07-12 15:00:00,0.147103125,-0.06971153846153846,416
2022-07-12 16:00:00,0.13377291139240508,-0.0759493670886076,395
2022-07-12 17:00:00,0.1411889189189189,-0.05405405405405406,370
2022-07-12 18:00:00,0.18641515957446808,-0.02925531914893617,376
2022-07-12 19:00:00,0.08169641577060932,-0.10931899641577061,558
2022-07-12 20:00:00,0.10109251207729468,-0.12560386473429952,414
2022-07-12 21:00:00,0.12784394366197183,-0.1267605633802817,355
2022-07-12 22:00:00,0.04291469816272966,-0.06824146981627296,381
2022-07-12 23:00:00,0.07990471380471381,-0.09764309764309764,297
2022-07-13 00:00:00,0.07365151515151515,-0.1303030303030303,330
2022-07-13 01:00:00,0.1444336032388664,-0.11336032388663968,247
2022-07-13 02:00:00,0.10981008771929825,-0.09649122807017543,228
2022-07-13 03:00:00,0.07159444444444445,-0.0641025641025641,234
2022-07-13 04:00:00,0.04424014598540146,-0.06204379562043796,274
2022-07-13 05:00:00,0.1039093023255814,-0.07751937984496124,258
2022-07-13 06:00:00,0.09966666666666667,-0.10784313725490197,306
2022-07-13 07:00:00,0.01901666666666667,-0.22510822510822512,462
2022-07-13 08:00:00,0.11167774869109948,-0.07329842931937172,382
2022-07-13 09:00:00,0.16141388888888888,-0.03333333333333333,360
2022-07-13 10:00:00,0.12244308681672025,-0.0594855305466238,622
2022-07-13 11:00:00,0.14067516483516482,-0.05824175824175824,910
2022-07-13 12:00:00,0.0883621407333994,-0.11199207135777998,2018
2022-07-13 13:00:00,0.0854420744680851,-0.11117021276595744,1880
2022-07-13 14:00:00,0.11712182490752157,-0.08631319358816276,1622
2022-07-13 15:00:00,0.13220083333333332,-0.06893939393939394,1320
2022-07-13 16:00:00,0.13487548337200309,-0.03402938901778809,1293
2022-07-13 17:00:00,0.12595158791634392,-0.05964368706429125,1291
2022-07-13 18:00:00,0.0993945,-0.085,1200
2022-07-13 19:00:00,0.10608424124513618,-0.07976653696498054,1028
2022-07-13 20:00:00,0.09992245108135941,-0.07415036045314109,971
2022-07-13 21:00:00,0.14003051428571428,-0.09828571428571428,875
2022-07-13 22:00:00,0.09395488215488217,-0.10662177328843996,891
2022-07-13 23:00:00,0.08750981856990395,-0.064034151547492,937
2022-07-14 00:00:00,0.14153912063134158,-0.06764374295377677,887
2022-07-14 01:00:00,0.18870775026910655,-0.06781485468245425,929
2022-07-14 02:00:00,0.08309362363919129,-0.08864696734059098,643
2022-07-14 03:00:00,0.13558015267175574,-0.035114503816793895,655
2022-07-14 04:00:00,0.10054524207011686,-0.08013355592654424,599
2022-07-14 05:00:00,0.10827551342812006,-0.07109004739336493,633
2022-07-14 06:00:00,0.16857079407806191,-0.07806191117092867,743
2022-07-14 07:00:00,0.08624541666666666,-0.07361111111111111,720
2022-07-14 08:00:00,0.11551992528019926,-0.04234122042341221,803
2022-07-14 09:00:00,0.1483228540772532,-0.003218884120171674,932
2022-07-14 10:00:00,0.13903659976387248,-0.05430932703659976,847
2022-07-14 11:00:00,0.12155468245425188,-0.04305705059203445,929
2022-07-14 12:00:00,0.13151017964071857,-0.04590818363273453,501
2022-07-14 13:00:00,0.14178296422487224,-0.04258943781942078,1174
2022-07-14 14:00:00,0.18638151260504202,-0.07868601986249045,1309
2022-07-14 15:00:00,0.15126271428571428,-0.0035714285714285713,1400
2022-07-14 16:00:00,0.18468043654001617,0.019401778496362168,1237
2022-07-14 17:00:00,0.21448080393765384,0.054142739950779326,1219
2022-07-14 18:00:00,0.18955131375579598,0.021638330757341576,1294
2022-07-14 19:00:00,0.21207072560467058,0.07005838198498748,1199
2022-07-14 20:00:00,0.20315791543756145,0.038348082595870206,1017
2022-07-14 21:00:00,0.11170037546933667,-0.10513141426783479,799
2022-07-14 22:00:00,0.13165213068181816,-0.028409090909090908,704
2022-07-14 23:00:00,0.13437107692307693,0.007692307692307693,650
2022-07-15 00:00:00,0.13408391812865497,-0.04093567251461988,684
2022-07-15 01:00:00,0.18233368983957218,0.0035650623885918,561
2022-07-15 02:00:00,0.21178959276018103,-0.08446455505279035,663
2022-07-15 03:00:00,0.16271993006993007,-0.015734265734265736,572
2022-07-15 04:00:00,0.21523928571428572,-0.07467532467532467,616
2022-07-15 05:00:00,0.14093539325842697,-0.052434456928838954,534
2022-07-15 06:00:00,0.13624808917197453,-0.03980891719745223,628
2022-07-15 07:00:00,0.16788205128205128,-0.0675990675990676,858
2022-07-15 08:00:00,0.12596912181303116,-0.04107648725212465,706
2022-07-15 09:00:00,0.15265886524822697,0.010638297872340425,846
2022-07-15 10:00:00,0.156109375,-0.009510869565217392,736
2022-07-15 11:00:00,0.16336554913294798,-0.013872832369942197,865
2022-07-15 12:00:00,0.12525624309392264,-0.028729281767955802,905
2022-07-15 13:00:00,0.1400339068825911,-0.018218623481781375,988
2022-07-15 14:00:00,0.13898260056127223,-0.0823199251637044,1069
2022-07-15 15:00:00,0.16282060301507537,-0.034170854271356785,995
2022-07-15 16:00:00,0.163352394106814,-0.0423572744014733,1086
2022-07-15 17:00:00,0.17399421661409042,-0.029442691903259727,951
2022-07-15 18:00:00,0.14483056133056132,-0.0841995841995842,962
2022-07-15 19:00:00,0.1472080967402734,-0.056782334384858045,951
2022-07-15 20:00:00,0.1068791449426486,-0.09384775808133472,959
2022-07-15 21:00:00,0.13367121820615796,-0.09236947791164658,747
2022-07-15 22:00:00,0.1782280245022971,0.01225114854517611,653
2022-07-15 23:00:00,0.13305967213114753,-0.12295081967213115,610
2022-07-16 00:00:00,0.11422365079365078,-0.06984126984126984,630
2022-07-16 01:00:00,0.141762109375,-0.1015625,512
2022-07-16 02:00:00,0.12435422138836773,-0.07317073170731707,533
2022-07-16 03:00:00,0.14990732673267326,-0.06732673267326733,505
2022-07-16 04:00:00,0.13601721132897604,-0.06971677559912855,459
2022-07-16 05:00:00,0.10088513761467889,-0.06605504587155964,545
2022-07-16 06:00:00,0.16578906009244992,-0.04468412942989214,649
2022-07-16 07:00:00,0.13495174603174603,-0.014285714285714285,630
2022-07-16 08:00:00,0.16089018003273323,0.0032733224222585926,611
2022-07-16 09:00:00,0.11463984,-0.064,625
2022-07-16 10:00:00,0.15363482280431434,-0.046224961479198766,649
2022-07-16 11:00:00,0.14559973262032086,-0.04946524064171123,748
2022-07-16 12:00:00,0.10733765642775882,-0.09897610921501707,879
2022-07-16 13:00:00,0.14981593714927047,-0.031425364758698095,891
2022-07-16 14:00:00,0.1528954601226994,-0.05889570552147239,815
2022-07-16 15:00:00,0.13746522702104097,-0.009966777408637873,903
2022-07-16 16:00:00,0.16281684532924962,-0.01761102603369066,1306
2022-07-16 17:00:00,0.14851425702811244,-0.03714859437751004,996
2022-07-16 18:00:00,0.10115133630289533,-0.10356347438752785,898
2022-07-16 19:00:00,0.14279541899441342,-0.049162011173184354,895
2022-07-16 20:00:00,0.15847303797468354,-0.05569620253164557,790
2022-07-16 21:00:00,0.17857958333333335,-0.0375,720
2022-07-16 22:00:00,0.1427127819548872,-0.08270676691729323,665
2022-07-16 23:00:00,0.16314542372881355,-0.09322033898305085,590
2022-07-17 00:00:00,0.0,0.0,0
2022-07-17 01:00:00,0.0,0.0,0
2022-07-17 02:00:00,0.0,0.0,0
2022-07-17 03:00:00,0.0,0.0,0
2022-07-17 04:00:00,0.0,0.0,0
2022-07-17 05:00:00,0.0,0.0,0
2022-07-17 06:00:00,0.0,0.0,0
2022-07-17 07:00:00,0.0,0.0,0
2022-07-17 08:00:00,0.0,0.0,0
2022-07-17 09:00:00,0.0,0.0,0
2022-07-17 10:00:00,0.08651860465116279,0.09302325581395349,43
2022-07-17 11:00:00,0.1611408088235294,-0.04779411764705882,272
2022-07-17 12:00:00,0.16579492753623187,-0.057971014492753624,276
2022-07-17 13:00:00,0.151027,-0.0575,400
2022-07-17 14:00:00,0.18196888888888887,-0.08253968253968254,315
2022-07-17 15:00:00,0.1588695652173913,-0.057971014492753624,276
2022-07-17 16:00:00,0.14589929824561404,-0.07017543859649122,570
2022-07-17 17:00:00,0.18483946322067593,-0.05069582504970179,1006
2022-07-17 18:00:00,0.11469412780656303,-0.0690846286701209,1158
2022-07-17 19:00:00,0.1256554491017964,-0.0718562874251497,835
2022-07-17 20:00:00,0.11794736211031175,-0.049160671462829736,834
2022-07-17 21:00:00,0.09760065104166667,-0.08072916666666667,768
2022-07-17 22:00:00,0.16487819063004847,-0.07269789983844911,619
2022-07-17 23:00:00,0.1526433962264151,-0.062409288824383166,689
2022-07-18 00:00:00,0.0,0.0,0
2022-07-18 01:00:00,0.0,0.0,0
2022-07-18 02:00:00,0.0,0.0,0
2022-07-18 03:00:00,0.0,0.0,0
2022-07-18 04:00:00,0.0,0.0,0
2022-07-18 05:00:00,0.0,0.0,0
2022-07-18 06:00:00,0.0,0.0,0
2022-07-18 07:00:00,0.0,0.0,0
2022-07-18 08:00:00,0.0,0.0,0
2022-07-18 09:00:00,0.0,0.0,0
2022-07-18 10:00:00,0.0,0.0,0
2022-07-18 11:00:00,0.0,0.0,0
2022-07-18 12:00:00,0.0,0.0,0
2022-07-18 13:00:00,0.0,0.0,0
2022-07-18 14:00:00,0.0,0.0,0
2022-07-18 15:00:00,0.0,0.0,0
2022-07-18 16:00:00,0.0,0.0,0
2022-07-18 17:00:00,0.0,0.0,0
2022-07-18 18:00:00,0.0,0.0,0
2022-07-18 19:00:00,0.0,0.0,0
2022-07-18 20:00:00,0.0,0.0,0
2022-07-18 21:00:00,0.0,0.0,0
2022-07-18 22:00:00,0.0,0.0,0
2022-07-18 23:00:00,0.0,0.0,0
2022-07-19 00:00:00,0.0,0.0,0
2022-07-19 01:00:00,0.0,0.0,0
2022-07-19 02:00:00,0.0,0.0,0
2022-07-19 03:00:00,0.0,0.0,0
2022-07-19 04:00:00,0.0,0.0,0
2022-07-19 05:00:00,0.0,0.0,0
2022-07-19 06:00:00,0.0,0.0,0
2022-07-19 07:00:00,0.0,0.0,0
2022-07-19 08:00:00,0.0,0.0,0
2022-07-19 09:00:00,0.0,0.0,0
2022-07-19 10:00:00,0.0,0.0,0
2022-07-19 11:00:00,0.0,0.0,0
2022-07-19 12:00:00,0.0,0.0,0
2022-07-19 13:00:00,0.0,0.0,0
2022-07-19 14:00:00,0.0,0.0,0
2022-07-19 15:00:00,0.0,0.0,0
2022-07-19 16:00:00,0.0,0.0,0
2022-07-19 17:00:00,0.0,0.0,0
2022-07-19 18:00:00,0.0,0.0,0
2022-07-19 19:00:00,0.0,0.0,0
2022-07-19 20:00:00,0.0,0.0,0
2022-07-19 21:00:00,0.0,0.0,0
2022-07-19 22:00:00,0.0,0.0,0
2022-07-19 23:00:00,0.0,0.0,0
2022-07-20 00:00:00,0.0,0.0,0
2022-07-20 01:00:00,0.0,0.0,0
2022-07-20 02:00:00,0.0,0.0,0
2022-07-20 03:00:00,0.0,0.0,0
2022-07-20 04:00:00,0.0,0.0,0
2022-07-20 05:00:00,0.0,0.0,0
2022-07-20 06:00:00,0.0,0.0,0
2022-07-20 07:00:00,0.0,0.0,0
2022-07-20 08:00:00,0.0,0.0,0
2022-07-20 09:00:00,0.0,0.0,0
2022-07-20 10:00:00,0.0,0.0,0
2022-07-20 11:00:00,0.0,0.0,0
2022-07-20 12:00:00,0.0,0.0,0
2022-07-20 13:00:00,0.0,0.0,0
2022-07-20 14:00:00,0.0,0.0,0
2022-07-20 15:00:00,0.0,0.0,0
2022-07-20 16:00:00,0.0,0.0,0
2022-07-20 17:00:00,0.0,0.0,0
2022-07-20 18:00:00,0.0,0.0,0
2022-07-20 19:00:00,0.0,0.0,0
2022-07-20 20:00:00,0.0,0.0,0
2022-07-20 21:00:00,0.0,0.0,0
2022-07-20 22:00:00,0.0,0.0,0
2022-07-20 23:00:00,0.0,0.0,0
2022-07-21 00:00:00,0.0,0.0,0
2022-07-21 01:00:00,0.0,0.0,0
2022-07-21 02:00:00,0.0,0.0,0
2022-07-21 03:00:00,0.0,0.0,0
2022-07-21 04:00:00,0.0,0.0,0
2022-07-21 05:00:00,0.0,0.0,0
2022-07-21 06:00:00,0.0,0.0,0
2022-07-21 07:00:00,0.0,0.0,0
2022-07-21 08:00:00,0.0,0.0,0
2022-07-21 09:00:00,0.0,0.0,0
2022-07-21 10:00:00,0.0,0.0,0
2022-07-21 11:00:00,0.0,0.0,0
2022-07-21 12:00:00,0.0,0.0,0
2022-07-21 13:00:00,0.0,0.0,0
2022-07-21 14:00:00,0.0,0.0,0
2022-07-21 15:00:00,0.0,0.0,0
2022-07-21 16:00:00,0.0,0.0,0
2022-07-21 17:00:00,0.0,0.0,0
2022-07-21 18:00:00,0.0,0.0,0
2022-07-21 19:00:00,0.0,0.0,0
2022-07-21 20:00:00,0.0,0.0,0
2022-07-21 21:00:00,0.0,0.0,0
2022-07-21 22:00:00,0.0,0.0,0
2022-07-21 23:00:00,0.0,0.0,0
2022-07-22 00:00:00,0.0,0.0,0
2022-07-22 01:00:00,0.0,0.0,0
2022-07-22 02:00:00,0.0,0.0,0
2022-07-22 03:00:00,0.0,0.0,0
2022-07-22 04:00:00,0.0,0.0,0
2022-07-22 05:00:00,0.0,0.0,0
2022-07-22 06:00:00,0.0,0.0,0
2022-07-22 07:00:00,0.0,0.0,0
2022-07-22 08:00:00,0.0,0.0,0
2022-07-22 09:00:00,0.0,0.0,0
2022-07-22 10:00:00,0.0,0.0,0
2022-07-22 11:00:00,0.0,0.0,0
2022-07-22 12:00:00,0.0,0.0,0
2022-07-22 13:00:00,0.0,0.0,0
2022-07-22 14:00:00,0.0,0.0,0
2022-07-22 15:00:00,0.0,0.0,0
2022-07-22 16:00:00,0.0,0.0,0
2022-07-22 17:00:00,0.0,0.0,0
2022-07-22 18:00:00,0.0,0.0,0
2022-07-22 19:00:00,0.0,0.0,0
2022-07-22 20:00:00,0.0,0.0,0
2022-07-22 21:00:00,0.0,0.0,0
2022-07-22 22:00:00,0.0,0.0,0
2022-07-22 23:00:00,0.0,0.0,0
2022-07-23 00:00:00,0.0,0.0,0
2022-07-23 01:00:00,0.0,0.0,0
2022-07-23 02:00:00,0.0,0.0,0
2022-07-23 03:00:00,0.0,0.0,0
2022-07-23 04:00:00,0.0,0.0,0
2022-07-23 05:00:00,0.0,0.0,0
2022-07-23 06:00:00,0.0,0.0,0
2022-07-23 07:00:00,0.0,0.0,0
2022-07-23 08:00:00,0.0,0.0,0
2022-07-23 09:00:00,0.0,0.0,0
2022-07-23 10:00:00,0.0,0.0,0
2022-07-23 11:00:00,0.0,0.0,0
2022-07-23 12:00:00,0.0,0.0,0
2022-07-23 13:00:00,0.0,0.0,0
2022-07-23 14:00:00,0.0,0.0,0
2022-07-23 15:00:00,0.0,0.0,0
2022-07-23 16:00:00,0.0,0.0,0
2022-07-23 17:00:00,0.0,0.0,0
2022-07-23 18:00:00,0.0,0.0,0
2022-07-23 19:00:00,0.0,0.0,0
2022-07-23 20:00:00,0.0,0.0,0
2022-07-23 21:00:00,0.0,0.0,0
2022-07-23 22:00:00,0.0,0.0,0
2022-07-23 23:00:00,0.0,0.0,0
2022-07-24 00:00:00,0.0,0.0,0
2022-07-24 01:00:00,0.0,0.0,0
2022-07-24 02:00:00,0.0,0.0,0
2022-07-24 03:00:00,0.0,0.0,0
2022-07-24 04:00:00,0.0,0.0,0
2022-07-24 05:00:00,0.0,0.0,0
2022-07-24 06:00:00,0.0,0.0,0
2022-07-24 07:00:00,0.0,0.0,0
2022-07-24 08:00:00,0.0,0.0,0
2022-07-24 09:00:00,0.0,0.0,0
2022-07-24 10:00:00,0.0,0.0,0
2022-07-24 11:00:00,0.0,0.0,0
2022-07-24 12:00:00,0.0,0.0,0
2022-07-24 13:00:00,0.0,0.0,0
2022-07-24 14:00:00,0.0,0.0,0
2022-07-24 15:00:00,0.0,0.0,0
2022-07-24 16:00:00,0.0,0.0,0
2022-07-24 17:00:00,0.0,0.0,0
2022-07-24 18:00:00,0.0,0.0,0
2022-07-24 19:00:00,0.0,0.0,0
2022-07-24 20:00:00,0.0,0.0,0
2022-07-24 21:00:00,0.0,0.0,0
2022-07-24 22:00:00,0.0,0.0,0
2022-07-24 23:00:00,0.0,0.0,0
2022-07-25 00:00:00,0.0,0.0,0
2022-07-25 01:00:00,0.0,0.0,0
2022-07-25 02:00:00,0.0,0.0,0
2022-07-25 03:00:00,0.0,0.0,0
2022-07-25 04:00:00,0.0,0.0,0
2022-07-25 05:00:00,0.0,0.0,0
2022-07-25 06:00:00,0.0,0.0,0
2022-07-25 07:00:00,0.0,0.0,0
2022-07-25 08:00:00,0.0,0.0,0
2022-07-25 09:00:00,0.0,0.0,0
2022-07-25 10:00:00,0.0,0.0,0
2022-07-25 11:00:00,0.0,0.0,0
2022-07-25 12:00:00,0.0,0.0,0
2022-07-25 13:00:00,0.0,0.0,0
2022-07-25 14:00:00,0.0,0.0,0
2022-07-25 15:00:00,0.0,0.0,0
2022-07-25 16:00:00,0.0,0.0,0
2022-07-25 17:00:00,0.0,0.0,0
2022-07-25 18:00:00,0.0,0.0,0
2022-07-25 19:00:00,0.0,0.0,0
2022-07-25 20:00:00,0.0,0.0,0
2022-07-25 21:00:00,0.0,0.0,0
2022-07-25 22:00:00,0.0,0.0,0
2022-07-25 23:00:00,0.0,0.0,0
2022-07-26 00:00:00,0.0,0.0,0
2022-07-26 01:00:00,0.0,0.0,0
2022-07-26 02:00:00,0.0,0.0,0
2022-07-26 03:00:00,0.0,0.0,0
2022-07-26 04:00:00,0.0,0.0,0
2022-07-26 05:00:00,0.0,0.0,0
2022-07-26 06:00:00,0.0,0.0,0
2022-07-26 07:00:00,0.0,0.0,0
2022-07-26 08:00:00,0.0,0.0,0
2022-07-26 09:00:00,0.0,0.0,0
2022-07-26 10:00:00,0.0,0.0,0
2022-07-26 11:00:00,0.0,0.0,0
2022-07-26 12:00:00,0.0,0.0,0
2022-07-26 13:00:00,0.0,0.0,0
2022-07-26 14:00:00,0.0,0.0,0
2022-07-26 15:00:00,0.0,0.0,0
2022-07-26 16:00:00,0.0,0.0,0
2022-07-26 17:00:00,0.0,0.0,0
2022-07-26 18:00:00,0.0,0.0,0
2022-07-26 19:00:00,0.0,0.0,0
2022-07-26 20:00:00,0.0,0.0,0
2022-07-26 21:00:00,0.0,0.0,0
2022-07-26 22:00:00,0.0,0.0,0
2022-07-26 23:00:00,0.0,0.0,0
2022-07-27 00:00:00,0.0,0.0,0
2022-07-27 01:00:00,0.0,0.0,0
2022-07-27 02:00:00,0.0,0.0,0
2022-07-27 03:00:00,0.0,0.0,0
2022-07-27 04:00:00,0.0,0.0,0
2022-07-27 05:00:00,0.0,0.0,0
2022-07-27 06:00:00,0.0,0.0,0
2022-07-27 07:00:00,0.0,0.0,0
2022-07-27 08:00:00,0.0,0.0,0
2022-07-27 09:00:00,0.0,0.0,0
2022-07-27 10:00:00,0.0,0.0,0
2022-07-27 11:00:00,0.0,0.0,0
2022-07-27 12:00:00,0.0,0.0,0
2022-07-27 13:00:00,0.0,0.0,0
2022-07-27 14:00:00,0.0,0.0,0
2022-07-27 15:00:00,0.0,0.0,0
2022-07-27 16:00:00,0.0,0.0,0
2022-07-27 17:00:00,0.0,0.0,0
2022-07-27 18:00:00,0.0,0.0,0
2022-07-27 19:00:00,0.0,0.0,0
2022-07-27 20:00:00,0.0,0.0,0
2022-07-27 21:00:00,0.0,0.0,0
2022-07-27 22:00:00,0.0,0.0,0
2022-07-27 23:00:00,0.0,0.0,0
2022-07-28 00:00:00,0.0,0.0,0
2022-07-28 01:00:00,0.0,0.0,0
2022-07-28 02:00:00,0.0,0.0,0
2022-07-28 03:00:00,0.0,0.0,0
2022-07-28 04:00:00,0.0,0.0,0
2022-07-28 05:00:00,0.0,0.0,0
2022-07-28 06:00:00,0.0,0.0,0
2022-07-28 07:00:00,0.0,0.0,0
2022-07-28 08:00:00,0.0,0.0,0
2022-07-28 09:00:00,0.0,0.0,0
2022-07-28 10:00:00,0.0,0.0,0
2022-07-28 11:00:00,0.0,0.0,0
2022-07-28 12:00:00,0.0,0.0,0
2022-07-28 13:00:00,0.0,0.0,0
2022-07-28 14:00:00,0.0,0.0,0
2022-07-28 15:00:00,0.0,0.0,0
2022-07-28 16:00:00,0.0,0.0,0
2022-07-28 17:00:00,0.0,0.0,0
2022-07-28 18:00:00,0.0,0.0,0
2022-07-28 19:00:00,0.0,0.0,0
2022-07-28 20:00:00,0.0,0.0,0
2022-07-28 21:00:00,0.0,0.0,0
2022-07-28 22:00:00,0.0,0.0,0
2022-07-28 23:00:00,0.0,0.0,0
2022-07-29 00:00:00,0.0,0.0,0
2022-07-29 01:00:00,0.0,0.0,0
2022-07-29 02:00:00,0.0,0.0,0
2022-07-29 03:00:00,0.0,0.0,0
2022-07-29 04:00:00,0.0,0.0,0
2022-07-29 05:00:00,0.0,0.0,0
2022-07-29 06:00:00,0.0,0.0,0
2022-07-29 07:00:00,0.0,0.0,0
2022-07-29 08:00:00,0.0,0.0,0
2022-07-29 09:00:00,0.0,0.0,0
2022-07-29 10:00:00,0.0,0.0,0
2022-07-29 11:00:00,0.0,0.0,0
2022-07-29 12:00:00,0.0,0.0,0
2022-07-29 13:00:00,0.0,0.0,0
2022-07-29 14:00:00,0.0,0.0,0
2022-07-29 15:00:00,0.0,0.0,0
2022-07-29 16:00:00,0.0,0.0,0
2022-07-29 17:00:00,0.0,0.0,0
2022-07-29 18:00:00,0.0,0.0,0
2022-07-29 19:00:00,0.0,0.0,0
2022-07-29 20:00:00,0.0,0.0,0
2022-07-29 21:00:00,0.0,0.0,0
2022-07-29 22:00:00,0.0,0.0,0
2022-07-29 23:00:00,0.0,0.0,0
2022-07-30 00:00:00,0.0,0.0,0
2022-07-30 01:00:00,0.0,0.0,0
2022-07-30 02:00:00,0.0,0.0,0
2022-07-30 03:00:00,0.0,0.0,0
2022-07-30 04:00:00,0.0,0.0,0
2022-07-30 05:00:00,0.0,0.0,0
2022-07-30 06:00:00,0.0,0.0,0
2022-07-30 07:00:00,0.0,0.0,0
2022-07-30 08:00:00,0.0,0.0,0
2022-07-30 09:00:00,0.0,0.0,0
2022-07-30 10:00:00,0.0,0.0,0
2022-07-30 11:00:00,0.0,0.0,0
2022-07-30 12:00:00,0.0,0.0,0
2022-07-30 13:00:00,0.0,0.0,0
2022-07-30 14:00:00,0.0,0.0,0
2022-07-30 15:00:00,0.0,0.0,0
2022-07-30 16:00:00,0.0,0.0,0
2022-07-30 17:00:00,0.0,0.0,0
2022-07-30 18:00:00,0.0,0.0,0
2022-07-30 19:00:00,0.0,0.0,0
2022-07-30 20:00:00,0.0,0.0,0
2022-07-30 21:00:00,0.0,0.0,0
2022-07-30 22:00:00,0.0,0.0,0
2022-07-30 23:00:00,0.0,0.0,0
2022-07-31 00:00:00,0.0,0.0,0
2022-07-31 01:00:00,0.0,0.0,0
2022-07-31 02:00:00,0.0,0.0,0
2022-07-31 03:00:00,0.0,0.0,0
2022-07-31 04:00:00,0.0,0.0,0
2022-07-31 05:00:00,0.0,0.0,0
2022-07-31 06:00:00,0.0,0.0,0
2022-07-31 07:00:00,0.0,0.0,0
2022-07-31 08:00:00,0.0,0.0,0
2022-07-31 09:00:00,0.0,0.0,0
2022-07-31 10:00:00,0.0,0.0,0
2022-07-31 11:00:00,0.0,0.0,0
2022-07-31 12:00:00,0.0,0.0,0
2022-07-31 13:00:00,0.0,0.0,0
2022-07-31 14:00:00,0.0,0.0,0
2022-07-31 15:00:00,0.0,0.0,0
2022-07-31 16:00:00,0.0,0.0,0
2022-07-31 17:00:00,0.0,0.0,0
2022-07-31 18:00:00,0.0,0.0,0
2022-07-31 19:00:00,0.0,0.0,0
2022-07-31 20:00:00,0.0,0.0,0
2022-07-31 21:00:00,0.0,0.0,0
2022-07-31 22:00:00,0.0,0.0,0
2022-07-31 23:00:00,0.0,0.0,0
2022-08-01 00:00:00,0.0,0.0,0
2022-08-01 01:00:00,0.0,0.0,0
2022-08-01 02:00:00,0.0,0.0,0
2022-08-01 03:00:00,0.0,0.0,0
2022-08-01 04:00:00,0.0,0.0,0
2022-08-01 05:00:00,0.0,0.0,0
2022-08-01 06:00:00,0.0,0.0,0
2022-08-01 07:00:00,0.0,0.0,0
2022-08-01 08:00:00,0.0,0.0,0
2022-08-01 09:00:00,0.0,0.0,0
2022-08-01 10:00:00,0.0,0.0,0
2022-08-01 11:00:00,0.0,0.0,0
2022-08-01 12:00:00,0.0,0.0,0
2022-08-01 13:00:00,0.0,0.0,0
2022-08-01 14:00:00,0.0,0.0,0
2022-08-01 15:00:00,0.0,0.0,0
2022-08-01 16:00:00,0.0,0.0,0
2022-08-01 17:00:00,0.0,0.0,0
2022-08-01 18:00:00,0.0,0.0,0
2022-08-01 19:00:00,0.0,0.0,0
2022-08-01 20:00:00,0.0,0.0,0
2022-08-01 21:00:00,0.0,0.0,0
2022-08-01 22:00:00,0.0,0.0,0
2022-08-01 23:00:00,0.0,0.0,0
2022-08-02 00:00:00,0.0,0.0,0
2022-08-02 01:00:00,0.0,0.0,0
2022-08-02 02:00:00,0.0,0.0,0
2022-08-02 03:00:00,0.0,0.0,0
2022-08-02 04:00:00,0.0,0.0,0
2022-08-02 05:00:00,0.0,0.0,0
2022-08-02 06:00:00,0.0,0.0,0
2022-08-02 07:00:00,0.0,0.0,0
2022-08-02 08:00:00,0.0,0.0,0
2022-08-02 09:00:00,0.0,0.0,0
2022-08-02 10:00:00,0.0,0.0,0
2022-08-02 11:00:00,0.0,0.0,0
2022-08-02 12:00:00,0.0,0.0,0
2022-08-02 13:00:00,0.0,0.0,0
2022-08-02 14:00:00,0.0,0.0,0
2022-08-02 15:00:00,0.0,0.0,0
2022-08-02 16:00:00,0.0,0.0,0
2022-08-02 17:00:00,0.0,0.0,0
2022-08-02 18:00:00,0.0,0.0,0
2022-08-02 19:00:00,0.0,0.0,0
2022-08-02 20:00:00,0.0,0.0,0
2022-08-02 21:00:00,0.0,0.0,0
2022-08-02 22:00:00,0.0,0.0,0
2022-08-02 23:00:00,0.0,0.0,0
2022-08-03 00:00:00,0.0,0.0,0
2022-08-03 01:00:00,0.0,0.0,0
2022-08-03 02:00:00,0.0,0.0,0
2022-08-03 03:00:00,0.0,0.0,0
2022-08-03 04:00:00,0.0,0.0,0
2022-08-03 05:00:00,0.0,0.0,0
2022-08-03 06:00:00,0.0,0.0,0
2022-08-03 07:00:00,0.0,0.0,0
2022-08-03 08:00:00,0.0,0.0,0
2022-08-03 09:00:00,0.0,0.0,0
2022-08-03 10:00:00,0.0,0.0,0
2022-08-03 11:00:00,0.0,0.0,0
2022-08-03 12:00:00,0.0,0.0,0
2022-08-03 13:00:00,0.0,0.0,0
2022-08-03 14:00:00,0.0,0.0,0
2022-08-03 15:00:00,0.0,0.0,0
2022-08-03 16:00:00,0.0,0.0,0
2022-08-03 17:00:00,0.0,0.0,0
2022-08-03 18:00:00,0.0,0.0,0
2022-08-03 19:00:00,0.0,0.0,0
2022-08-03 20:00:00,0.0,0.0,0
2022-08-03 21:00:00,0.0,0.0,0
2022-08-03 22:00:00,0.0,0.0,0
2022-08-03 23:00:00,0.0,0.0,0
2022-08-04 00:00:00,0.0,0.0,0
2022-08-04 01:00:00,0.0,0.0,0
2022-08-04 02:00:00,0.0,0.0,0
2022-08-04 03:00:00,0.0,0.0,0
2022-08-04 04:00:00,0.0,0.0,0
2022-08-04 05:00:00,0.0,0.0,0
2022-08-04 06:00:00,0.0,0.0,0
2022-08-04 07:00:00,0.0,0.0,0
2022-08-04 08:00:00,0.0,0.0,0
2022-08-04 09:00:00,0.0,0.0,0
2022-08-04 10:00:00,0.0,0.0,0
2022-08-04 11:00:00,0.0,0.0,0
2022-08-04 12:00:00,0.0,0.0,0
2022-08-04 13:00:00,0.0,0.0,0
2022-08-04 14:00:00,0.0,0.0,0
2022-08-04 15:00:00,0.0,0.0,0
2022-08-04 16:00:00,0.0,0.0,0
2022-08-04 17:00:00,0.0,0.0,0
2022-08-04 18:00:00,0.0,0.0,0
2022-08-04 19:00:00,0.0,0.0,0
2022-08-04 20:00:00,0.0,0.0,0
2022-08-04 21:00:00,0.0,0.0,0
2022-08-04 22:00:00,0.0,0.0,0
2022-08-04 23:00:00,0.0,0.0,0
2022-08-05 00:00:00,0.0,0.0,0
2022-08-05 01:00:00,0.0,0.0,0
2022-08-05 02:00:00,0.0,0.0,0
2022-08-05 03:00:00,0.0,0.0,0
2022-08-05 04:00:00,0.0,0.0,0
2022-08-05 05:00:00,0.0,0.0,0
2022-08-05 06:00:00,0.0,0.0,0
2022-08-05 07:00:00,0.0,0.0,0
2022-08-05 08:00:00,0.0,0.0,0
2022-08-05 09:00:00,0.0,0.0,0
2022-08-05 10:00:00,0.0,0.0,0
2022-08-05 11:00:00,0.0,0.0,0
2022-08-05 12:00:00,0.0,0.0,0
2022-08-05 13:00:00,0.0,0.0,0
2022-08-05 14:00:00,0.0,0.0,0
2022-08-05 15:00:00,0.0,0.0,0
2022-08-05 16:00:00,0.0,0.0,0
2022-08-05 17:00:00,0.0,0.0,0
2022-08-05 18:00:00,0.0,0.0,0
2022-08-05 19:00:00,0.0,0.0,0
2022-08-05 20:00:00,0.0,0.0,0
2022-08-05 21:00:00,0.0,0.0,0
2022-08-05 22:00:00,0.0,0.0,0
2022-08-05 23:00:00,0.0,0.0,0
2022-08-06 00:00:00,0.0,0.0,0
2022-08-06 01:00:00,0.0,0.0,0
2022-08-06 02:00:00,0.0,0.0,0
2022-08-06 03:00:00,0.0,0.0,0
2022-08-06 04:00:00,0.0,0.0,0
2022-08-06 05:00:00,0.0,0.0,0
2022-08-06 06:00:00,0.0,0.0,0
2022-08-06 07:00:00,0.0,0.0,0
2022-08-06 08:00:00,0.0,0.0,0
2022-08-06 09:00:00,0.0,0.0,0
2022-08-06 10:00:00,0.0,0.0,0
2022-08-06 11:00:00,0.0,0.0,0
2022-08-06 12:00:00,0.0,0.0,0
2022-08-06 13:00:00,0.0,0.0,0
2022-08-06 14:00:00,0.0,0.0,0
2022-08-06 15:00:00,0.0,0.0,0
2022-08-06 16:00:00,0.0,0.0,0
2022-08-06 17:00:00,0.0,0.0,0
2022-08-06 18:00:00,0.0,0.0,0
2022-08-06 19:00:00,0.0,0.0,0
2022-08-06 20:00:00,0.0,0.0,0
2022-08-06 21:00:00,0.0,0.0,0
2022-08-06 22:00:00,0.0,0.0,0
2022-08-06 23:00:00,0.0,0.0,0
2022-08-07 00:00:00,0.0,0.0,0
2022-08-07 01:00:00,0.0,0.0,0
2022-08-07 02:00:00,0.0,0.0,0
2022-08-07 03:00:00,0.0,0.0,0
2022-08-07 04:00:00,0.0,0.0,0
2022-08-07 05:00:00,0.0,0.0,0
2022-08-07 06:00:00,0.0,0.0,0
2022-08-07 07:00:00,0.0,0.0,0
2022-08-07 08:00:00,0.0,0.0,0
2022-08-07 09:00:00,0.0,0.0,0
2022-08-07 10:00:00,0.0,0.0,0
2022-08-07 11:00:00,0.0,0.0,0
2022-08-07 12:00:00,0.0,0.0,0
2022-08-07 13:00:00,0.0,0.0,0
2022-08-07 14:00:00,0.0,0.0,0
2022-08-07 15:00:00,0.0,0.0,0
2022-08-07 16:00:00,0.0,0.0,0
2022-08-07 17:00:00,0.0,0.0,0
2022-08-07 18:00:00,0.0,0.0,0
2022-08-07 19:00:00,0.0,0.0,0
2022-08-07 20:00:00,0.0,0.0,0
2022-08-07 21:00:00,0.0,0.0,0
2022-08-07 22:00:00,0.0,0.0,0
2022-08-07 23:00:00,0.0,0.0,0
2022-08-08 00:00:00,0.0,0.0,0
2022-08-08 01:00:00,0.0,0.0,0
2022-08-08 02:00:00,0.0,0.0,0
2022-08-08 03:00:00,0.0,0.0,0
2022-08-08 04:00:00,0.0,0.0,0
2022-08-08 05:00:00,0.0,0.0,0
2022-08-08 06:00:00,0.0,0.0,0
2022-08-08 07:00:00,0.0,0.0,0
2022-08-08 08:00:00,0.0,0.0,0
2022-08-08 09:00:00,0.0,0.0,0
2022-08-08 10:00:00,0.0,0.0,0
2022-08-08 11:00:00,0.0,0.0,0
2022-08-08 12:00:00,0.0,0.0,0
2022-08-08 13:00:00,0.0,0.0,0
2022-08-08 14:00:00,0.0,0.0,0
2022-08-08 15:00:00,0.0,0.0,0
2022-08-08 16:00:00,0.0,0.0,0
2022-08-08 17:00:00,0.0,0.0,0
2022-08-08 18:00:00,0.0,0.0,0
2022-08-08 19:00:00,0.0,0.0,0
2022-08-08 20:00:00,0.0,0.0,0
2022-08-08 21:00:00,0.0,0.0,0
2022-08-08 22:00:00,0.0,0.0,0
2022-08-08 23:00:00,0.0,0.0,0
2022-08-09 00:00:00,0.0,0.0,0
2022-08-09 01:00:00,0.0,0.0,0
2022-08-09 02:00:00,0.0,0.0,0
2022-08-09 03:00:00,0.0,0.0,0
2022-08-09 04:00:00,0.0,0.0,0
2022-08-09 05:00:00,0.0,0.0,0
2022-08-09 06:00:00,0.0,0.0,0
2022-08-09 07:00:00,0.0,0.0,0
2022-08-09 08:00:00,0.0,0.0,0
2022-08-09 09:00:00,0.0,0.0,0
2022-08-09 10:00:00,0.0,0.0,0
2022-08-09 11:00:00,0.0,0.0,0
2022-08-09 12:00:00,0.0,0.0,0
2022-08-09 13:00:00,0.0,0.0,0
2022-08-09 14:00:00,0.0,0.0,0
2022-08-09 15:00:00,0.0,0.0,0
2022-08-09 16:00:00,0.0,0.0,0
2022-08-09 17:00:00,0.0,0.0,0
2022-08-09 18:00:00,0.0,0.0,0
2022-08-09 19:00:00,0.0,0.0,0
2022-08-09 20:00:00,0.0,0.0,0
2022-08-09 21:00:00,0.0,0.0,0
2022-08-09 22:00:00,0.0,0.0,0
2022-08-09 23:00:00,0.0,0.0,0
2022-08-10 00:00:00,0.0,0.0,0
2022-08-10 01:00:00,0.0,0.0,0
2022-08-10 02:00:00,0.0,0.0,0
2022-08-10 03:00:00,0.0,0.0,0
2022-08-10 04:00:00,0.0,0.0,0
2022-08-10 05:00:00,0.0,0.0,0
2022-08-10 06:00:00,0.0,0.0,0
2022-08-10 07:00:00,0.0,0.0,0
2022-08-10 08:00:00,0.0,0.0,0
2022-08-10 09:00:00,0.0,0.0,0
2022-08-10 10:00:00,0.0,0.0,0
2022-08-10 11:00:00,0.0,0.0,0
2022-08-10 12:00:00,0.0,0.0,0
2022-08-10 13:00:00,0.0,0.0,0
2022-08-10 14:00:00,0.0,0.0,0
2022-08-10 15:00:00,0.0,0.0,0
2022-08-10 16:00:00,0.0,0.0,0
2022-08-10 17:00:00,0.0,0.0,0
2022-08-10 18:00:00,0.0,0.0,0
2022-08-10 19:00:00,0.0,0.0,0
2022-08-10 20:00:00,0.0,0.0,0
2022-08-10 21:00:00,0.0,0.0,0
2022-08-10 22:00:00,0.0,0.0,0
2022-08-10 23:00:00,0.0,0.0,0
2022-08-11 00:00:00,0.0,0.0,0
2022-08-11 01:00:00,0.0,0.0,0
2022-08-11 02:00:00,0.0,0.0,0
2022-08-11 03:00:00,0.0,0.0,0
2022-08-11 04:00:00,0.0,0.0,0
2022-08-11 05:00:00,0.0,0.0,0
2022-08-11 06:00:00,0.0,0.0,0
2022-08-11 07:00:00,0.0,0.0,0
2022-08-11 08:00:00,0.0,0.0,0
2022-08-11 09:00:00,0.0,0.0,0
2022-08-11 10:00:00,0.0,0.0,0
2022-08-11 11:00:00,0.0,0.0,0
2022-08-11 12:00:00,0.0,0.0,0
2022-08-11 13:00:00,0.0,0.0,0
2022-08-11 14:00:00,0.0,0.0,0
2022-08-11 15:00:00,0.0,0.0,0
2022-08-11 16:00:00,0.0,0.0,0
2022-08-11 17:00:00,0.0,0.0,0
2022-08-11 18:00:00,0.0,0.0,0
2022-08-11 19:00:00,0.0,0.0,0
2022-08-11 20:00:00,0.0,0.0,0
2022-08-11 21:00:00,0.0,0.0,0
2022-08-11 22:00:00,0.0,0.0,0
2022-08-11 23:00:00,0.0,0.0,0
2022-08-12 00:00:00,0.0,0.0,0
2022-08-12 01:00:00,0.0,0.0,0
2022-08-12 02:00:00,0.0,0.0,0
2022-08-12 03:00:00,0.0,0.0,0
2022-08-12 04:00:00,0.0,0.0,0
2022-08-12 05:00:00,0.0,0.0,0
2022-08-12 06:00:00,0.0,0.0,0
2022-08-12 07:00:00,0.0,0.0,0
2022-08-12 08:00:00,0.0,0.0,0
2022-08-12 09:00:00,0.0,0.0,0
2022-08-12 10:00:00,0.0,0.0,0
2022-08-12 11:00:00,0.0,0.0,0
2022-08-12 12:00:00,0.0,0.0,0
2022-08-12 13:00:00,0.0,0.0,0
2022-08-12 14:00:00,0.0,0.0,0
2022-08-12 15:00:00,0.0,0.0,0
2022-08-12 16:00:00,0.0,0.0,0
2022-08-12 17:00:00,0.0,0.0,0
2022-08-12 18:00:00,0.0,0.0,0
2022-08-12 19:00:00,0.0,0.0,0
2022-08-12 20:00:00,0.0,0.0,0
2022-08-12 21:00:00,0.0,0.0,0
2022-08-12 22:00:00,0.0,0.0,0
2022-08-12 23:00:00,0.0,0.0,0
2022-08-13 00:00:00,0.0,0.0,0
2022-08-13 01:00:00,0.0,0.0,0
2022-08-13 02:00:00,0.0,0.0,0
2022-08-13 03:00:00,0.0,0.0,0
2022-08-13 04:00:00,0.0,0.0,0
2022-08-13 05:00:00,0.0,0.0,0
2022-08-13 06:00:00,0.0,0.0,0
2022-08-13 07:00:00,0.0,0.0,0
2022-08-13 08:00:00,0.0,0.0,0
2022-08-13 09:00:00,0.0,0.0,0
2022-08-13 10:00:00,0.0,0.0,0
2022-08-13 11:00:00,0.0,0.0,0
2022-08-13 12:00:00,0.0,0.0,0
2022-08-13 13:00:00,0.0,0.0,0
2022-08-13 14:00:00,0.0,0.0,0
2022-08-13 15:00:00,0.0,0.0,0
2022-08-13 16:00:00,0.0,0.0,0
2022-08-13 17:00:00,0.0,0.0,0
2022-08-13 18:00:00,0.0,0.0,0
2022-08-13 19:00:00,0.0,0.0,0
2022-08-13 20:00:00,0.0,0.0,0
2022-08-13 21:00:00,0.0,0.0,0
2022-08-13 22:00:00,0.0,0.0,0
2022-08-13 23:00:00,0.0,0.0,0
2022-08-14 00:00:00,0.0,0.0,0
2022-08-14 01:00:00,0.0,0.0,0
2022-08-14 02:00:00,0.0,0.0,0
2022-08-14 03:00:00,0.0,0.0,0
2022-08-14 04:00:00,0.0,0.0,0
2022-08-14 05:00:00,0.0,0.0,0
2022-08-14 06:00:00,0.0,0.0,0
2022-08-14 07:00:00,0.0,0.0,0
2022-08-14 08:00:00,0.0,0.0,0
2022-08-14 09:00:00,0.0,0.0,0
2022-08-14 10:00:00,0.0,0.0,0
2022-08-14 11:00:00,0.0,0.0,0
2022-08-14 12:00:00,0.0,0.0,0
2022-08-14 13:00:00,0.0,0.0,0
2022-08-14 14:00:00,0.0,0.0,0
2022-08-14 15:00:00,0.0,0.0,0
2022-08-14 16:00:00,0.0,0.0,0
2022-08-14 17:00:00,0.0,0.0,0
2022-08-14 18:00:00,0.0,0.0,0
2022-08-14 19:00:00,0.0,0.0,0
2022-08-14 20:00:00,0.0,0.0,0
2022-08-14 21:00:00,0.0,0.0,0
2022-08-14 22:00:00,0.0,0.0,0
2022-08-14 23:00:00,0.0,0.0,0
2022-08-15 00:00:00,0.0,0.0,0
2022-08-15 01:00:00,0.0,0.0,0
2022-08-15 02:00:00,0.0,0.0,0
2022-08-15 03:00:00,0.0,0.0,0
2022-08-15 04:00:00,0.0,0.0,0
2022-08-15 05:00:00,0.0,0.0,0
2022-08-15 06:00:00,0.0,0.0,0
2022-08-15 07:00:00,0.0,0.0,0
2022-08-15 08:00:00,0.0,0.0,0
2022-08-15 09:00:00,0.0,0.0,0
2022-08-15 10:00:00,0.0,0.0,0
2022-08-15 11:00:00,0.0,0.0,0
2022-08-15 12:00:00,0.0,0.0,0
2022-08-15 13:00:00,0.0,0.0,0
2022-08-15 14:00:00,0.0,0.0,0
2022-08-15 15:00:00,0.0,0.0,0
2022-08-15 16:00:00,0.0,0.0,0
2022-08-15 17:00:00,0.0,0.0,0
2022-08-15 18:00:00,0.0,0.0,0
2022-08-15 19:00:00,0.0,0.0,0
2022-08-15 20:00:00,0.0,0.0,0
2022-08-15 21:00:00,0.0,0.0,0
2022-08-15 22:00:00,0.0,0.0,0
2022-08-15 23:00:00,0.0,0.0,0
2022-08-16 00:00:00,0.0,0.0,0
2022-08-16 01:00:00,0.0,0.0,0
2022-08-16 02:00:00,0.0,0.0,0
2022-08-16 03:00:00,0.0,0.0,0
2022-08-16 04:00:00,0.0,0.0,0
2022-08-16 05:00:00,0.0,0.0,0
2022-08-16 06:00:00,0.0,0.0,0
2022-08-16 07:00:00,0.0,0.0,0
2022-08-16 08:00:00,0.0,0.0,0
2022-08-16 09:00:00,0.0,0.0,0
2022-08-16 10:00:00,0.0,0.0,0
2022-08-16 11:00:00,0.0,0.0,0
2022-08-16 12:00:00,0.0,0.0,0
2022-08-16 13:00:00,0.0,0.0,0
2022-08-16 14:00:00,0.0,0.0,0
2022-08-16 15:00:00,0.0,0.0,0
2022-08-16 16:00:00,0.0,0.0,0
2022-08-16 17:00:00,0.0,0.0,0
2022-08-16 18:00:00,0.0,0.0,0
2022-08-16 19:00:00,0.0,0.0,0
2022-08-16 20:00:00,0.0,0.0,0
2022-08-16 21:00:00,0.0,0.0,0
2022-08-16 22:00:00,0.0,0.0,0
2022-08-16 23:00:00,0.0,0.0,0
2022-08-17 00:00:00,0.0,0.0,0
2022-08-17 01:00:00,0.0,0.0,0
2022-08-17 02:00:00,0.0,0.0,0
2022-08-17 03:00:00,0.0,0.0,0
2022-08-17 04:00:00,0.0,0.0,0
2022-08-17 05:00:00,0.0,0.0,0
2022-08-17 06:00:00,0.0,0.0,0
2022-08-17 07:00:00,0.0,0.0,0
2022-08-17 08:00:00,0.0,0.0,0
2022-08-17 09:00:00,0.0,0.0,0
2022-08-17 10:00:00,0.0,0.0,0
2022-08-17 11:00:00,0.0,0.0,0
2022-08-17 12:00:00,0.0,0.0,0
2022-08-17 13:00:00,0.0,0.0,0
2022-08-17 14:00:00,0.0,0.0,0
2022-08-17 15:00:00,0.0,0.0,0
2022-08-17 16:00:00,0.0,0.0,0
2022-08-17 17:00:00,0.0,0.0,0
2022-08-17 18:00:00,0.0,0.0,0
2022-08-17 19:00:00,0.0,0.0,0
2022-08-17 20:00:00,0.0,0.0,0
2022-08-17 21:00:00,0.0,0.0,0
2022-08-17 22:00:00,0.0,0.0,0
2022-08-17 23:00:00,0.0,0.0,0
2022-08-18 00:00:00,0.0,0.0,0
2022-08-18 01:00:00,0.0,0.0,0
2022-08-18 02:00:00,0.0,0.0,0
2022-08-18 03:00:00,0.0,0.0,0
2022-08-18 04:00:00,0.0,0.0,0
2022-08-18 05:00:00,0.0,0.0,0
2022-08-18 06:00:00,0.0,0.0,0
2022-08-18 07:00:00,0.0,0.0,0
2022-08-18 08:00:00,0.0,0.0,0
2022-08-18 09:00:00,0.0,0.0,0
2022-08-18 10:00:00,0.0,0.0,0
2022-08-18 11:00:00,0.0,0.0,0
2022-08-18 12:00:00,0.0,0.0,0
2022-08-18 13:00:00,0.0,0.0,0
2022-08-18 14:00:00,0.0,0.0,0
2022-08-18 15:00:00,0.0,0.0,0
2022-08-18 16:00:00,0.0,0.0,0
2022-08-18 17:00:00,0.0,0.0,0
2022-08-18 18:00:00,0.0,0.0,0
2022-08-18 19:00:00,0.0,0.0,0
2022-08-18 20:00:00,0.0,0.0,0
2022-08-18 21:00:00,0.0,0.0,0
2022-08-18 22:00:00,0.0,0.0,0
2022-08-18 23:00:00,0.0,0.0,0
2022-08-19 00:00:00,0.0,0.0,0
2022-08-19 01:00:00,0.0,0.0,0
2022-08-19 02:00:00,0.0,0.0,0
2022-08-19 03:00:00,0.0,0.0,0
2022-08-19 04:00:00,0.0,0.0,0
2022-08-19 05:00:00,0.0,0.0,0
2022-08-19 06:00:00,0.0,0.0,0
2022-08-19 07:00:00,0.0,0.0,0
2022-08-19 08:00:00,0.0,0.0,0
2022-08-19 09:00:00,0.0,0.0,0
2022-08-19 10:00:00,0.0,0.0,0
2022-08-19 11:00:00,0.0,0.0,0
2022-08-19 12:00:00,0.0,0.0,0
2022-08-19 13:00:00,0.0,0.0,0
2022-08-19 14:00:00,0.0,0.0,0
2022-08-19 15:00:00,0.0,0.0,0
2022-08-19 16:00:00,0.0,0.0,0
2022-08-19 17:00:00,0.0,0.0,0
2022-08-19 18:00:00,0.0,0.0,0
2022-08-19 19:00:00,0.0,0.0,0
2022-08-19 20:00:00,0.0,0.0,0
2022-08-19 21:00:00,0.0,0.0,0
2022-08-19 22:00:00,0.0,0.0,0
2022-08-19 23:00:00,0.0,0.0,0
2022-08-20 00:00:00,0.0,0.0,0
2022-08-20 01:00:00,0.0,0.0,0
2022-08-20 02:00:00,0.0,0.0,0
2022-08-20 03:00:00,0.0,0.0,0
2022-08-20 04:00:00,0.0,0.0,0
2022-08-20 05:00:00,0.0,0.0,0
2022-08-20 06:00:00,0.0,0.0,0
2022-08-20 07:00:00,0.0,0.0,0
2022-08-20 08:00:00,0.0,0.0,0
2022-08-20 09:00:00,0.0,0.0,0
2022-08-20 10:00:00,0.0,0.0,0
2022-08-20 11:00:00,0.0,0.0,0
2022-08-20 12:00:00,0.0,0.0,0
2022-08-20 13:00:00,0.0,0.0,0
2022-08-20 14:00:00,0.0,0.0,0
2022-08-20 15:00:00,0.0,0.0,0
2022-08-20 16:00:00,0.0,0.0,0
2022-08-20 17:00:00,0.0,0.0,0
2022-08-20 18:00:00,0.0,0.0,0
2022-08-20 19:00:00,0.0,0.0,0
2022-08-20 20:00:00,0.0,0.0,0
2022-08-20 21:00:00,0.0,0.0,0
2022-08-20 22:00:00,0.0,0.0,0
2022-08-20 23:00:00,0.0,0.0,0
2022-08-21 00:00:00,0.0,0.0,0
2022-08-21 01:00:00,0.0,0.0,0
2022-08-21 02:00:00,0.0,0.0,0
2022-08-21 03:00:00,0.0,0.0,0
2022-08-21 04:00:00,0.0,0.0,0
2022-08-21 05:00:00,0.0,0.0,0
2022-08-21 06:00:00,0.0,0.0,0
2022-08-21 07:00:00,0.0,0.0,0
2022-08-21 08:00:00,0.0,0.0,0
2022-08-21 09:00:00,0.0,0.0,0
2022-08-21 10:00:00,0.0,0.0,0
2022-08-21 11:00:00,0.0,0.0,0
2022-08-21 12:00:00,0.0,0.0,0
2022-08-21 13:00:00,0.0,0.0,0
2022-08-21 14:00:00,0.0,0.0,0
2022-08-21 15:00:00,0.0,0.0,0
2022-08-21 16:00:00,0.0,0.0,0
2022-08-21 17:00:00,0.0,0.0,0
2022-08-21 18:00:00,0.0,0.0,0
2022-08-21 19:00:00,0.0,0.0,0
2022-08-21 20:00:00,0.0,0.0,0
2022-08-21 21:00:00,0.0,0.0,0
2022-08-21 22:00:00,0.0,0.0,0
2022-08-21 23:00:00,0.0,0.0,0
2022-08-22 00:00:00,0.0,0.0,0
2022-08-22 01:00:00,0.0,0.0,0
2022-08-22 02:00:00,0.0,0.0,0
2022-08-22 03:00:00,0.0,0.0,0
2022-08-22 04:00:00,0.0,0.0,0
2022-08-22 05:00:00,0.0,0.0,0
2022-08-22 06:00:00,0.0,0.0,0
2022-08-22 07:00:00,0.0,0.0,0
2022-08-22 08:00:00,0.0,0.0,0
2022-08-22 09:00:00,0.0,0.0,0
2022-08-22 10:00:00,0.0,0.0,0
2022-08-22 11:00:00,0.0,0.0,0
2022-08-22 12:00:00,0.0,0.0,0
2022-08-22 13:00:00,0.0,0.0,0
2022-08-22 14:00:00,0.0,0.0,0
2022-08-22 15:00:00,0.0,0.0,0
2022-08-22 16:00:00,0.0,0.0,0
2022-08-22 17:00:00,0.0,0.0,0
2022-08-22 18:00:00,0.0,0.0,0
2022-08-22 19:00:00,0.0,0.0,0
2022-08-22 20:00:00,0.0,0.0,0
2022-08-22 21:00:00,0.0,0.0,0
2022-08-22 22:00:00,0.0,0.0,0
2022-08-22 23:00:00,0.0,0.0,0
2022-08-23 00:00:00,0.0,0.0,0
2022-08-23 01:00:00,0.0,0.0,0
2022-08-23 02:00:00,0.0,0.0,0
2022-08-23 03:00:00,0.0,0.0,0
2022-08-23 04:00:00,0.0,0.0,0
2022-08-23 05:00:00,0.0,0.0,0
2022-08-23 06:00:00,0.0,0.0,0
2022-08-23 07:00:00,0.0,0.0,0
2022-08-23 08:00:00,0.0,0.0,0
2022-08-23 09:00:00,0.0,0.0,0
2022-08-23 10:00:00,0.0,0.0,0
2022-08-23 11:00:00,0.0,0.0,0
2022-08-23 12:00:00,0.0,0.0,0
2022-08-23 13:00:00,0.0,0.0,0
2022-08-23 14:00:00,0.0,0.0,0
2022-08-23 15:00:00,0.0,0.0,0
2022-08-23 16:00:00,0.0,0.0,0
2022-08-23 17:00:00,0.0,0.0,0
2022-08-23 18:00:00,0.0,0.0,0
2022-08-23 19:00:00,0.0,0.0,0
2022-08-23 20:00:00,0.0,0.0,0
2022-08-23 21:00:00,0.0,0.0,0
2022-08-23 22:00:00,0.0,0.0,0
2022-08-23 23:00:00,0.0,0.0,0
2022-08-24 00:00:00,0.0,0.0,0
2022-08-24 01:00:00,0.0,0.0,0
2022-08-24 02:00:00,0.0,0.0,0
2022-08-24 03:00:00,0.0,0.0,0
2022-08-24 04:00:00,0.0,0.0,0
2022-08-24 05:00:00,0.0,0.0,0
2022-08-24 06:00:00,0.0,0.0,0
2022-08-24 07:00:00,0.0,0.0,0
2022-08-24 08:00:00,0.0,0.0,0
2022-08-24 09:00:00,0.0,0.0,0
2022-08-24 10:00:00,0.0,0.0,0
2022-08-24 11:00:00,0.0,0.0,0
2022-08-24 12:00:00,0.0,0.0,0
2022-08-24 13:00:00,0.0,0.0,0
2022-08-24 14:00:00,0.0,0.0,0
2022-08-24 15:00:00,0.0,0.0,0
2022-08-24 16:00:00,0.0,0.0,0
2022-08-24 17:00:00,0.0,0.0,0
2022-08-24 18:00:00,0.0,0.0,0
2022-08-24 19:00:00,0.0,0.0,0
2022-08-24 20:00:00,0.0,0.0,0
2022-08-24 21:00:00,0.0,0.0,0
2022-08-24 22:00:00,0.0,0.0,0
2022-08-24 23:00:00,0.0,0.0,0
2022-08-25 00:00:00,0.0,0.0,0
2022-08-25 01:00:00,0.0,0.0,0
2022-08-25 02:00:00,0.0,0.0,0
2022-08-25 03:00:00,0.0,0.0,0
2022-08-25 04:00:00,0.0,0.0,0
2022-08-25 05:00:00,0.0,0.0,0
2022-08-25 06:00:00,0.0,0.0,0
2022-08-25 07:00:00,0.0,0.0,0
2022-08-25 08:00:00,0.0,0.0,0
2022-08-25 09:00:00,0.0,0.0,0
2022-08-25 10:00:00,0.0,0.0,0
2022-08-25 11:00:00,0.0,0.0,0
2022-08-25 12:00:00,0.0,0.0,0
2022-08-25 13:00:00,0.0,0.0,0
2022-08-25 14:00:00,0.0,0.0,0
2022-08-25 15:00:00,0.0,0.0,0
2022-08-25 16:00:00,0.0,0.0,0
2022-08-25 17:00:00,0.0,0.0,0
2022-08-25 18:00:00,0.0,0.0,0
2022-08-25 19:00:00,0.0,0.0,0
2022-08-25 20:00:00,0.0,0.0,0
2022-08-25 21:00:00,0.0,0.0,0
2022-08-25 22:00:00,0.0,0.0,0
2022-08-25 23:00:00,0.0,0.0,0
2022-08-26 00:00:00,0.0,0.0,0
2022-08-26 01:00:00,0.0,0.0,0
2022-08-26 02:00:00,0.0,0.0,0
2022-08-26 03:00:00,0.0,0.0,0
2022-08-26 04:00:00,0.0,0.0,0
2022-08-26 05:00:00,0.0,0.0,0
2022-08-26 06:00:00,0.0,0.0,0
2022-08-26 07:00:00,0.0,0.0,0
2022-08-26 08:00:00,0.0,0.0,0
2022-08-26 09:00:00,0.0,0.0,0
2022-08-26 10:00:00,0.0,0.0,0
2022-08-26 11:00:00,0.0,0.0,0
2022-08-26 12:00:00,0.0,0.0,0
2022-08-26 13:00:00,0.0,0.0,0
2022-08-26 14:00:00,0.0,0.0,0
2022-08-26 15:00:00,0.0,0.0,0
2022-08-26 16:00:00,0.0,0.0,0
2022-08-26 17:00:00,0.0,0.0,0
2022-08-26 18:00:00,0.0,0.0,0
2022-08-26 19:00:00,0.0,0.0,0
2022-08-26 20:00:00,0.0,0.0,0
2022-08-26 21:00:00,0.0,0.0,0
2022-08-26 22:00:00,0.0,0.0,0
2022-08-26 23:00:00,0.0,0.0,0
2022-08-27 00:00:00,0.0,0.0,0
2022-08-27 01:00:00,0.0,0.0,0
2022-08-27 02:00:00,0.0,0.0,0
2022-08-27 03:00:00,0.0,0.0,0
2022-08-27 04:00:00,0.0,0.0,0
2022-08-27 05:00:00,0.0,0.0,0
2022-08-27 06:00:00,0.0,0.0,0
2022-08-27 07:00:00,0.0,0.0,0
2022-08-27 08:00:00,0.0,0.0,0
2022-08-27 09:00:00,0.0,0.0,0
2022-08-27 10:00:00,0.0,0.0,0
2022-08-27 11:00:00,0.0,0.0,0
2022-08-27 12:00:00,0.0,0.0,0
2022-08-27 13:00:00,0.0,0.0,0
2022-08-27 14:00:00,0.0,0.0,0
2022-08-27 15:00:00,0.0,0.0,0
2022-08-27 16:00:00,0.0,0.0,0
2022-08-27 17:00:00,0.0,0.0,0
2022-08-27 18:00:00,0.0,0.0,0
2022-08-27 19:00:00,0.0,0.0,0
2022-08-27 20:00:00,0.0,0.0,0
2022-08-27 21:00:00,0.0,0.0,0
2022-08-27 22:00:00,0.0,0.0,0
2022-08-27 23:00:00,0.0,0.0,0
2022-08-28 00:00:00,0.0,0.0,0
2022-08-28 01:00:00,0.0,0.0,0
2022-08-28 02:00:00,0.0,0.0,0
2022-08-28 03:00:00,0.0,0.0,0
2022-08-28 04:00:00,0.0,0.0,0
2022-08-28 05:00:00,0.0,0.0,0
2022-08-28 06:00:00,0.0,0.0,0
2022-08-28 07:00:00,0.0,0.0,0
2022-08-28 08:00:00,0.0,0.0,0
2022-08-28 09:00:00,0.0,0.0,0
2022-08-28 10:00:00,0.0,0.0,0
2022-08-28 11:00:00,0.0,0.0,0
2022-08-28 12:00:00,0.0,0.0,0
2022-08-28 13:00:00,0.0,0.0,0
2022-08-28 14:00:00,0.0,0.0,0
2022-08-28 15:00:00,0.0,0.0,0
2022-08-28 16:00:00,0.0,0.0,0
2022-08-28 17:00:00,0.0,0.0,0
2022-08-28 18:00:00,0.0,0.0,0
2022-08-28 19:00:00,0.0,0.0,0
2022-08-28 20:00:00,0.0,0.0,0
2022-08-28 21:00:00,0.0,0.0,0
2022-08-28 22:00:00,0.0,0.0,0
2022-08-28 23:00:00,0.0,0.0,0
2022-08-29 00:00:00,0.0,0.0,0
2022-08-29 01:00:00,0.0,0.0,0
2022-08-29 02:00:00,0.0,0.0,0
2022-08-29 03:00:00,0.0,0.0,0
2022-08-29 04:00:00,0.0,0.0,0
2022-08-29 05:00:00,0.0,0.0,0
2022-08-29 06:00:00,0.0,0.0,0
2022-08-29 07:00:00,0.0,0.0,0
2022-08-29 08:00:00,0.0,0.0,0
2022-08-29 09:00:00,0.0,0.0,0
2022-08-29 10:00:00,0.0,0.0,0
2022-08-29 11:00:00,0.0,0.0,0
2022-08-29 12:00:00,0.0,0.0,0
2022-08-29 13:00:00,0.0,0.0,0
2022-08-29 14:00:00,0.0,0.0,0
2022-08-29 15:00:00,0.0,0.0,0
2022-08-29 16:00:00,0.0,0.0,0
2022-08-29 17:00:00,0.0,0.0,0
2022-08-29 18:00:00,0.0,0.0,0
2022-08-29 19:00:00,0.0,0.0,0
2022-08-29 20:00:00,0.0,0.0,0
2022-08-29 21:00:00,0.0,0.0,0
2022-08-29 22:00:00,0.0,0.0,0
2022-08-29 23:00:00,0.0,0.0,0
2022-08-30 00:00:00,0.0,0.0,0
2022-08-30 01:00:00,0.0,0.0,0
2022-08-30 02:00:00,0.0,0.0,0
2022-08-30 03:00:00,0.0,0.0,0
2022-08-30 04:00:00,0.0,0.0,0
2022-08-30 05:00:00,0.0,0.0,0
2022-08-30 06:00:00,0.0,0.0,0
2022-08-30 07:00:00,0.0,0.0,0
2022-08-30 08:00:00,0.0,0.0,0
2022-08-30 09:00:00,0.0,0.0,0
2022-08-30 10:00:00,0.0,0.0,0
2022-08-30 11:00:00,0.0,0.0,0
2022-08-30 12:00:00,0.0,0.0,0
2022-08-30 13:00:00,0.14937167755991285,-0.015250544662309368,459
2022-08-30 14:00:00,0.09246832779623478,-0.03875968992248062,903
2022-08-30 15:00:00,0.11080334486735871,-0.014994232987312572,867
2022-08-30 16:00:00,0.1170460648148148,-0.008101851851851851,864
2022-08-30 17:00:00,0.13656600441501102,-0.04525386313465784,906
2022-08-30 18:00:00,0.08264221668742217,-0.10336239103362391,803
2022-08-30 19:00:00,0.15558173690932312,-0.024265644955300127,783
2022-08-30 20:00:00,0.1539314993122421,-0.011004126547455296,727
2022-08-30 21:00:00,0.16074359400998336,-0.0066555740432612314,601
2022-08-30 22:00:00,0.22783787375415282,0.132890365448505,602
2022-08-30 23:00:00,0.15212689243027888,-0.0199203187250996,502
2022-08-31 00:00:00,0.16258641732283466,0.02952755905511811,508
2022-08-31 01:00:00,0.13833150105708247,-0.006342494714587738,473
2022-08-31 02:00:00,0.12005174672489083,-0.03711790393013101,458
2022-08-31 03:00:00,0.15429840182648402,-0.01141552511415525,438
2022-08-31 04:00:00,0.14547995444191344,-0.03416856492027335,439
2022-08-31 05:00:00,0.10931235697940504,-0.016018306636155607,437
2022-08-31 06:00:00,0.14548350100603621,0.02012072434607646,497
2022-08-31 07:00:00,0.11695121951219513,0.001876172607879925,533
2022-08-31 08:00:00,0.1004,0.01054481546572935,569
2022-08-31 09:00:00,0.08558056537102474,-0.05830388692579505,566
2022-08-31 10:00:00,0.09859711375212224,-0.028862478777589132,589
2022-08-31 11:00:00,0.13022495921696575,0.02773246329526917,613
2022-08-31 12:00:00,0.1429025,0.015277777777777777,720
2022-08-31 13:00:00,0.1364225319396051,0.027874564459930314,861
2022-08-31 14:00:00,0.16846791979949874,-0.023809523809523808,798
2022-08-31 15:00:00,0.11370536159600997,-0.0199501246882793,802
2022-08-31 16:00:00,0.1638495652173913,-0.018633540372670808,805
2022-08-31 17:00:00,0.10526835616438356,-0.05342465753424658,730
2022-08-31 18:00:00,0.11331818181818183,-0.06301652892561983,968
2022-08-31 19:00:00,0.07988648648648648,-0.11216216216216217,740
2022-08-31 20:00:00,0.0937388198757764,-0.03881987577639751,644
2022-08-31 21:00:00,0.106603,-0.07833333333333334,600
2022-08-31 22:00:00,0.05406490299823633,-0.07054673721340388,567
2022-08-31 23:00:00,0.07603471074380166,-0.047520661157024795,484
2022-09-01 00:00:00,0.10095066921606118,-0.0248565965583174,523
2022-09-01 01:00:00,0.09431238532110091,-0.052752293577981654,436
2022-09-01 02:00:00,0.1387204954954955,-0.02252252252252252,444
2022-09-01 03:00:00,0.12730962962962963,0.03950617283950617,405
2022-09-01 04:00:00,0.09702733485193622,-0.02050113895216401,439
2022-09-01 05:00:00,0.13789008438818565,0.04008438818565401,474
2022-09-01 06:00:00,0.11757018867924528,-0.011320754716981131,530
2022-09-01 07:00:00,0.08537279549718574,-0.0600375234521576,533
2022-09-01 08:00:00,0.07829568788501028,-0.055441478439425054,487
2022-09-01 09:00:00,0.09542661654135338,-0.03759398496240601,665
2022-09-01 10:00:00,0.10622762186115214,-0.029542097488921712,677
2022-09-01 11:00:00,0.11570545454545454,-0.03787878787878788,660
2022-09-01 12:00:00,0.12090440587449934,-0.029372496662216287,749
2022-09-01 13:00:00,0.16217863145258102,0.1092436974789916,833
2022-09-01 14:00:00,0.1968644522144522,0.027972027972027972,858
2022-09-01 15:00:00,0.19018078703703706,0.0775462962962963,864
2022-09-01 16:00:00,0.10403673740053052,-0.026525198938992044,754
2022-09-01 17:00:00,0.12579544235924933,-0.029490616621983913,746
2022-09-01 18:00:00,0.08982680115273776,-0.10951008645533142,694
2022-09-01 19:00:00,0.09088039215686275,-0.0457516339869281,612
2022-09-01 20:00:00,0.10128034321372854,-0.057722308892355696,641
2022-09-01 21:00:00,0.22529485094850946,0.037940379403794036,738
2022-09-01 22:00:00,0.16119824,0.0848,625
2022-09-01 23:00:00,0.057067299578059075,-0.035864978902953586,474
2022-09-02 00:00:00,0.12526829787234042,0.036170212765957444,470
2022-09-02 01:00:00,0.08614878048780487,-0.0022172949002217295,451
2022-09-02 02:00:00,0.1207363184079602,-0.009950248756218905,402
2022-09-02 03:00:00,0.07800962441314555,-0.03051643192488263,426
2022-09-02 04:00:00,0.0764620218579235,0.00273224043715847,366
2022-09-02 05:00:00,0.0714492385786802,-0.027918781725888325,394
2022-09-02 06:00:00,0.13853604166666666,0.052083333333333336,480
2022-09-02 07:00:00,0.08840042372881356,-0.019067796610169493,472
2022-09-02 08:00:00,0.09648047210300428,-0.01072961373390558,466
2022-09-02 09:00:00,0.18562375690607735,0.04604051565377532,543
2022-09-02 10:00:00,0.16478103703703703,-0.01925925925925926,675
2022-09-02 11:00:00,0.11363957654723127,-0.021172638436482084,614
2022-09-02 12:00:00,0.1278935960591133,-0.0024630541871921183,812
2022-09-02 13:00:00,0.09181414634146341,-0.032926829268292684,820
2022-09-02 14:00:00,0.1417091603053435,-0.011450381679389313,786
2022-09-02 15:00:00,0.1383725663716814,-0.025284450063211124,791
2022-09-02 16:00:00,0.13197956204379563,-0.013138686131386862,685
2022-09-02 17:00:00,0.09792675496688742,-0.03708609271523179,755
2022-09-02 18:00:00,0.06422577065351417,-0.1319358816276202,811
2022-09-02 19:00:00,0.12801216374269006,0.017543859649122806,855
2022-09-02 20:00:00,0.17320977542932628,-0.013210039630118891,757
2022-09-02 21:00:00,0.20243715710723192,0.12967581047381546,802
2022-09-02 22:00:00,0.1692702743902439,0.056402439024390245,656
2022-09-02 23:00:00,0.12421087378640777,0.015533980582524271,515
2022-09-03 00:00:00,0.0,0.0,0
2022-09-03 01:00:00,0.0,0.0,0
2022-09-03 02:00:00,0.0,0.0,0
2022-09-03 03:00:00,0.0,0.0,0
2022-09-03 04:00:00,0.0,0.0,0
2022-09-03 05:00:00,0.0,0.0,0
2022-09-03 06:00:00,0.0,0.0,0
2022-09-03 07:00:00,0.0,0.0,0
2022-09-03 08:00:00,0.0,0.0,0
2022-09-03 09:00:00,0.0,0.0,0
2022-09-03 10:00:00,0.0,0.0,0
2022-09-03 11:00:00,0.0,0.0,0
2022-09-03 12:00:00,0.11705818181818183,-0.03636363636363636,110
2022-09-03 13:00:00,0.1370335051546392,-0.024054982817869417,582
2022-09-03 14:00:00,0.11085467980295566,-0.026272577996715927,609
2022-09-03 15:00:00,0.16117196969696967,-0.025757575757575757,660
2022-09-03 16:00:00,0.14202825719120135,-0.06598984771573604,591
2022-09-03 17:00:00,0.11461715976331362,-0.07248520710059171,676
2022-09-03 18:00:00,0.059170875,-0.0775,800
2022-09-03 19:00:00,0.11853541401273886,-0.014012738853503185,785
2022-09-03 20:00:00,0.09604207573632538,-0.05750350631136045,713
2022-09-03 21:00:00,0.1224636231884058,-0.0463768115942029,690
2022-09-03 22:00:00,0.10371177606177606,-0.04826254826254826,518
2022-09-03 23:00:00,0.13605293005671076,0.005671077504725898,529
2022-09-04 00:00:00,0.0,0.0,0
2022-09-04 01:00:00,0.0,0.0,0
2022-09-04 02:00:00,0.0,0.0,0
2022-09-04 03:00:00,0.0,0.0,0
2022-09-04 04:00:00,0.0,0.0,0
2022-09-04 05:00:00,0.0,0.0,0
2022-09-04 06:00:00,0.0,0.0,0
2022-09-04 07:00:00,0.0,0.0,0
2022-09-04 08:00:00,0.0,0.0,0
2022-09-04 09:00:00,0.0,0.0,0
2022-09-04 10:00:00,0.0,0.0,0
2022-09-04 11:00:00,0.0,0.0,0
2022-09-04 12:00:00,0.0,0.0,0
2022-09-04 13:00:00,0.0,0.0,0
2022-09-04 14:00:00,0.0,0.0,0
2022-09-04 15:00:00,0.0,0.0,0
2022-09-04 16:00:00,0.0,0.0,0
2022-09-04 17:00:00,0.0,0.0,0
2022-09-04 18:00:00,0.0,0.0,0
2022-09-04 19:00:00,0.18885914221218963,-0.006772009029345372,443
2022-09-04 20:00:00,0.13669439775910364,-0.0196078431372549,714
2022-09-04 21:00:00,0.10088371735791092,-0.06605222734254992,651
2022-09-04 22:00:00,0.10559966159052453,-0.06598984771573604,591
2022-09-04 23:00:00,0.10288086419753086,-0.037037037037037035,648
2022-09-05 00:00:00,0.0,0.0,0
2022-09-05 01:00:00,0.0,0.0,0
2022-09-05 02:00:00,0.0,0.0,0
2022-09-05 03:00:00,0.0,0.0,0
2022-09-05 04:00:00,0.0,0.0,0
2022-09-05 05:00:00,0.0,0.0,0
2022-09-05 06:00:00,0.0,0.0,0
2022-09-05 07:00:00,0.0,0.0,0
2022-09-05 08:00:00,0.0,0.0,0
2022-09-05 09:00:00,0.0,0.0,0
2022-09-05 10:00:00,0.0,0.0,0
2022-09-05 11:00:00,0.0,0.0,0
2022-09-05 12:00:00,0.0,0.0,0
2022-09-05 13:00:00,0.0,0.0,0
2022-09-05 14:00:00,0.0,0.0,0
2022-09-05 15:00:00,0.0,0.0,0
2022-09-05 16:00:00,0.0,0.0,0
2022-09-05 17:00:00,0.0,0.0,0
2022-09-05 18:00:00,0.0,0.0,0
2022-09-05 19:00:00,0.0,0.0,0
2022-09-05 20:00:00,0.0,0.0,0
2022-09-05 21:00:00,0.0,0.0,0
2022-09-05 22:00:00,0.0,0.0,0
2022-09-05 23:00:00,0.0,0.0,0
2022-09-06 00:00:00,0.0,0.0,0
2022-09-06 01:00:00,0.0,0.0,0
2022-09-06 02:00:00,0.0,0.0,0
2022-09-06 03:00:00,0.0,0.0,0
2022-09-06 04:00:00,0.0,0.0,0
2022-09-06 05:00:00,0.0,0.0,0
2022-09-06 06:00:00,0.0,0.0,0
2022-09-06 07:00:00,0.0,0.0,0
2022-09-06 08:00:00,0.0,0.0,0
2022-09-06 09:00:00,0.0,0.0,0
2022-09-06 10:00:00,0.0,0.0,0
2022-09-06 11:00:00,0.0,0.0,0
2022-09-06 12:00:00,0.0,0.0,0
2022-09-06 13:00:00,0.0,0.0,0
2022-09-06 14:00:00,0.0,0.0,0
2022-09-06 15:00:00,0.0,0.0,0
2022-09-06 16:00:00,0.0,0.0,0
2022-09-06 17:00:00,0.0,0.0,0
2022-09-06 18:00:00,0.0,0.0,0
2022-09-06 19:00:00,0.0,0.0,0
2022-09-06 20:00:00,0.0,0.0,0
2022-09-06 21:00:00,0.0,0.0,0
2022-09-06 22:00:00,0.0,0.0,0
2022-09-06 23:00:00,0.0,0.0,0
2022-09-07 00:00:00,0.0,0.0,0
2022-09-07 01:00:00,0.0,0.0,0
2022-09-07 02:00:00,0.0,0.0,0
2022-09-07 03:00:00,0.0,0.0,0
2022-09-07 04:00:00,0.0,0.0,0
2022-09-07 05:00:00,0.0,0.0,0
2022-09-07 06:00:00,0.0,0.0,0
2022-09-07 07:00:00,0.0,0.0,0
2022-09-07 08:00:00,0.0,0.0,0
2022-09-07 09:00:00,0.0,0.0,0
2022-09-07 10:00:00,0.0,0.0,0
2022-09-07 11:00:00,0.0,0.0,0
2022-09-07 12:00:00,0.0,0.0,0
2022-09-07 13:00:00,0.0,0.0,0
2022-09-07 14:00:00,0.0,0.0,0
2022-09-07 15:00:00,0.0,0.0,0
2022-09-07 16:00:00,0.0,0.0,0
2022-09-07 17:00:00,0.0,0.0,0
2022-09-07 18:00:00,0.0,0.0,0
2022-09-07 19:00:00,0.0,0.0,0
2022-09-07 20:00:00,0.0,0.0,0
2022-09-07 21:00:00,0.0,0.0,0
2022-09-07 22:00:00,0.0,0.0,0
2022-09-07 23:00:00,0.0,0.0,0
2022-09-08 00:00:00,0.0,0.0,0
2022-09-08 01:00:00,0.0,0.0,0
2022-09-08 02:00:00,0.0,0.0,0
2022-09-08 03:00:00,0.0,0.0,0
2022-09-08 04:00:00,0.0,0.0,0
2022-09-08 05:00:00,0.0,0.0,0
2022-09-08 06:00:00,0.0,0.0,0
2022-09-08 07:00:00,0.0,0.0,0
2022-09-08 08:00:00,0.0,0.0,0
2022-09-08 09:00:00,0.0,0.0,0
2022-09-08 10:00:00,0.0,0.0,0
2022-09-08 11:00:00,0.0,0.0,0
2022-09-08 12:00:00,0.0,0.0,0
2022-09-08 13:00:00,0.0,0.0,0
2022-09-08 14:00:00,0.0,0.0,0
2022-09-08 15:00:00,0.0,0.0,0
2022-09-08 16:00:00,0.0,0.0,0
2022-09-08 17:00:00,0.0,0.0,0
2022-09-08 18:00:00,0.0,0.0,0
2022-09-08 19:00:00,0.0,0.0,0
2022-09-08 20:00:00,0.0,0.0,0
2022-09-08 21:00:00,0.0,0.0,0
2022-09-08 22:00:00,0.0,0.0,0
2022-09-08 23:00:00,0.0,0.0,0
2022-09-09 00:00:00,0.0,0.0,0
2022-09-09 01:00:00,0.0,0.0,0
2022-09-09 02:00:00,0.0,0.0,0
2022-09-09 03:00:00,0.0,0.0,0
2022-09-09 04:00:00,0.0,0.0,0
2022-09-09 05:00:00,0.0,0.0,0
2022-09-09 06:00:00,0.0,0.0,0
2022-09-09 07:00:00,0.0,0.0,0
2022-09-09 08:00:00,0.0,0.0,0
2022-09-09 09:00:00,0.0,0.0,0
2022-09-09 10:00:00,0.0,0.0,0
2022-09-09 11:00:00,0.0,0.0,0
2022-09-09 12:00:00,0.0,0.0,0
2022-09-09 13:00:00,0.0,0.0,0
2022-09-09 14:00:00,0.0,0.0,0
2022-09-09 15:00:00,0.0,0.0,0
2022-09-09 16:00:00,0.0,0.0,0
2022-09-09 17:00:00,0.0,0.0,0
2022-09-09 18:00:00,0.0,0.0,0
2022-09-09 19:00:00,0.0,0.0,0
2022-09-09 20:00:00,0.0,0.0,0
2022-09-09 21:00:00,0.0,0.0,0
2022-09-09 22:00:00,0.0,0.0,0
2022-09-09 23:00:00,0.0,0.0,0
2022-09-10 00:00:00,0.0,0.0,0
2022-09-10 01:00:00,0.0,0.0,0
2022-09-10 02:00:00,0.0,0.0,0
2022-09-10 03:00:00,0.0,0.0,0
2022-09-10 04:00:00,0.0,0.0,0
2022-09-10 05:00:00,0.0,0.0,0
2022-09-10 06:00:00,0.0,0.0,0
2022-09-10 07:00:00,0.0,0.0,0
2022-09-10 08:00:00,0.0,0.0,0
2022-09-10 09:00:00,0.0,0.0,0
2022-09-10 10:00:00,0.0,0.0,0
2022-09-10 11:00:00,0.0,0.0,0
2022-09-10 12:00:00,0.0,0.0,0
2022-09-10 13:00:00,0.0,0.0,0
2022-09-10 14:00:00,0.0,0.0,0
2022-09-10 15:00:00,0.0,0.0,0
2022-09-10 16:00:00,0.0,0.0,0
2022-09-10 17:00:00,0.0,0.0,0
2022-09-10 18:00:00,0.0,0.0,0
2022-09-10 19:00:00,0.0,0.0,0
2022-09-10 20:00:00,0.0,0.0,0
2022-09-10 21:00:00,0.0,0.0,0
2022-09-10 22:00:00,0.0,0.0,0
2022-09-10 23:00:00,0.0,0.0,0
2022-09-11 00:00:00,0.0,0.0,0
2022-09-11 01:00:00,0.0,0.0,0
2022-09-11 02:00:00,0.0,0.0,0
2022-09-11 03:00:00,0.0,0.0,0
2022-09-11 04:00:00,0.0,0.0,0
2022-09-11 05:00:00,0.0,0.0,0
2022-09-11 06:00:00,0.0,0.0,0
2022-09-11 07:00:00,0.0,0.0,0
2022-09-11 08:00:00,0.0,0.0,0
2022-09-11 09:00:00,0.0,0.0,0
2022-09-11 10:00:00,0.0,0.0,0
2022-09-11 11:00:00,0.0,0.0,0
2022-09-11 12:00:00,0.0,0.0,0
2022-09-11 13:00:00,0.0,0.0,0
2022-09-11 14:00:00,0.24085105633802814,0.125,568
2022-09-11 15:00:00,0.19941045531197302,0.05902192242833052,593
2022-09-11 16:00:00,0.14899132947976879,0.09104046242774566,692
2022-09-11 17:00:00,0.1215825806451613,0.020967741935483872,620
2022-09-11 18:00:00,0.12497823834196893,-0.04317789291882556,579
2022-09-11 19:00:00,0.17690314960629921,0.17480314960629922,635
2022-09-11 20:00:00,0.15785886402753874,0.08089500860585198,581
2022-09-11 21:00:00,0.188536013986014,0.16783216783216784,572
2022-09-11 22:00:00,0.1606914760914761,0.10602910602910603,481
2022-09-11 23:00:00,0.13947298050139276,0.07242339832869081,359
2022-09-12 00:00:00,0.14830388349514562,0.03398058252427184,412
2022-09-12 01:00:00,0.1955363790186125,0.09475465313028765,591
2022-09-12 02:00:00,0.15964096153846155,0.01730769230769231,520
2022-09-12 03:00:00,0.11179598997493734,-0.012531328320802004,399
2022-09-12 04:00:00,0.12027412790697674,-0.00872093023255814,344
2022-09-12 05:00:00,0.12878192771084337,0.03614457831325301,415
2022-09-12 06:00:00,0.13946139954853273,0.004514672686230248,443
2022-09-12 07:00:00,0.139221044045677,0.11256117455138662,613
2022-09-12 08:00:00,0.14811724137931034,0.04655172413793104,580
2022-09-12 09:00:00,0.20301199324324323,0.11486486486486487,592
2022-09-12 10:00:00,0.17856460843373495,0.10843373493975904,664
2022-09-12 11:00:00,0.1522365747460087,0.06676342525399129,689
2022-09-12 12:00:00,0.14475529131985732,0.013079667063020214,841
2022-09-12 13:00:00,0.2005774922918808,0.13052415210688592,973
2022-09-12 14:00:00,0.27972891344383055,0.21178637200736647,1086
2022-09-12 15:00:00,0.18753695920889987,0.05686032138442522,809
2022-09-12 16:00:00,0.17051341772151898,0.027848101265822784,790
2022-09-12 17:00:00,0.18619779141104295,0.07484662576687116,815
2022-09-12 18:00:00,0.10720948717948718,-0.028205128205128206,780
2022-09-12 19:00:00,0.1572347619047619,0.047619047619047616,840
2022-09-12 20:00:00,0.2477953828828829,0.20157657657657657,888
2022-09-12 21:00:00,0.2097752671755725,0.12213740458015267,655
2022-09-12 22:00:00,0.15561985815602836,0.12056737588652482,564
2022-09-12 23:00:00,0.18797506234413966,0.06733167082294264,401
2022-09-13 00:00:00,0.13169757462686568,0.055970149253731345,536
2022-09-13 01:00:00,0.15302662192393737,0.049217002237136466,447
2022-09-13 02:00:00,0.12340550847457626,-0.006355932203389831,472
2022-09-13 03:00:00,0.1540546460176991,0.05309734513274336,452
2022-09-13 04:00:00,0.13244306569343067,-0.0072992700729927005,411
2022-09-13 05:00:00,0.1821271111111111,0.051111111111111114,450
2022-09-13 06:00:00,0.1707869980879541,0.05736137667304015,523
2022-09-13 07:00:00,0.1871231053604436,0.08317929759704251,541
2022-09-13 08:00:00,0.14581592775041052,0.06239737274220033,609
2022-09-13 09:00:00,0.14519787234042553,0.060556464811783964,611
2022-09-13 10:00:00,0.14549076682316117,0.009389671361502348,639
2022-09-13 11:00:00,0.15755372405372403,0.07692307692307693,819
2022-09-13 12:00:00,0.08550643185298622,-0.07963246554364471,1306
2022-09-13 13:00:00,0.0738377192982456,-0.11052631578947368,1140
2022-09-13 14:00:00,0.10858502463054188,-0.03645320197044335,1015
2022-09-13 15:00:00,0.1345817610062893,-0.03668763102725367,954
2022-09-13 16:00:00,0.09770969626168224,-0.015186915887850467,856
2022-09-13 17:00:00,0.1767963855421687,0.03253012048192771,830
2022-09-13 18:00:00,0.10528231368186876,-0.058954393770856504,899
2022-09-13 19:00:00,0.13095827751196173,-0.03349282296650718,1045
2022-09-13 20:00:00,0.1059242209631728,-0.05524079320113314,706
2022-09-13 21:00:00,0.09163879194630872,-0.087248322147651,745
2022-09-13 22:00:00,0.10172091194968554,-0.07232704402515723,636
2022-09-13 23:00:00,0.11180554592720972,-0.008665511265164644,577
2022-09-14 00:00:00,0.15196924493554329,-0.009208103130755065,543
2022-09-14 01:00:00,0.07152624521072797,-0.10344827586206896,522
2022-09-14 02:00:00,0.11471674208144796,-0.013574660633484163,442
2022-09-14 03:00:00,0.12618071428571428,-0.0761904761904762,420
2022-09-14 04:00:00,0.08671923076923077,-0.055288461538461536,416
2022-09-14 05:00:00,0.13625817805383025,0.004140786749482402,483
2022-09-14 06:00:00,0.13691561996779386,-0.02254428341384863,621
2022-09-14 07:00:00,0.109370819112628,-0.10409556313993173,586
2022-09-14 08:00:00,0.1211760539629005,-0.02023608768971332,593
2022-09-14 09:00:00,0.12984497153700192,-0.05502846299810247,527
2022-09-14 10:00:00,0.11807222222222223,-0.022569444444444444,576
2022-09-14 11:00:00,0.13500408684546616,-0.01277139208173691,783
2022-09-14 12:00:00,0.12245930568948891,-0.0665380906460945,1037
2022-09-14 13:00:00,0.132791280148423,-0.0640074211502783,1078
2022-09-14 14:00:00,0.14939492293744333,-0.024478694469628286,1103
2022-09-14 15:00:00,0.09924953751284686,-0.06680369989722508,973
2022-09-14 16:00:00,0.17256972076788832,0.07329842931937172,1146
2022-09-14 17:00:00,0.12580465346534653,-0.0594059405940594,1010
2022-09-14 18:00:00,0.08993501779359431,-0.08185053380782918,1405
2022-09-14 19:00:00,0.11807285861713106,-0.05779153766769866,969
2022-09-14 20:00:00,0.10280217142857144,-0.09828571428571428,875
2022-09-14 21:00:00,0.07741654929577464,-0.06455399061032864,852
2022-09-14 22:00:00,0.13346849315068493,-0.0410958904109589,730
2022-09-14 23:00:00,0.16748276972624798,-0.037037037037037035,621
2022-09-15 00:00:00,0.0,0.0,0
2022-09-15 01:00:00,0.0,0.0,0
2022-09-15 02:00:00,0.0,0.0,0
2022-09-15 03:00:00,0.0,0.0,0
2022-09-15 04:00:00,0.0,0.0,0
2022-09-15 05:00:00,0.0,0.0,0
2022-09-15 06:00:00,0.0,0.0,0
2022-09-15 07:00:00,0.0,0.0,0
2022-09-15 08:00:00,0.0,0.0,0
2022-09-15 09:00:00,0.0,0.0,0
2022-09-15 10:00:00,0.0,0.0,0
2022-09-15 11:00:00,0.0,0.0,0
2022-09-15 12:00:00,0.0,0.0,0
2022-09-15 13:00:00,0.0,0.0,0
2022-09-15 14:00:00,0.0,0.0,0
2022-09-15 15:00:00,0.0,0.0,0
2022-09-15 16:00:00,0.0,0.0,0
2022-09-15 17:00:00,0.0,0.0,0
2022-09-15 18:00:00,0.0,0.0,0
2022-09-15 19:00:00,0.0,0.0,0
2022-09-15 20:00:00,0.0,0.0,0
2022-09-15 21:00:00,0.0,0.0,0
2022-09-15 22:00:00,0.0,0.0,0
2022-09-15 23:00:00,0.0,0.0,0
2022-09-16 00:00:00,0.0,0.0,0
2022-09-16 01:00:00,0.0,0.0,0
2022-09-16 02:00:00,0.0,0.0,0
2022-09-16 03:00:00,0.0,0.0,0
2022-09-16 04:00:00,0.0,0.0,0
2022-09-16 05:00:00,0.0,0.0,0
2022-09-16 06:00:00,0.0,0.0,0
2022-09-16 07:00:00,0.0,0.0,0
2022-09-16 08:00:00,0.0,0.0,0
2022-09-16 09:00:00,0.0,0.0,0
2022-09-16 10:00:00,0.0,0.0,0
2022-09-16 11:00:00,0.0,0.0,0
2022-09-16 12:00:00,0.0,0.0,0
2022-09-16 13:00:00,0.0,0.0,0
2022-09-16 14:00:00,0.0,0.0,0
2022-09-16 15:00:00,0.0,0.0,0
2022-09-16 16:00:00,0.0,0.0,0
2022-09-16 17:00:00,0.0,0.0,0
2022-09-16 18:00:00,0.0,0.0,0
2022-09-16 19:00:00,0.0,0.0,0
2022-09-16 20:00:00,0.0,0.0,0
2022-09-16 21:00:00,0.0,0.0,0
2022-09-16 22:00:00,0.0,0.0,0
2022-09-16 23:00:00,0.0,0.0,0
2022-09-17 00:00:00,0.0,0.0,0
2022-09-17 01:00:00,0.0,0.0,0
2022-09-17 02:00:00,0.0,0.0,0
2022-09-17 03:00:00,0.0,0.0,0
2022-09-17 04:00:00,0.0,0.0,0
2022-09-17 05:00:00,0.0,0.0,0
2022-09-17 06:00:00,0.0,0.0,0
2022-09-17 07:00:00,0.0,0.0,0
2022-09-17 08:00:00,0.0,0.0,0
2022-09-17 09:00:00,0.0,0.0,0
2022-09-17 10:00:00,0.0,0.0,0
2022-09-17 11:00:00,0.0,0.0,0
2022-09-17 12:00:00,0.0,0.0,0
2022-09-17 13:00:00,0.0,0.0,0
2022-09-17 14:00:00,0.0,0.0,0
2022-09-17 15:00:00,0.0,0.0,0
2022-09-17 16:00:00,0.0,0.0,0
2022-09-17 17:00:00,0.0,0.0,0
2022-09-17 18:00:00,0.0,0.0,0
2022-09-17 19:00:00,0.0,0.0,0
2022-09-17 20:00:00,0.0,0.0,0
2022-09-17 21:00:00,0.0,0.0,0
2022-09-17 22:00:00,0.0,0.0,0
2022-09-17 23:00:00,0.0,0.0,0
2022-09-18 00:00:00,0.0,0.0,0
2022-09-18 01:00:00,0.0,0.0,0
2022-09-18 02:00:00,0.0,0.0,0
2022-09-18 03:00:00,0.0,0.0,0
2022-09-18 04:00:00,0.0,0.0,0
2022-09-18 05:00:00,0.0,0.0,0
2022-09-18 06:00:00,0.0,0.0,0
2022-09-18 07:00:00,0.0,0.0,0
2022-09-18 08:00:00,0.0,0.0,0
2022-09-18 09:00:00,0.0,0.0,0
2022-09-18 10:00:00,0.0,0.0,0
2022-09-18 11:00:00,0.0,0.0,0
2022-09-18 12:00:00,0.0,0.0,0
2022-09-18 13:00:00,0.0,0.0,0
2022-09-18 14:00:00,0.0,0.0,0
2022-09-18 15:00:00,0.0,0.0,0
2022-09-18 16:00:00,0.0,0.0,0
2022-09-18 17:00:00,0.0,0.0,0
2022-09-18 18:00:00,0.0,0.0,0
2022-09-18 19:00:00,0.0,0.0,0
2022-09-18 20:00:00,0.0,0.0,0
2022-09-18 21:00:00,0.0,0.0,0
2022-09-18 22:00:00,0.0,0.0,0
2022-09-18 23:00:00,0.0,0.0,0
2022-09-19 00:00:00,0.0,0.0,0
2022-09-19 01:00:00,0.0,0.0,0
2022-09-19 02:00:00,0.0,0.0,0
2022-09-19 03:00:00,0.0,0.0,0
2022-09-19 04:00:00,0.0,0.0,0
2022-09-19 05:00:00,0.0,0.0,0
2022-09-19 06:00:00,0.0,0.0,0
2022-09-19 07:00:00,0.0,0.0,0
2022-09-19 08:00:00,0.0,0.0,0
2022-09-19 09:00:00,0.0,0.0,0
2022-09-19 10:00:00,0.0,0.0,0
2022-09-19 11:00:00,0.0,0.0,0
2022-09-19 12:00:00,0.0,0.0,0
2022-09-19 13:00:00,0.0,0.0,0
2022-09-19 14:00:00,0.0,0.0,0
2022-09-19 15:00:00,0.0,0.0,0
2022-09-19 16:00:00,0.0,0.0,0
2022-09-19 17:00:00,0.0,0.0,0
2022-09-19 18:00:00,0.0,0.0,0
2022-09-19 19:00:00,0.0,0.0,0
2022-09-19 20:00:00,0.0,0.0,0
2022-09-19 21:00:00,0.0,0.0,0
2022-09-19 22:00:00,0.0,0.0,0
2022-09-19 23:00:00,0.0,0.0,0
2022-09-20 00:00:00,0.0,0.0,0
2022-09-20 01:00:00,0.0,0.0,0
2022-09-20 02:00:00,0.0,0.0,0
2022-09-20 03:00:00,0.0,0.0,0
2022-09-20 04:00:00,0.0,0.0,0
2022-09-20 05:00:00,0.0,0.0,0
2022-09-20 06:00:00,0.0,0.0,0
2022-09-20 07:00:00,0.0,0.0,0
2022-09-20 08:00:00,0.0,0.0,0
2022-09-20 09:00:00,0.0,0.0,0
2022-09-20 10:00:00,0.0,0.0,0
2022-09-20 11:00:00,0.0,0.0,0
2022-09-20 12:00:00,0.0,0.0,0
2022-09-20 13:00:00,0.0,0.0,0
2022-09-20 14:00:00,0.0,0.0,0
2022-09-20 15:00:00,0.0,0.0,0
2022-09-20 16:00:00,0.0,0.0,0
2022-09-20 17:00:00,0.0,0.0,0
2022-09-20 18:00:00,0.0,0.0,0
2022-09-20 19:00:00,0.0,0.0,0
2022-09-20 20:00:00,0.0,0.0,0
2022-09-20 21:00:00,0.0,0.0,0
2022-09-20 22:00:00,0.0,0.0,0
2022-09-20 23:00:00,0.0,0.0,0
2022-09-21 00:00:00,0.0,0.0,0
2022-09-21 01:00:00,0.0,0.0,0
2022-09-21 02:00:00,0.0,0.0,0
2022-09-21 03:00:00,0.0,0.0,0
2022-09-21 04:00:00,0.0,0.0,0
2022-09-21 05:00:00,0.0,0.0,0
2022-09-21 06:00:00,0.0,0.0,0
2022-09-21 07:00:00,0.0,0.0,0
2022-09-21 08:00:00,0.0,0.0,0
2022-09-21 09:00:00,0.0,0.0,0
2022-09-21 10:00:00,0.0,0.0,0
2022-09-21 11:00:00,0.0,0.0,0
2022-09-21 12:00:00,0.0,0.0,0
2022-09-21 13:00:00,0.0,0.0,0
2022-09-21 14:00:00,0.0,0.0,0
2022-09-21 15:00:00,0.0,0.0,0
2022-09-21 16:00:00,0.0,0.0,0
2022-09-21 17:00:00,0.0,0.0,0
2022-09-21 18:00:00,0.0,0.0,0
2022-09-21 19:00:00,0.0,0.0,0
2022-09-21 20:00:00,0.0,0.0,0
2022-09-21 21:00:00,0.0,0.0,0
2022-09-21 22:00:00,0.0,0.0,0
2022-09-21 23:00:00,0.0,0.0,0
2022-09-22 00:00:00,0.0,0.0,0
2022-09-22 01:00:00,0.0,0.0,0
2022-09-22 02:00:00,0.0,0.0,0
2022-09-22 03:00:00,0.0,0.0,0
2022-09-22 04:00:00,0.0,0.0,0
2022-09-22 05:00:00,0.0,0.0,0
2022-09-22 06:00:00,0.0,0.0,0
2022-09-22 07:00:00,0.0,0.0,0
2022-09-22 08:00:00,0.0,0.0,0
2022-09-22 09:00:00,0.0,0.0,0
2022-09-22 10:00:00,0.0,0.0,0
2022-09-22 11:00:00,0.0,0.0,0
2022-09-22 12:00:00,0.0,0.0,0
2022-09-22 13:00:00,0.0,0.0,0
2022-09-22 14:00:00,0.0,0.0,0
2022-09-22 15:00:00,0.0,0.0,0
2022-09-22 16:00:00,0.0,0.0,0
2022-09-22 17:00:00,0.0,0.0,0
2022-09-22 18:00:00,0.0,0.0,0
2022-09-22 19:00:00,0.0,0.0,0
2022-09-22 20:00:00,0.0,0.0,0
2022-09-22 21:00:00,0.0,0.0,0
2022-09-22 22:00:00,0.0,0.0,0
2022-09-22 23:00:00,0.0,0.0,0
2022-09-23 00:00:00,0.0,0.0,0
2022-09-23 01:00:00,0.0,0.0,0
2022-09-23 02:00:00,0.0,0.0,0
2022-09-23 03:00:00,0.0,0.0,0
2022-09-23 04:00:00,0.0,0.0,0
2022-09-23 05:00:00,0.0,0.0,0
2022-09-23 06:00:00,0.0,0.0,0
2022-09-23 07:00:00,0.0,0.0,0
2022-09-23 08:00:00,0.0,0.0,0
2022-09-23 09:00:00,0.0,0.0,0
2022-09-23 10:00:00,0.0,0.0,0
2022-09-23 11:00:00,0.0,0.0,0
2022-09-23 12:00:00,0.0,0.0,0
2022-09-23 13:00:00,0.0,0.0,0
2022-09-23 14:00:00,0.0,0.0,0
2022-09-23 15:00:00,0.0,0.0,0
2022-09-23 16:00:00,0.0,0.0,0
2022-09-23 17:00:00,0.0,0.0,0
2022-09-23 18:00:00,0.0,0.0,0
2022-09-23 19:00:00,0.0,0.0,0
2022-09-23 20:00:00,0.0,0.0,0
2022-09-23 21:00:00,0.0,0.0,0
2022-09-23 22:00:00,0.0,0.0,0
2022-09-23 23:00:00,0.0,0.0,0
2022-09-24 00:00:00,0.0,0.0,0
2022-09-24 01:00:00,0.0,0.0,0
2022-09-24 02:00:00,0.0,0.0,0
2022-09-24 03:00:00,0.0,0.0,0
2022-09-24 04:00:00,0.0,0.0,0
2022-09-24 05:00:00,0.0,0.0,0
2022-09-24 06:00:00,0.0,0.0,0
2022-09-24 07:00:00,0.0,0.0,0
2022-09-24 08:00:00,0.0,0.0,0
2022-09-24 09:00:00,0.0,0.0,0
2022-09-24 10:00:00,0.0,0.0,0
2022-09-24 11:00:00,0.0,0.0,0
2022-09-24 12:00:00,0.0,0.0,0
2022-09-24 13:00:00,0.0,0.0,0
2022-09-24 14:00:00,0.0,0.0,0
2022-09-24 15:00:00,0.0,0.0,0
2022-09-24 16:00:00,0.0,0.0,0
2022-09-24 17:00:00,0.0,0.0,0
2022-09-24 18:00:00,0.0,0.0,0
2022-09-24 19:00:00,0.0,0.0,0
2022-09-24 20:00:00,0.0,0.0,0
2022-09-24 21:00:00,0.0,0.0,0
2022-09-24 22:00:00,0.0,0.0,0
2022-09-24 23:00:00,0.0,0.0,0
2022-09-25 00:00:00,0.0,0.0,0
2022-09-25 01:00:00,0.0,0.0,0
2022-09-25 02:00:00,0.0,0.0,0
2022-09-25 03:00:00,0.0,0.0,0
2022-09-25 04:00:00,0.0,0.0,0
2022-09-25 05:00:00,0.0,0.0,0
2022-09-25 06:00:00,0.0,0.0,0
2022-09-25 07:00:00,0.0,0.0,0
2022-09-25 08:00:00,0.0,0.0,0
2022-09-25 09:00:00,0.0,0.0,0
2022-09-25 10:00:00,0.0,0.0,0
2022-09-25 11:00:00,0.0,0.0,0
2022-09-25 12:00:00,0.0,0.0,0
2022-09-25 13:00:00,0.0,0.0,0
2022-09-25 14:00:00,0.0,0.0,0
2022-09-25 15:00:00,0.0,0.0,0
2022-09-25 16:00:00,0.0,0.0,0
2022-09-25 17:00:00,0.0,0.0,0
2022-09-25 18:00:00,0.0,0.0,0
2022-09-25 19:00:00,0.0,0.0,0
2022-09-25 20:00:00,0.0,0.0,0
2022-09-25 21:00:00,0.0,0.0,0
2022-09-25 22:00:00,0.0,0.0,0
2022-09-25 23:00:00,0.0,0.0,0
2022-09-26 00:00:00,0.0,0.0,0
2022-09-26 01:00:00,0.0,0.0,0
2022-09-26 02:00:00,0.0,0.0,0
2022-09-26 03:00:00,0.0,0.0,0
2022-09-26 04:00:00,0.0,0.0,0
2022-09-26 05:00:00,0.0,0.0,0
2022-09-26 06:00:00,0.0,0.0,0
2022-09-26 07:00:00,0.0,0.0,0
2022-09-26 08:00:00,0.0,0.0,0
2022-09-26 09:00:00,0.0,0.0,0
2022-09-26 10:00:00,0.0,0.0,0
2022-09-26 11:00:00,0.0,0.0,0
2022-09-26 12:00:00,0.0,0.0,0
2022-09-26 13:00:00,0.0,0.0,0
2022-09-26 14:00:00,0.0,0.0,0
2022-09-26 15:00:00,0.0,0.0,0
2022-09-26 16:00:00,0.0,0.0,0
2022-09-26 17:00:00,0.0,0.0,0
2022-09-26 18:00:00,0.0,0.0,0
2022-09-26 19:00:00,0.0,0.0,0
2022-09-26 20:00:00,0.0,0.0,0
2022-09-26 21:00:00,0.0,0.0,0
2022-09-26 22:00:00,0.0,0.0,0
2022-09-26 23:00:00,0.0,0.0,0
2022-09-27 00:00:00,0.0,0.0,0
2022-09-27 01:00:00,0.0,0.0,0
2022-09-27 02:00:00,0.0,0.0,0
2022-09-27 03:00:00,0.0,0.0,0
2022-09-27 04:00:00,0.0,0.0,0
2022-09-27 05:00:00,0.0,0.0,0
2022-09-27 06:00:00,0.0,0.0,0
2022-09-27 07:00:00,0.0,0.0,0
2022-09-27 08:00:00,0.0,0.0,0
2022-09-27 09:00:00,0.0,0.0,0
2022-09-27 10:00:00,0.0,0.0,0
2022-09-27 11:00:00,0.0,0.0,0
2022-09-27 12:00:00,0.0,0.0,0
2022-09-27 13:00:00,0.0,0.0,0
2022-09-27 14:00:00,0.0,0.0,0
2022-09-27 15:00:00,0.0,0.0,0
2022-09-27 16:00:00,0.0,0.0,0
2022-09-27 17:00:00,0.0,0.0,0
2022-09-27 18:00:00,0.0,0.0,0
2022-09-27 19:00:00,0.0,0.0,0
2022-09-27 20:00:00,0.0,0.0,0
2022-09-27 21:00:00,0.0,0.0,0
2022-09-27 22:00:00,0.0,0.0,0
2022-09-27 23:00:00,0.0,0.0,0
2022-09-28 00:00:00,0.0,0.0,0
2022-09-28 01:00:00,0.0,0.0,0
2022-09-28 02:00:00,0.0,0.0,0
2022-09-28 03:00:00,0.0,0.0,0
2022-09-28 04:00:00,0.0,0.0,0
2022-09-28 05:00:00,0.0,0.0,0
2022-09-28 06:00:00,0.0,0.0,0
2022-09-28 07:00:00,0.0,0.0,0
2022-09-28 08:00:00,0.0,0.0,0
2022-09-28 09:00:00,0.0,0.0,0
2022-09-28 10:00:00,0.0,0.0,0
2022-09-28 11:00:00,0.0,0.0,0
2022-09-28 12:00:00,0.0,0.0,0
2022-09-28 13:00:00,0.0,0.0,0
2022-09-28 14:00:00,0.0,0.0,0
2022-09-28 15:00:00,0.0,0.0,0
2022-09-28 16:00:00,0.0,0.0,0
2022-09-28 17:00:00,0.0,0.0,0
2022-09-28 18:00:00,0.0,0.0,0
2022-09-28 19:00:00,0.0,0.0,0
2022-09-28 20:00:00,0.0,0.0,0
2022-09-28 21:00:00,0.0,0.0,0
2022-09-28 22:00:00,0.0,0.0,0
2022-09-28 23:00:00,0.0,0.0,0
2022-09-29 00:00:00,0.0,0.0,0
2022-09-29 01:00:00,0.0,0.0,0
2022-09-29 02:00:00,0.0,0.0,0
2022-09-29 03:00:00,0.0,0.0,0
2022-09-29 04:00:00,0.0,0.0,0
2022-09-29 05:00:00,0.0,0.0,0
2022-09-29 06:00:00,0.0,0.0,0
2022-09-29 07:00:00,0.0,0.0,0
2022-09-29 08:00:00,0.0,0.0,0
2022-09-29 09:00:00,0.0,0.0,0
2022-09-29 10:00:00,0.0,0.0,0
2022-09-29 11:00:00,0.0,0.0,0
2022-09-29 12:00:00,0.0,0.0,0
2022-09-29 13:00:00,0.0,0.0,0
2022-09-29 14:00:00,0.0,0.0,0
2022-09-29 15:00:00,0.0,0.0,0
2022-09-29 16:00:00,0.0,0.0,0
2022-09-29 17:00:00,0.0,0.0,0
2022-09-29 18:00:00,0.0,0.0,0
2022-09-29 19:00:00,0.0,0.0,0
2022-09-29 20:00:00,0.0,0.0,0
2022-09-29 21:00:00,0.0,0.0,0
2022-09-29 22:00:00,0.0,0.0,0
2022-09-29 23:00:00,0.0,0.0,0
2022-09-30 00:00:00,0.0,0.0,0
2022-09-30 01:00:00,0.0,0.0,0
2022-09-30 02:00:00,0.0,0.0,0
2022-09-30 03:00:00,0.0,0.0,0
2022-09-30 04:00:00,0.0,0.0,0
2022-09-30 05:00:00,0.0,0.0,0
2022-09-30 06:00:00,0.0,0.0,0
2022-09-30 07:00:00,0.0,0.0,0
2022-09-30 08:00:00,0.0,0.0,0
2022-09-30 09:00:00,0.0,0.0,0
2022-09-30 10:00:00,0.0,0.0,0
2022-09-30 11:00:00,0.0,0.0,0
2022-09-30 12:00:00,0.0,0.0,0
2022-09-30 13:00:00,0.0,0.0,0
2022-09-30 14:00:00,0.0,0.0,0
2022-09-30 15:00:00,0.0,0.0,0
2022-09-30 16:00:00,0.0,0.0,0
2022-09-30 17:00:00,0.0,0.0,0
2022-09-30 18:00:00,0.0,0.0,0
2022-09-30 19:00:00,0.0,0.0,0
2022-09-30 20:00:00,0.0,0.0,0
2022-09-30 21:00:00,0.0,0.0,0
2022-09-30 22:00:00,0.0,0.0,0
2022-09-30 23:00:00,0.0,0.0,0
2022-10-01 00:00:00,0.0,0.0,0
2022-10-01 01:00:00,0.0,0.0,0
2022-10-01 02:00:00,0.0,0.0,0
2022-10-01 03:00:00,0.0,0.0,0
2022-10-01 04:00:00,0.0,0.0,0
2022-10-01 05:00:00,0.0,0.0,0
2022-10-01 06:00:00,0.0,0.0,0
2022-10-01 07:00:00,0.0,0.0,0
2022-10-01 08:00:00,0.0,0.0,0
2022-10-01 09:00:00,0.0,0.0,0
2022-10-01 10:00:00,0.0,0.0,0
2022-10-01 11:00:00,0.0,0.0,0
2022-10-01 12:00:00,0.0,0.0,0
2022-10-01 13:00:00,0.0,0.0,0
2022-10-01 14:00:00,0.0,0.0,0
2022-10-01 15:00:00,0.0,0.0,0
2022-10-01 16:00:00,0.0,0.0,0
2022-10-01 17:00:00,0.0,0.0,0
2022-10-01 18:00:00,0.0,0.0,0
2022-10-01 19:00:00,0.0,0.0,0
2022-10-01 20:00:00,0.0,0.0,0
2022-10-01 21:00:00,0.0,0.0,0
2022-10-01 22:00:00,0.0,0.0,0
2022-10-01 23:00:00,0.0,0.0,0
2022-10-02 00:00:00,0.0,0.0,0
2022-10-02 01:00:00,0.0,0.0,0
2022-10-02 02:00:00,0.0,0.0,0
2022-10-02 03:00:00,0.0,0.0,0
2022-10-02 04:00:00,0.0,0.0,0
2022-10-02 05:00:00,0.0,0.0,0
2022-10-02 06:00:00,0.0,0.0,0
2022-10-02 07:00:00,0.0,0.0,0
2022-10-02 08:00:00,0.0,0.0,0
2022-10-02 09:00:00,0.0,0.0,0
2022-10-02 10:00:00,0.0,0.0,0
2022-10-02 11:00:00,0.0,0.0,0
2022-10-02 12:00:00,0.0,0.0,0
2022-10-02 13:00:00,0.0,0.0,0
2022-10-02 14:00:00,0.0,0.0,0
2022-10-02 15:00:00,0.0,0.0,0
2022-10-02 16:00:00,0.0,0.0,0
2022-10-02 17:00:00,0.0,0.0,0
2022-10-02 18:00:00,0.0,0.0,0
2022-10-02 19:00:00,0.0,0.0,0
2022-10-02 20:00:00,0.0,0.0,0
2022-10-02 21:00:00,0.0,0.0,0
2022-10-02 22:00:00,0.0,0.0,0
2022-10-02 23:00:00,0.0,0.0,0
2022-10-03 00:00:00,0.0,0.0,0
2022-10-03 01:00:00,0.0,0.0,0
2022-10-03 02:00:00,0.0,0.0,0
2022-10-03 03:00:00,0.0,0.0,0
2022-10-03 04:00:00,0.0,0.0,0
2022-10-03 05:00:00,0.0,0.0,0
2022-10-03 06:00:00,0.0,0.0,0
2022-10-03 07:00:00,0.0,0.0,0
2022-10-03 08:00:00,0.0,0.0,0
2022-10-03 09:00:00,0.0,0.0,0
2022-10-03 10:00:00,0.0,0.0,0
2022-10-03 11:00:00,0.0,0.0,0
2022-10-03 12:00:00,0.0,0.0,0
2022-10-03 13:00:00,0.0,0.0,0
2022-10-03 14:00:00,0.0,0.0,0
2022-10-03 15:00:00,0.0,0.0,0
2022-10-03 16:00:00,0.0,0.0,0
2022-10-03 17:00:00,0.0,0.0,0
2022-10-03 18:00:00,0.0,0.0,0
2022-10-03 19:00:00,0.0,0.0,0
2022-10-03 20:00:00,0.0,0.0,0
2022-10-03 21:00:00,0.0,0.0,0
2022-10-03 22:00:00,0.0,0.0,0
2022-10-03 23:00:00,0.0,0.0,0
2022-10-04 00:00:00,0.0,0.0,0
2022-10-04 01:00:00,0.0,0.0,0
2022-10-04 02:00:00,0.0,0.0,0
2022-10-04 03:00:00,0.0,0.0,0
2022-10-04 04:00:00,0.0,0.0,0
2022-10-04 05:00:00,0.0,0.0,0
2022-10-04 06:00:00,0.0,0.0,0
2022-10-04 07:00:00,0.0,0.0,0
2022-10-04 08:00:00,0.0,0.0,0
2022-10-04 09:00:00,0.0,0.0,0
2022-10-04 10:00:00,0.0,0.0,0
2022-10-04 11:00:00,0.0,0.0,0
2022-10-04 12:00:00,0.0,0.0,0
2022-10-04 13:00:00,0.0,0.0,0
2022-10-04 14:00:00,0.0,0.0,0
2022-10-04 15:00:00,0.0,0.0,0
2022-10-04 16:00:00,0.0,0.0,0
2022-10-04 17:00:00,0.0,0.0,0
2022-10-04 18:00:00,0.0,0.0,0
2022-10-04 19:00:00,0.0,0.0,0
2022-10-04 20:00:00,0.0,0.0,0
2022-10-04 21:00:00,0.0,0.0,0
2022-10-04 22:00:00,0.0,0.0,0
2022-10-04 23:00:00,0.0,0.0,0
2022-10-05 00:00:00,0.0,0.0,0
2022-10-05 01:00:00,0.0,0.0,0
2022-10-05 02:00:00,0.0,0.0,0
2022-10-05 03:00:00,0.0,0.0,0
2022-10-05 04:00:00,0.0,0.0,0
2022-10-05 05:00:00,0.0,0.0,0
2022-10-05 06:00:00,0.0,0.0,0
2022-10-05 07:00:00,0.0,0.0,0
2022-10-05 08:00:00,0.0,0.0,0
2022-10-05 09:00:00,0.0,0.0,0
2022-10-05 10:00:00,0.0,0.0,0
2022-10-05 11:00:00,0.0,0.0,0
2022-10-05 12:00:00,0.0,0.0,0
2022-10-05 13:00:00,0.0,0.0,0
2022-10-05 14:00:00,0.0,0.0,0
2022-10-05 15:00:00,0.0,0.0,0
2022-10-05 16:00:00,0.0,0.0,0
2022-10-05 17:00:00,0.0,0.0,0
2022-10-05 18:00:00,0.0,0.0,0
2022-10-05 19:00:00,0.0,0.0,0
2022-10-05 20:00:00,0.0,0.0,0
2022-10-05 21:00:00,0.0,0.0,0
2022-10-05 22:00:00,0.0,0.0,0
2022-10-05 23:00:00,0.0,0.0,0
2022-10-06 00:00:00,0.0,0.0,0
2022-10-06 01:00:00,0.0,0.0,0
2022-10-06 02:00:00,0.0,0.0,0
2022-10-06 03:00:00,0.0,0.0,0
2022-10-06 04:00:00,0.0,0.0,0
2022-10-06 05:00:00,0.0,0.0,0
2022-10-06 06:00:00,0.0,0.0,0
2022-10-06 07:00:00,0.0,0.0,0
2022-10-06 08:00:00,0.0,0.0,0
2022-10-06 09:00:00,0.0,0.0,0
2022-10-06 10:00:00,0.0,0.0,0
2022-10-06 11:00:00,0.0,0.0,0
2022-10-06 12:00:00,0.0,0.0,0
2022-10-06 13:00:00,0.0,0.0,0
2022-10-06 14:00:00,0.0,0.0,0
2022-10-06 15:00:00,0.0,0.0,0
2022-10-06 16:00:00,0.0,0.0,0
2022-10-06 17:00:00,0.0,0.0,0
2022-10-06 18:00:00,0.0,0.0,0
2022-10-06 19:00:00,0.0,0.0,0
2022-10-06 20:00:00,0.0,0.0,0
2022-10-06 21:00:00,0.0,0.0,0
2022-10-06 22:00:00,0.0,0.0,0
2022-10-06 23:00:00,0.0,0.0,0
2022-10-07 00:00:00,0.0,0.0,0
2022-10-07 01:00:00,0.0,0.0,0
2022-10-07 02:00:00,0.0,0.0,0
2022-10-07 03:00:00,0.0,0.0,0
2022-10-07 04:00:00,0.0,0.0,0
2022-10-07 05:00:00,0.0,0.0,0
2022-10-07 06:00:00,0.0,0.0,0
2022-10-07 07:00:00,0.0,0.0,0
2022-10-07 08:00:00,0.0,0.0,0
2022-10-07 09:00:00,0.0,0.0,0
2022-10-07 10:00:00,0.0,0.0,0
2022-10-07 11:00:00,0.0,0.0,0
2022-10-07 12:00:00,0.0,0.0,0
2022-10-07 13:00:00,0.0,0.0,0
2022-10-07 14:00:00,0.0,0.0,0
2022-10-07 15:00:00,0.0,0.0,0
2022-10-07 16:00:00,0.0,0.0,0
2022-10-07 17:00:00,0.0,0.0,0
2022-10-07 18:00:00,0.0,0.0,0
2022-10-07 19:00:00,0.0,0.0,0
2022-10-07 20:00:00,0.0,0.0,0
2022-10-07 21:00:00,0.0,0.0,0
2022-10-07 22:00:00,0.0,0.0,0
2022-10-07 23:00:00,0.0,0.0,0
2022-10-08 00:00:00,0.0,0.0,0
2022-10-08 01:00:00,0.0,0.0,0
2022-10-08 02:00:00,0.0,0.0,0
2022-10-08 03:00:00,0.0,0.0,0
2022-10-08 04:00:00,0.0,0.0,0
2022-10-08 05:00:00,0.0,0.0,0
2022-10-08 06:00:00,0.0,0.0,0
2022-10-08 07:00:00,0.0,0.0,0
2022-10-08 08:00:00,0.0,0.0,0
2022-10-08 09:00:00,0.0,0.0,0
2022-10-08 10:00:00,0.0,0.0,0
2022-10-08 11:00:00,0.0,0.0,0
2022-10-08 12:00:00,0.0,0.0,0
2022-10-08 13:00:00,0.0,0.0,0
2022-10-08 14:00:00,0.0,0.0,0
2022-10-08 15:00:00,0.0,0.0,0
2022-10-08 16:00:00,0.0,0.0,0
2022-10-08 17:00:00,0.0,0.0,0
2022-10-08 18:00:00,0.0,0.0,0
2022-10-08 19:00:00,0.0,0.0,0
2022-10-08 20:00:00,0.0,0.0,0
2022-10-08 21:00:00,0.0,0.0,0
2022-10-08 22:00:00,0.0,0.0,0
2022-10-08 23:00:00,0.0,0.0,0
2022-10-09 00:00:00,0.0,0.0,0
2022-10-09 01:00:00,0.0,0.0,0
2022-10-09 02:00:00,0.0,0.0,0
2022-10-09 03:00:00,0.0,0.0,0
2022-10-09 04:00:00,0.0,0.0,0
2022-10-09 05:00:00,0.0,0.0,0
2022-10-09 06:00:00,0.0,0.0,0
2022-10-09 07:00:00,0.0,0.0,0
2022-10-09 08:00:00,0.0,0.0,0
2022-10-09 09:00:00,0.0,0.0,0
2022-10-09 10:00:00,0.0,0.0,0
2022-10-09 11:00:00,0.0,0.0,0
2022-10-09 12:00:00,0.0,0.0,0
2022-10-09 13:00:00,0.0,0.0,0
2022-10-09 14:00:00,0.2255154,-0.004,500
2022-10-09 15:00:00,0.30891374474053296,0.17251051893408134,713
2022-10-09 16:00:00,0.23191542857142858,0.06,700
2022-10-09 17:00:00,0.12921609403254974,-0.05605786618444846,553
2022-10-09 18:00:00,0.0891535922330097,-0.06990291262135923,515
2022-10-09 19:00:00,0.24659067669172932,0.06616541353383458,665
2022-10-09 20:00:00,0.24091140939597316,0.07550335570469799,596
2022-10-09 21:00:00,0.1732184761904762,0.08571428571428572,525
2022-10-09 22:00:00,0.11247320954907161,-0.09283819628647215,377
2022-10-09 23:00:00,0.14770168674698794,0.06506024096385542,415
2022-10-10 00:00:00,0.17472470588235292,0.05647058823529412,425
2022-10-10 01:00:00,0.12727327044025158,-0.10377358490566038,318
2022-10-10 02:00:00,0.12811944444444445,-0.08080808080808081,396
2022-10-10 03:00:00,0.2121366153846154,0.012307692307692308,325
2022-10-10 04:00:00,0.15956822742474916,-0.056856187290969896,299
2022-10-10 05:00:00,0.16023372781065087,-0.014792899408284023,338
2022-10-10 06:00:00,0.1492972299168975,-0.038781163434903045,361
2022-10-10 07:00:00,0.10624121951219513,-0.07073170731707316,410
2022-10-10 08:00:00,0.11308357664233576,-0.04744525547445255,548
2022-10-10 09:00:00,0.21795021520803445,0.15925394548063126,697
2022-10-10 10:00:00,0.20215970695970695,0.003663003663003663,546
2022-10-10 11:00:00,0.13712828162291169,0.06324582338902147,838
2022-10-10 12:00:00,0.2152420725388601,-0.05906735751295337,965
2022-10-10 13:00:00,0.20043088235294118,-0.00857843137254902,816
2022-10-10 14:00:00,0.15366310299869623,-0.08344198174706649,767
2022-10-10 15:00:00,0.25609119420989146,-0.012062726176115802,829
2022-10-10 16:00:00,0.18564293193717277,-0.06544502617801047,764
2022-10-10 17:00:00,0.17385140186915887,-0.05874499332443257,749
2022-10-10 18:00:00,0.11513693570451436,-0.1012311901504788,731
2022-10-10 19:00:00,0.14123212996389892,-0.0703971119133574,554
2022-10-10 20:00:00,0.14691808318264013,-0.06148282097649186,553
2022-10-10 21:00:00,0.130319627749577,-0.077834179357022,591
2022-10-10 22:00:00,0.10719293598233995,-0.09492273730684327,453
2022-10-10 23:00:00,0.13619703703703703,-0.019753086419753086,405
2022-10-11 00:00:00,0.15131082164328657,-0.05410821643286573,499
2022-10-11 01:00:00,0.26849916142557656,0.05870020964360587,477
2022-10-11 02:00:00,0.1754493702770781,-0.0654911838790932,397
2022-10-11 03:00:00,0.13835301204819278,-0.04819277108433735,332
2022-10-11 04:00:00,0.14232037037037037,-0.09259259259259259,378
2022-10-11 05:00:00,0.13409976133651552,-0.059665871121718374,419
2022-10-11 06:00:00,0.12258009592326138,-0.007194244604316547,417
2022-10-11 07:00:00,0.14973412228796845,-0.03944773175542406,507
2022-10-11 08:00:00,0.1621174004192872,-0.05660377358490566,477
2022-10-11 09:00:00,0.15301200787401575,-0.05511811023622047,508
2022-10-11 10:00:00,0.20708502994011976,-0.001996007984031936,501
2022-10-11 11:00:00,0.18158025276461295,0.001579778830963665,633
2022-10-11 12:00:00,0.18027370838117104,-0.022962112514351322,871
2022-10-11 13:00:00,0.21901048387096775,0.027649769585253458,868
2022-10-11 14:00:00,0.1788927211646137,-0.03919372900335946,893
2022-10-11 15:00:00,0.1832270171149144,-0.0012224938875305623,818
2022-10-11 16:00:00,0.17139887955182073,-0.022408963585434174,714
2022-10-11 17:00:00,0.2653498265895954,-0.027745664739884393,865
2022-10-11 18:00:00,0.11649834938101788,-0.11691884456671252,727
2022-10-11 19:00:00,0.12333161375661376,-0.08994708994708994,756
2022-10-11 20:00:00,0.12108482428115015,-0.06389776357827476,626
2022-10-11 21:00:00,0.12519368088467617,-0.0679304897314376,633
2022-10-11 22:00:00,0.10015460251046025,-0.08786610878661087,478
2022-10-11 23:00:00,0.10906666666666667,-0.07042253521126761,426
2022-10-12 00:00:00,0.12138454861111111,-0.050347222222222224,576
2022-10-12 01:00:00,0.12414498886414255,-0.11581291759465479,449
2022-10-12 02:00:00,0.07218664921465968,-0.13612565445026178,382
2022-10-12 03:00:00,0.12448005540166206,-0.04155124653739612,361
2022-10-12 04:00:00,0.14389943820224718,-0.06179775280898876,356
2022-10-12 05:00:00,0.152027311827957,-0.060215053763440864,465
2022-10-12 06:00:00,0.19143729166666665,-0.0125,480
2022-10-12 07:00:00,0.19969319852941175,0.025735294117647058,544
2022-10-12 08:00:00,0.15338162911611786,-0.024263431542461005,577
2022-10-12 09:00:00,0.18786920289855072,-0.005434782608695652,552
2022-10-12 10:00:00,0.223083164983165,0.037037037037037035,594
2022-10-12 11:00:00,0.13931191950464394,-0.04489164086687306,646
2022-10-12 12:00:00,0.15221075697211156,-0.02656042496679947,753
2022-10-12 13:00:00,0.1638067385444744,-0.02425876010781671,742
2022-10-12 14:00:00,0.15947513966480448,-0.0111731843575419,716
2022-10-12 15:00:00,0.20732793209876543,-0.007716049382716049,648
2022-10-12 16:00:00,0.1811984802431611,-0.022796352583586626,658
2022-10-12 17:00:00,0.17115541401273887,-0.022292993630573247,628
2022-10-12 18:00:00,0.13368605388272584,-0.07765451664025357,631
2022-10-12 19:00:00,0.10678234442836469,0.04630969609261939,691
2022-10-12 20:00:00,0.1580661728395062,-0.05802469135802469,810
2022-10-12 21:00:00,0.1185421511627907,-0.07703488372093023,688
2022-10-12 22:00:00,0.09431451378809869,-0.13062409288824384,689
2022-10-12 23:00:00,0.15148333333333333,-0.03954802259887006,708
2022-10-13 00:00:00,0.0,0.0,0
2022-10-13 01:00:00,0.0,0.0,0
2022-10-13 02:00:00,0.0,0.0,0
2022-10-13 03:00:00,0.0,0.0,0
2022-10-13 04:00:00,0.0,0.0,0
2022-10-13 05:00:00,0.0,0.0,0
2022-10-13 06:00:00,0.0,0.0,0
2022-10-13 07:00:00,0.0,0.0,0
2022-10-13 08:00:00,0.0,0.0,0
2022-10-13 09:00:00,0.0,0.0,0
2022-10-13 10:00:00,0.0,0.0,0
2022-10-13 11:00:00,0.0,0.0,0
2022-10-13 12:00:00,0.0,0.0,0
2022-10-13 13:00:00,0.14334623955431755,-0.11142061281337047,359
2022-10-13 14:00:00,0.1290717416378316,-0.09919261822376009,867
2022-10-13 15:00:00,0.13707817109144543,-0.03343166175024582,1017
2022-10-13 16:00:00,0.1477664556962025,0.027426160337552744,948
2022-10-13 17:00:00,0.1586072587532024,-0.028181041844577284,1171
2022-10-13 18:00:00,0.12413375086986778,-0.0744606819763396,1437
2022-10-13 19:00:00,0.16082072289156626,-0.013654618473895583,1245
2022-10-13 20:00:00,0.17379070667957405,-0.01936108422071636,1033
2022-10-13 21:00:00,0.14865302013422818,-0.07516778523489932,745
2022-10-13 22:00:00,0.1687188858695652,-0.059782608695652176,736
2022-10-13 23:00:00,0.17069957020057308,-0.017191977077363897,698
2022-10-14 00:00:00,0.0,0.0,0
2022-10-14 01:00:00,0.0,0.0,0
2022-10-14 02:00:00,0.0,0.0,0
2022-10-14 03:00:00,0.0,0.0,0
2022-10-14 04:00:00,0.0,0.0,0
2022-10-14 05:00:00,0.0,0.0,0
2022-10-14 06:00:00,0.0,0.0,0
2022-10-14 07:00:00,0.0,0.0,0
2022-10-14 08:00:00,0.0,0.0,0
2022-10-14 09:00:00,0.0,0.0,0
2022-10-14 10:00:00,0.0,0.0,0
2022-10-14 11:00:00,0.0,0.0,0
2022-10-14 12:00:00,0.19090731707317074,0.04065040650406504,246
2022-10-14 13:00:00,0.18989111389236546,-0.02127659574468085,799
2022-10-14 14:00:00,0.17702811428571427,-0.046857142857142854,875
2022-10-14 15:00:00,0.127128981348637,-0.021520803443328552,697
2022-10-14 16:00:00,0.15586636125654452,-0.04057591623036649,764
2022-10-14 17:00:00,0.08198638497652583,-0.10328638497652583,639
2022-10-14 18:00:00,0.0952312944523471,-0.05547652916073969,703
2022-10-14 19:00:00,0.17210445151033385,0.0047694753577106515,629
2022-10-14 20:00:00,0.12007018181818183,-0.05818181818181818,550
2022-10-14 21:00:00,0.10882106261859582,-0.051233396584440226,527
2022-10-14 22:00:00,0.09850907079646018,-0.06415929203539823,452
2022-10-14 23:00:00,0.13443026905829597,-0.08295964125560538,446
2022-10-15 00:00:00,0.06564644808743168,-0.07923497267759563,366
2022-10-15 01:00:00,0.17725164179104477,0.0626865671641791,335
2022-10-15 02:00:00,0.11631999999999999,0.022222222222222223,315
2022-10-15 03:00:00,0.19002250922509226,-0.04797047970479705,271
2022-10-15 04:00:00,0.10712105263157895,-0.08270676691729323,266
2022-10-15 05:00:00,0.11894359756097561,-0.009146341463414634,328
2022-10-15 06:00:00,0.19060887096774193,-0.021505376344086023,372
2022-10-15 07:00:00,0.13413016759776536,-0.027932960893854747,358
2022-10-15 08:00:00,0.14532850779510023,0.044543429844097995,449
2022-10-15 09:00:00,0.13434020408163266,0.0020408163265306124,490
2022-10-15 10:00:00,0.15025961165048546,-0.05825242718446602,515
2022-10-15 11:00:00,0.16683366336633665,0.07722772277227723,505
2022-10-15 12:00:00,0.2296846153846154,0.11756168359941944,689
2022-10-15 13:00:00,0.13669377990430623,0.03508771929824561,627
2022-10-15 14:00:00,0.16943918228279387,-0.020442930153321975,587
2022-10-15 15:00:00,0.203528674351585,0.07348703170028818,694
2022-10-15 16:00:00,0.1473225806451613,-0.005376344086021506,558
2022-10-15 17:00:00,0.07865296296296297,-0.07222222222222222,540
2022-10-15 18:00:00,0.09595867346938776,-0.10374149659863946,588
2022-10-15 19:00:00,0.11850815660685154,-0.08319738988580751,613
2022-10-15 20:00:00,0.18686082840236687,-0.04378698224852071,845
2022-10-15 21:00:00,0.14453359872611465,-0.03821656050955414,628
2022-10-15 22:00:00,0.11830277777777778,-0.07894736842105263,684
2022-10-15 23:00:00,0.08541111111111112,-0.10245310245310245,693
2022-10-16 00:00:00,0.0,0.0,0
2022-10-16 01:00:00,0.0,0.0,0
2022-10-16 02:00:00,0.0,0.0,0
2022-10-16 03:00:00,0.0,0.0,0
2022-10-16 04:00:00,0.0,0.0,0
2022-10-16 05:00:00,0.0,0.0,0
2022-10-16 06:00:00,0.0,0.0,0
2022-10-16 07:00:00,0.0,0.0,0
2022-10-16 08:00:00,0.0,0.0,0
2022-10-16 09:00:00,0.0,0.0,0
2022-10-16 10:00:00,0.0,0.0,0
2022-10-16 11:00:00,0.0,0.0,0
2022-10-16 12:00:00,0.0,0.0,0
2022-10-16 13:00:00,0.0,0.0,0
2022-10-16 14:00:00,0.0,0.0,0
2022-10-16 15:00:00,0.0,0.0,0
2022-10-16 16:00:00,0.0,0.0,0
2022-10-16 17:00:00,0.0,0.0,0
2022-10-16 18:00:00,0.0,0.0,0
2022-10-16 19:00:00,0.0,0.0,0
2022-10-16 20:00:00,0.0,0.0,0
2022-10-16 21:00:00,0.0,0.0,0
2022-10-16 22:00:00,0.0,0.0,0
2022-10-16 23:00:00,0.0,0.0,0
2022-10-17 00:00:00,0.0,0.0,0
2022-10-17 01:00:00,0.0,0.0,0
2022-10-17 02:00:00,0.0,0.0,0
2022-10-17 03:00:00,0.0,0.0,0
2022-10-17 04:00:00,0.0,0.0,0
2022-10-17 05:00:00,0.0,0.0,0
2022-10-17 06:00:00,0.0,0.0,0
2022-10-17 07:00:00,0.0,0.0,0
2022-10-17 08:00:00,0.0,0.0,0
2022-10-17 09:00:00,0.0,0.0,0
2022-10-17 10:00:00,0.0,0.0,0
2022-10-17 11:00:00,0.0,0.0,0
2022-10-17 12:00:00,0.0,0.0,0
2022-10-17 13:00:00,0.0,0.0,0
2022-10-17 14:00:00,0.0,0.0,0
2022-10-17 15:00:00,0.0,0.0,0
2022-10-17 16:00:00,0.0,0.0,0
2022-10-17 17:00:00,0.0,0.0,0
2022-10-17 18:00:00,0.0,0.0,0
2022-10-17 19:00:00,0.0,0.0,0
2022-10-17 20:00:00,0.0,0.0,0
2022-10-17 21:00:00,0.0,0.0,0
2022-10-17 22:00:00,0.0,0.0,0
2022-10-17 23:00:00,0.0,0.0,0
2022-10-18 00:00:00,0.0,0.0,0
2022-10-18 01:00:00,0.0,0.0,0
2022-10-18 02:00:00,0.0,0.0,0
2022-10-18 03:00:00,0.0,0.0,0
2022-10-18 04:00:00,0.0,0.0,0
2022-10-18 05:00:00,0.0,0.0,0
2022-10-18 06:00:00,0.0,0.0,0
2022-10-18 07:00:00,0.0,0.0,0
2022-10-18 08:00:00,0.0,0.0,0
2022-10-18 09:00:00,0.0,0.0,0
2022-10-18 10:00:00,0.0,0.0,0
2022-10-18 11:00:00,0.0,0.0,0
2022-10-18 12:00:00,0.0,0.0,0
2022-10-18 13:00:00,0.0,0.0,0
2022-10-18 14:00:00,0.0,0.0,0
2022-10-18 15:00:00,0.0,0.0,0
2022-10-18 16:00:00,0.0,0.0,0
2022-10-18 17:00:00,0.0,0.0,0
2022-10-18 18:00:00,0.0,0.0,0
2022-10-18 19:00:00,0.0,0.0,0
2022-10-18 20:00:00,0.0,0.0,0
2022-10-18 21:00:00,0.0,0.0,0
2022-10-18 22:00:00,0.0,0.0,0
2022-10-18 23:00:00,0.0,0.0,0
2022-10-19 00:00:00,0.0,0.0,0
2022-10-19 01:00:00,0.0,0.0,0
2022-10-19 02:00:00,0.0,0.0,0
2022-10-19 03:00:00,0.0,0.0,0
2022-10-19 04:00:00,0.0,0.0,0
2022-10-19 05:00:00,0.0,0.0,0
2022-10-19 06:00:00,0.0,0.0,0
2022-10-19 07:00:00,0.0,0.0,0
2022-10-19 08:00:00,0.0,0.0,0
2022-10-19 09:00:00,0.0,0.0,0
2022-10-19 10:00:00,0.0,0.0,0
2022-10-19 11:00:00,0.0,0.0,0
2022-10-19 12:00:00,0.0,0.0,0
2022-10-19 13:00:00,0.0,0.0,0
2022-10-19 14:00:00,0.0,0.0,0
2022-10-19 15:00:00,0.0,0.0,0
2022-10-19 16:00:00,0.0,0.0,0
2022-10-19 17:00:00,0.0,0.0,0
2022-10-19 18:00:00,0.0,0.0,0
2022-10-19 19:00:00,0.0,0.0,0
2022-10-19 20:00:00,0.0,0.0,0
2022-10-19 21:00:00,0.0,0.0,0
2022-10-19 22:00:00,0.0,0.0,0
2022-10-19 23:00:00,0.0,0.0,0
2022-10-20 00:00:00,0.0,0.0,0
2022-10-20 01:00:00,0.0,0.0,0
2022-10-20 02:00:00,0.0,0.0,0
2022-10-20 03:00:00,0.0,0.0,0
2022-10-20 04:00:00,0.0,0.0,0
2022-10-20 05:00:00,0.0,0.0,0
2022-10-20 06:00:00,0.0,0.0,0
2022-10-20 07:00:00,0.0,0.0,0
2022-10-20 08:00:00,0.0,0.0,0
2022-10-20 09:00:00,0.0,0.0,0
2022-10-20 10:00:00,0.0,0.0,0
2022-10-20 11:00:00,0.0,0.0,0
2022-10-20 12:00:00,0.0,0.0,0
2022-10-20 13:00:00,0.0,0.0,0
2022-10-20 14:00:00,0.0,0.0,0
2022-10-20 15:00:00,0.0,0.0,0
2022-10-20 16:00:00,0.0,0.0,0
2022-10-20 17:00:00,0.0,0.0,0
2022-10-20 18:00:00,0.0,0.0,0
2022-10-20 19:00:00,0.0,0.0,0
2022-10-20 20:00:00,0.0,0.0,0
2022-10-20 21:00:00,0.0,0.0,0
2022-10-20 22:00:00,0.0,0.0,0
2022-10-20 23:00:00,0.0,0.0,0
2022-10-21 00:00:00,0.0,0.0,0
2022-10-21 01:00:00,0.0,0.0,0
2022-10-21 02:00:00,0.0,0.0,0
2022-10-21 03:00:00,0.0,0.0,0
2022-10-21 04:00:00,0.0,0.0,0
2022-10-21 05:00:00,0.0,0.0,0
2022-10-21 06:00:00,0.0,0.0,0
2022-10-21 07:00:00,0.0,0.0,0
2022-10-21 08:00:00,0.0,0.0,0
2022-10-21 09:00:00,0.0,0.0,0
2022-10-21 10:00:00,0.0,0.0,0
2022-10-21 11:00:00,0.0,0.0,0
2022-10-21 12:00:00,0.0,0.0,0
2022-10-21 13:00:00,0.0,0.0,0
2022-10-21 14:00:00,0.0,0.0,0
2022-10-21 15:00:00,0.0,0.0,0
2022-10-21 16:00:00,0.0,0.0,0
2022-10-21 17:00:00,0.0,0.0,0
2022-10-21 18:00:00,0.0,0.0,0
2022-10-21 19:00:00,0.0,0.0,0
2022-10-21 20:00:00,0.0,0.0,0
2022-10-21 21:00:00,0.0,0.0,0
2022-10-21 22:00:00,0.0,0.0,0
2022-10-21 23:00:00,0.0,0.0,0
2022-10-22 00:00:00,0.0,0.0,0
2022-10-22 01:00:00,0.0,0.0,0
2022-10-22 02:00:00,0.0,0.0,0
2022-10-22 03:00:00,0.0,0.0,0
2022-10-22 04:00:00,0.0,0.0,0
2022-10-22 05:00:00,0.0,0.0,0
2022-10-22 06:00:00,0.0,0.0,0
2022-10-22 07:00:00,0.0,0.0,0
2022-10-22 08:00:00,0.0,0.0,0
2022-10-22 09:00:00,0.0,0.0,0
2022-10-22 10:00:00,0.0,0.0,0
2022-10-22 11:00:00,0.0,0.0,0
2022-10-22 12:00:00,0.0,0.0,0
2022-10-22 13:00:00,0.0,0.0,0
2022-10-22 14:00:00,0.0,0.0,0
2022-10-22 15:00:00,0.0,0.0,0
2022-10-22 16:00:00,0.0,0.0,0
2022-10-22 17:00:00,0.0,0.0,0
2022-10-22 18:00:00,0.0,0.0,0
2022-10-22 19:00:00,0.0,0.0,0
2022-10-22 20:00:00,0.0,0.0,0
2022-10-22 21:00:00,0.0,0.0,0
2022-10-22 22:00:00,0.0,0.0,0
2022-10-22 23:00:00,0.0,0.0,0
2022-10-23 00:00:00,0.0,0.0,0
2022-10-23 01:00:00,0.0,0.0,0
2022-10-23 02:00:00,0.0,0.0,0
2022-10-23 03:00:00,0.0,0.0,0
2022-10-23 04:00:00,0.0,0.0,0
2022-10-23 05:00:00,0.0,0.0,0
2022-10-23 06:00:00,0.0,0.0,0
2022-10-23 07:00:00,0.0,0.0,0
2022-10-23 08:00:00,0.0,0.0,0
2022-10-23 09:00:00,0.0,0.0,0
2022-10-23 10:00:00,0.0,0.0,0
2022-10-23 11:00:00,0.0,0.0,0
2022-10-23 12:00:00,0.0,0.0,0
2022-10-23 13:00:00,0.0,0.0,0
2022-10-23 14:00:00,0.0,0.0,0
2022-10-23 15:00:00,0.0,0.0,0
2022-10-23 16:00:00,0.0,0.0,0
2022-10-23 17:00:00,0.0,0.0,0
2022-10-23 18:00:00,0.0,0.0,0
2022-10-23 19:00:00,0.0,0.0,0
2022-10-23 20:00:00,0.0,0.0,0
2022-10-23 21:00:00,0.0,0.0,0
2022-10-23 22:00:00,0.0,0.0,0
2022-10-23 23:00:00,0.0,0.0,0
2022-10-24 00:00:00,0.0,0.0,0
2022-10-24 01:00:00,0.0,0.0,0
2022-10-24 02:00:00,0.0,0.0,0
2022-10-24 03:00:00,0.0,0.0,0
2022-10-24 04:00:00,0.0,0.0,0
2022-10-24 05:00:00,0.0,0.0,0
2022-10-24 06:00:00,0.0,0.0,0
2022-10-24 07:00:00,0.0,0.0,0
2022-10-24 08:00:00,0.0,0.0,0
2022-10-24 09:00:00,0.0,0.0,0
2022-10-24 10:00:00,0.0,0.0,0
2022-10-24 11:00:00,0.0,0.0,0
2022-10-24 12:00:00,0.0,0.0,0
2022-10-24 13:00:00,0.0,0.0,0
2022-10-24 14:00:00,0.0,0.0,0
2022-10-24 15:00:00,0.0,0.0,0
2022-10-24 16:00:00,0.0,0.0,0
2022-10-24 17:00:00,0.0,0.0,0
2022-10-24 18:00:00,0.0,0.0,0
2022-10-24 19:00:00,0.0,0.0,0
2022-10-24 20:00:00,0.0,0.0,0
2022-10-24 21:00:00,0.0,0.0,0
2022-10-24 22:00:00,0.0,0.0,0
2022-10-24 23:00:00,0.0,0.0,0
2022-10-25 00:00:00,0.0,0.0,0
2022-10-25 01:00:00,0.0,0.0,0
2022-10-25 02:00:00,0.0,0.0,0
2022-10-25 03:00:00,0.0,0.0,0
2022-10-25 04:00:00,0.0,0.0,0
2022-10-25 05:00:00,0.0,0.0,0
2022-10-25 06:00:00,0.0,0.0,0
2022-10-25 07:00:00,0.0,0.0,0
2022-10-25 08:00:00,0.0,0.0,0
2022-10-25 09:00:00,0.0,0.0,0
2022-10-25 10:00:00,0.0,0.0,0
2022-10-25 11:00:00,0.0,0.0,0
2022-10-25 12:00:00,0.0,0.0,0
2022-10-25 13:00:00,0.0,0.0,0
2022-10-25 14:00:00,0.0,0.0,0
2022-10-25 15:00:00,0.0,0.0,0
2022-10-25 16:00:00,0.0,0.0,0
2022-10-25 17:00:00,0.0,0.0,0
2022-10-25 18:00:00,0.0,0.0,0
2022-10-25 19:00:00,0.0,0.0,0
2022-10-25 20:00:00,0.0,0.0,0
2022-10-25 21:00:00,0.0,0.0,0
2022-10-25 22:00:00,0.0,0.0,0
2022-10-25 23:00:00,0.0,0.0,0
2022-10-26 00:00:00,0.0,0.0,0
2022-10-26 01:00:00,0.0,0.0,0
2022-10-26 02:00:00,0.0,0.0,0
2022-10-26 03:00:00,0.0,0.0,0
2022-10-26 04:00:00,0.0,0.0,0
2022-10-26 05:00:00,0.0,0.0,0
2022-10-26 06:00:00,0.0,0.0,0
2022-10-26 07:00:00,0.0,0.0,0
2022-10-26 08:00:00,0.0,0.0,0
2022-10-26 09:00:00,0.0,0.0,0
2022-10-26 10:00:00,0.0,0.0,0
2022-10-26 11:00:00,0.0,0.0,0
2022-10-26 12:00:00,0.0,0.0,0
2022-10-26 13:00:00,0.0,0.0,0
2022-10-26 14:00:00,0.0,0.0,0
2022-10-26 15:00:00,0.0,0.0,0
2022-10-26 16:00:00,0.0,0.0,0
2022-10-26 17:00:00,0.0,0.0,0
2022-10-26 18:00:00,0.0,0.0,0
2022-10-26 19:00:00,0.0,0.0,0
2022-10-26 20:00:00,0.0,0.0,0
2022-10-26 21:00:00,0.0,0.0,0
2022-10-26 22:00:00,0.0,0.0,0
2022-10-26 23:00:00,0.0,0.0,0
2022-10-27 00:00:00,0.0,0.0,0
2022-10-27 01:00:00,0.0,0.0,0
2022-10-27 02:00:00,0.0,0.0,0
2022-10-27 03:00:00,0.0,0.0,0
2022-10-27 04:00:00,0.0,0.0,0
2022-10-27 05:00:00,0.0,0.0,0
2022-10-27 06:00:00,0.0,0.0,0
2022-10-27 07:00:00,0.0,0.0,0
2022-10-27 08:00:00,0.0,0.0,0
2022-10-27 09:00:00,0.0,0.0,0
2022-10-27 10:00:00,0.0,0.0,0
2022-10-27 11:00:00,0.0,0.0,0
2022-10-27 12:00:00,0.0,0.0,0
2022-10-27 13:00:00,0.0,0.0,0
2022-10-27 14:00:00,0.0,0.0,0
2022-10-27 15:00:00,0.0,0.0,0
2022-10-27 16:00:00,0.0,0.0,0
2022-10-27 17:00:00,0.0,0.0,0
2022-10-27 18:00:00,0.0,0.0,0
2022-10-27 19:00:00,0.0,0.0,0
2022-10-27 20:00:00,0.0,0.0,0
2022-10-27 21:00:00,0.0,0.0,0
2022-10-27 22:00:00,0.0,0.0,0
2022-10-27 23:00:00,0.0,0.0,0
2022-10-28 00:00:00,0.0,0.0,0
2022-10-28 01:00:00,0.0,0.0,0
2022-10-28 02:00:00,0.0,0.0,0
2022-10-28 03:00:00,0.0,0.0,0
2022-10-28 04:00:00,0.0,0.0,0
2022-10-28 05:00:00,0.0,0.0,0
2022-10-28 06:00:00,0.0,0.0,0
2022-10-28 07:00:00,0.0,0.0,0
2022-10-28 08:00:00,0.0,0.0,0
2022-10-28 09:00:00,0.0,0.0,0
2022-10-28 10:00:00,0.0,0.0,0
2022-10-28 11:00:00,0.0,0.0,0
2022-10-28 12:00:00,0.0,0.0,0
2022-10-28 13:00:00,0.0,0.0,0
2022-10-28 14:00:00,0.0,0.0,0
2022-10-28 15:00:00,0.0,0.0,0
2022-10-28 16:00:00,0.0,0.0,0
2022-10-28 17:00:00,0.0,0.0,0
2022-10-28 18:00:00,0.0,0.0,0
2022-10-28 19:00:00,0.0,0.0,0
2022-10-28 20:00:00,0.0,0.0,0
2022-10-28 21:00:00,0.0,0.0,0
2022-10-28 22:00:00,0.0,0.0,0
2022-10-28 23:00:00,0.0,0.0,0
2022-10-29 00:00:00,0.0,0.0,0
2022-10-29 01:00:00,0.0,0.0,0
2022-10-29 02:00:00,0.0,0.0,0
2022-10-29 03:00:00,0.0,0.0,0
2022-10-29 04:00:00,0.0,0.0,0
2022-10-29 05:00:00,0.0,0.0,0
2022-10-29 06:00:00,0.0,0.0,0
2022-10-29 07:00:00,0.0,0.0,0
2022-10-29 08:00:00,0.0,0.0,0
2022-10-29 09:00:00,0.0,0.0,0
2022-10-29 10:00:00,0.0,0.0,0
2022-10-29 11:00:00,0.0,0.0,0
2022-10-29 12:00:00,0.0,0.0,0
2022-10-29 13:00:00,0.0,0.0,0
2022-10-29 14:00:00,0.0,0.0,0
2022-10-29 15:00:00,0.0,0.0,0
2022-10-29 16:00:00,0.0,0.0,0
2022-10-29 17:00:00,0.0,0.0,0
2022-10-29 18:00:00,0.0,0.0,0
2022-10-29 19:00:00,0.0,0.0,0
2022-10-29 20:00:00,0.0,0.0,0
2022-10-29 21:00:00,0.0,0.0,0
2022-10-29 22:00:00,0.0,0.0,0
2022-10-29 23:00:00,0.0,0.0,0
2022-10-30 00:00:00,0.0,0.0,0
2022-10-30 01:00:00,0.0,0.0,0
2022-10-30 02:00:00,0.0,0.0,0
2022-10-30 03:00:00,0.0,0.0,0
2022-10-30 04:00:00,0.0,0.0,0
2022-10-30 05:00:00,0.0,0.0,0
2022-10-30 06:00:00,0.0,0.0,0
2022-10-30 07:00:00,0.0,0.0,0
2022-10-30 08:00:00,0.0,0.0,0
2022-10-30 09:00:00,0.0,0.0,0
2022-10-30 10:00:00,0.0,0.0,0
2022-10-30 11:00:00,0.0,0.0,0
2022-10-30 12:00:00,0.0,0.0,0
2022-10-30 13:00:00,0.0,0.0,0
2022-10-30 14:00:00,0.0,0.0,0
2022-10-30 15:00:00,0.0,0.0,0
2022-10-30 16:00:00,0.0,0.0,0
2022-10-30 17:00:00,0.0,0.0,0
2022-10-30 18:00:00,0.0,0.0,0
2022-10-30 19:00:00,0.0,0.0,0
2022-10-30 20:00:00,0.0,0.0,0
2022-10-30 21:00:00,0.0,0.0,0
2022-10-30 22:00:00,0.0,0.0,0
2022-10-30 23:00:00,0.0,0.0,0
2022-10-31 00:00:00,0.0,0.0,0
2022-10-31 01:00:00,0.0,0.0,0
2022-10-31 02:00:00,0.0,0.0,0
2022-10-31 03:00:00,0.0,0.0,0
2022-10-31 04:00:00,0.0,0.0,0
2022-10-31 05:00:00,0.0,0.0,0
2022-10-31 06:00:00,0.0,0.0,0
2022-10-31 07:00:00,0.0,0.0,0
2022-10-31 08:00:00,0.0,0.0,0
2022-10-31 09:00:00,0.0,0.0,0
2022-10-31 10:00:00,0.0,0.0,0
2022-10-31 11:00:00,0.0,0.0,0
2022-10-31 12:00:00,0.0,0.0,0
2022-10-31 13:00:00,0.0,0.0,0
2022-10-31 14:00:00,0.0,0.0,0
2022-10-31 15:00:00,0.0,0.0,0
2022-10-31 16:00:00,0.0,0.0,0
2022-10-31 17:00:00,0.0,0.0,0
2022-10-31 18:00:00,0.0,0.0,0
2022-10-31 19:00:00,0.0,0.0,0
2022-10-31 20:00:00,0.0,0.0,0
2022-10-31 21:00:00,0.0,0.0,0
2022-10-31 22:00:00,0.0,0.0,0
2022-10-31 23:00:00,0.0,0.0,0
2022-11-01 00:00:00,0.0,0.0,0
2022-11-01 01:00:00,0.0,0.0,0
2022-11-01 02:00:00,0.0,0.0,0
2022-11-01 03:00:00,0.0,0.0,0
2022-11-01 04:00:00,0.0,0.0,0
2022-11-01 05:00:00,0.0,0.0,0
2022-11-01 06:00:00,0.0,0.0,0
2022-11-01 07:00:00,0.0,0.0,0
2022-11-01 08:00:00,0.0,0.0,0
2022-11-01 09:00:00,0.0,0.0,0
2022-11-01 10:00:00,0.0,0.0,0
2022-11-01 11:00:00,0.0,0.0,0
2022-11-01 12:00:00,0.0,0.0,0
2022-11-01 13:00:00,0.0,0.0,0
2022-11-01 14:00:00,0.0,0.0,0
2022-11-01 15:00:00,0.0,0.0,0
2022-11-01 16:00:00,0.0,0.0,0
2022-11-01 17:00:00,0.0,0.0,0
2022-11-01 18:00:00,0.0,0.0,0
2022-11-01 19:00:00,0.0,0.0,0
2022-11-01 20:00:00,0.0,0.0,0
2022-11-01 21:00:00,0.0,0.0,0
2022-11-01 22:00:00,0.0,0.0,0
2022-11-01 23:00:00,0.0,0.0,0
2022-11-02 00:00:00,0.0,0.0,0
2022-11-02 01:00:00,0.0,0.0,0
2022-11-02 02:00:00,0.0,0.0,0
2022-11-02 03:00:00,0.0,0.0,0
2022-11-02 04:00:00,0.0,0.0,0
2022-11-02 05:00:00,0.0,0.0,0
2022-11-02 06:00:00,0.0,0.0,0
2022-11-02 07:00:00,0.0,0.0,0
2022-11-02 08:00:00,0.0,0.0,0
2022-11-02 09:00:00,0.0,0.0,0
2022-11-02 10:00:00,0.0,0.0,0
2022-11-02 11:00:00,0.0,0.0,0
2022-11-02 12:00:00,0.0,0.0,0
2022-11-02 13:00:00,0.0,0.0,0
2022-11-02 14:00:00,0.0,0.0,0
2022-11-02 15:00:00,0.0,0.0,0
2022-11-02 16:00:00,0.0,0.0,0
2022-11-02 17:00:00,0.0,0.0,0
2022-11-02 18:00:00,0.0,0.0,0
2022-11-02 19:00:00,0.0,0.0,0
2022-11-02 20:00:00,0.0,0.0,0
2022-11-02 21:00:00,0.0,0.0,0
2022-11-02 22:00:00,0.0,0.0,0
2022-11-02 23:00:00,0.0,0.0,0
2022-11-03 00:00:00,0.0,0.0,0
2022-11-03 01:00:00,0.0,0.0,0
2022-11-03 02:00:00,0.0,0.0,0
2022-11-03 03:00:00,0.0,0.0,0
2022-11-03 04:00:00,0.0,0.0,0
2022-11-03 05:00:00,0.0,0.0,0
2022-11-03 06:00:00,0.0,0.0,0
2022-11-03 07:00:00,0.0,0.0,0
2022-11-03 08:00:00,0.0,0.0,0
2022-11-03 09:00:00,0.0,0.0,0
2022-11-03 10:00:00,0.0,0.0,0
2022-11-03 11:00:00,0.0,0.0,0
2022-11-03 12:00:00,0.0,0.0,0
2022-11-03 13:00:00,0.0,0.0,0
2022-11-03 14:00:00,0.0,0.0,0
2022-11-03 15:00:00,0.0,0.0,0
2022-11-03 16:00:00,0.0,0.0,0
2022-11-03 17:00:00,0.0,0.0,0
2022-11-03 18:00:00,0.0,0.0,0
2022-11-03 19:00:00,0.0,0.0,0
2022-11-03 20:00:00,0.0,0.0,0
2022-11-03 21:00:00,0.0,0.0,0
2022-11-03 22:00:00,0.0,0.0,0
2022-11-03 23:00:00,0.0,0.0,0
2022-11-04 00:00:00,0.0,0.0,0
2022-11-04 01:00:00,0.0,0.0,0
2022-11-04 02:00:00,0.0,0.0,0
2022-11-04 03:00:00,0.0,0.0,0
2022-11-04 04:00:00,0.0,0.0,0
2022-11-04 05:00:00,0.0,0.0,0
2022-11-04 06:00:00,0.0,0.0,0
2022-11-04 07:00:00,0.0,0.0,0
2022-11-04 08:00:00,0.0,0.0,0
2022-11-04 09:00:00,0.0,0.0,0
2022-11-04 10:00:00,0.0,0.0,0
2022-11-04 11:00:00,0.0,0.0,0
2022-11-04 12:00:00,0.0,0.0,0
2022-11-04 13:00:00,0.0,0.0,0
2022-11-04 14:00:00,0.0,0.0,0
2022-11-04 15:00:00,0.0,0.0,0
2022-11-04 16:00:00,0.0,0.0,0
2022-11-04 17:00:00,0.0,0.0,0
2022-11-04 18:00:00,0.0,0.0,0
2022-11-04 19:00:00,0.0,0.0,0
2022-11-04 20:00:00,0.0,0.0,0
2022-11-04 21:00:00,0.0,0.0,0
2022-11-04 22:00:00,0.0,0.0,0
2022-11-04 23:00:00,0.0,0.0,0
2022-11-05 00:00:00,0.0,0.0,0
2022-11-05 01:00:00,0.0,0.0,0
2022-11-05 02:00:00,0.0,0.0,0
2022-11-05 03:00:00,0.0,0.0,0
2022-11-05 04:00:00,0.0,0.0,0
2022-11-05 05:00:00,0.0,0.0,0
2022-11-05 06:00:00,0.0,0.0,0
2022-11-05 07:00:00,0.0,0.0,0
2022-11-05 08:00:00,0.0,0.0,0
2022-11-05 09:00:00,0.0,0.0,0
2022-11-05 10:00:00,0.0,0.0,0
2022-11-05 11:00:00,0.0,0.0,0
2022-11-05 12:00:00,0.0,0.0,0
2022-11-05 13:00:00,0.0,0.0,0
2022-11-05 14:00:00,0.0,0.0,0
2022-11-05 15:00:00,0.0,0.0,0
2022-11-05 16:00:00,0.0,0.0,0
2022-11-05 17:00:00,0.0,0.0,0
2022-11-05 18:00:00,0.0,0.0,0
2022-11-05 19:00:00,0.0,0.0,0
2022-11-05 20:00:00,0.0,0.0,0
2022-11-05 21:00:00,0.0,0.0,0
2022-11-05 22:00:00,0.0,0.0,0
2022-11-05 23:00:00,0.0,0.0,0
2022-11-06 00:00:00,0.0,0.0,0
2022-11-06 01:00:00,0.0,0.0,0
2022-11-06 02:00:00,0.0,0.0,0
2022-11-06 03:00:00,0.0,0.0,0
2022-11-06 04:00:00,0.0,0.0,0
2022-11-06 05:00:00,0.0,0.0,0
2022-11-06 06:00:00,0.0,0.0,0
2022-11-06 07:00:00,0.0,0.0,0
2022-11-06 08:00:00,0.0,0.0,0
2022-11-06 09:00:00,0.0,0.0,0
2022-11-06 10:00:00,0.0,0.0,0
2022-11-06 11:00:00,0.0,0.0,0
2022-11-06 12:00:00,0.0,0.0,0
2022-11-06 13:00:00,0.0,0.0,0
2022-11-06 14:00:00,0.0,0.0,0
2022-11-06 15:00:00,0.0,0.0,0
2022-11-06 16:00:00,0.0,0.0,0
2022-11-06 17:00:00,0.0,0.0,0
2022-11-06 18:00:00,0.0,0.0,0
2022-11-06 19:00:00,0.0,0.0,0
2022-11-06 20:00:00,0.0,0.0,0
2022-11-06 21:00:00,0.0,0.0,0
2022-11-06 22:00:00,0.0,0.0,0
2022-11-06 23:00:00,0.0,0.0,0
2022-11-07 00:00:00,0.0,0.0,0
2022-11-07 01:00:00,0.0,0.0,0
2022-11-07 02:00:00,0.0,0.0,0
2022-11-07 03:00:00,0.0,0.0,0
2022-11-07 04:00:00,0.0,0.0,0
2022-11-07 05:00:00,0.0,0.0,0
2022-11-07 06:00:00,0.0,0.0,0
2022-11-07 07:00:00,0.0,0.0,0
2022-11-07 08:00:00,0.0,0.0,0
2022-11-07 09:00:00,0.0,0.0,0
2022-11-07 10:00:00,0.0,0.0,0
2022-11-07 11:00:00,0.0,0.0,0
2022-11-07 12:00:00,0.0,0.0,0
2022-11-07 13:00:00,0.0,0.0,0
2022-11-07 14:00:00,0.0,0.0,0
2022-11-07 15:00:00,0.0,0.0,0
2022-11-07 16:00:00,0.15253514644351465,-0.06276150627615062,478
2022-11-07 17:00:00,0.13133542553191488,-0.06808510638297872,940
2022-11-07 18:00:00,0.1589420226678291,-0.06974716652136007,1147
2022-11-07 19:00:00,0.18545861471861472,0.01471861471861472,1155
2022-11-07 20:00:00,0.14297531512605044,-0.08823529411764706,952
2022-11-07 21:00:00,0.11425358948432761,-0.13953488372093023,989
2022-11-07 22:00:00,0.11080350154479918,-0.10607621009268794,971
2022-11-07 23:00:00,0.11788301204819276,-0.1,830
2022-11-08 00:00:00,0.0,0.0,0
2022-11-08 01:00:00,0.0,0.0,0
2022-11-08 02:00:00,0.0,0.0,0
2022-11-08 03:00:00,0.0,0.0,0
2022-11-08 04:00:00,0.0,0.0,0
2022-11-08 05:00:00,0.0,0.0,0
2022-11-08 06:00:00,0.0,0.0,0
2022-11-08 07:00:00,0.0,0.0,0
2022-11-08 08:00:00,0.0,0.0,0
2022-11-08 09:00:00,0.0,0.0,0
2022-11-08 10:00:00,0.0,0.0,0
2022-11-08 11:00:00,0.0,0.0,0
2022-11-08 12:00:00,0.0,0.0,0
2022-11-08 13:00:00,0.0,0.0,0
2022-11-08 14:00:00,0.0,0.0,0
2022-11-08 15:00:00,0.11388947368421053,-0.21052631578947367,19
2022-11-08 16:00:00,0.10466864310148233,-0.06271379703534778,877
2022-11-08 17:00:00,0.09466601796407186,-0.07335329341317365,668
2022-11-08 18:00:00,0.06621285347043701,-0.14395886889460155,1167
2022-11-08 19:00:00,0.03464479166666667,-0.169921875,1536
2022-11-08 20:00:00,0.0026687567567567592,-0.13405405405405404,925
2022-11-08 21:00:00,0.018399612403100778,-0.12532299741602068,774
2022-11-08 22:00:00,0.06030179894179894,-0.14708994708994708,945
2022-11-08 23:00:00,0.05323454545454546,-0.1523809523809524,1155
2022-11-09 00:00:00,0.0,0.0,0
2022-11-09 01:00:00,0.0,0.0,0
2022-11-09 02:00:00,0.0,0.0,0
2022-11-09 03:00:00,0.0,0.0,0
2022-11-09 04:00:00,0.0,0.0,0
2022-11-09 05:00:00,0.0,0.0,0
2022-11-09 06:00:00,0.0,0.0,0
2022-11-09 07:00:00,0.0,0.0,0
2022-11-09 08:00:00,0.0,0.0,0
2022-11-09 09:00:00,0.0,0.0,0
2022-11-09 10:00:00,0.0,0.0,0
2022-11-09 11:00:00,0.0,0.0,0
2022-11-09 12:00:00,0.0,0.0,0
2022-11-09 13:00:00,0.0,0.0,0
2022-11-09 14:00:00,0.12425903614457832,-0.07710843373493977,415
2022-11-09 15:00:00,0.0819377380952381,-0.09642857142857143,840
2022-11-09 16:00:00,0.04529988545246277,-0.22107674684994272,873
2022-11-09 17:00:00,0.0791836262719704,-0.18501387604070305,1081
2022-11-09 18:00:00,0.07370743944636678,-0.1319204152249135,2312
2022-11-09 19:00:00,0.1228683108422522,-0.05537459283387622,2149
2022-11-09 20:00:00,0.05597008633824276,-0.1366175723717623,1969
2022-11-09 21:00:00,0.039659237707302876,-0.18068082630200757,3437
2022-11-09 22:00:00,0.06097810602994738,-0.1679481991096722,2471
2022-11-09 23:00:00,0.13257154673283705,-0.09925558312655088,1209
2022-11-10 00:00:00,0.0,0.0,0
2022-11-10 01:00:00,0.0,0.0,0
2022-11-10 02:00:00,0.0,0.0,0
2022-11-10 03:00:00,0.0,0.0,0
2022-11-10 04:00:00,0.0,0.0,0
2022-11-10 05:00:00,0.0,0.0,0
2022-11-10 06:00:00,0.0,0.0,0
2022-11-10 07:00:00,0.0,0.0,0
2022-11-10 08:00:00,0.0,0.0,0
2022-11-10 09:00:00,0.0,0.0,0
2022-11-10 10:00:00,0.0,0.0,0
2022-11-10 11:00:00,0.0,0.0,0
2022-11-10 12:00:00,0.0,0.0,0
2022-11-10 13:00:00,0.0,0.0,0
2022-11-10 14:00:00,0.0,0.0,0
2022-11-10 15:00:00,0.0,0.0,0
2022-11-10 16:00:00,0.09781513687600644,-0.08856682769726248,621
2022-11-10 17:00:00,0.09686720812182742,-0.11979695431472082,985
2022-11-10 18:00:00,0.09670953221535745,-0.09179170344218888,1133
2022-11-10 19:00:00,0.09960532110091744,-0.13119266055045872,1090
2022-11-10 20:00:00,0.061212280701754385,-0.11666666666666667,1140
2022-11-10 21:00:00,0.08303132010353753,-0.12338222605694564,1159
2022-11-10 22:00:00,0.1010852754237288,-0.09957627118644068,944
2022-11-10 23:00:00,0.12758723628691981,-0.08544303797468354,948
2022-11-11 00:00:00,0.0,0.0,0
2022-11-11 01:00:00,0.0,0.0,0
2022-11-11 02:00:00,0.0,0.0,0
2022-11-11 03:00:00,0.0,0.0,0
2022-11-11 04:00:00,0.0,0.0,0
2022-11-11 05:00:00,0.0,0.0,0
2022-11-11 06:00:00,0.0,0.0,0
2022-11-11 07:00:00,0.0,0.0,0
2022-11-11 08:00:00,0.0,0.0,0
2022-11-11 09:00:00,0.0,0.0,0
2022-11-11 10:00:00,0.0,0.0,0
2022-11-11 11:00:00,0.0,0.0,0
2022-11-11 12:00:00,0.0,0.0,0
2022-11-11 13:00:00,0.0,0.0,0
2022-11-11 14:00:00,0.009385040071237758,-0.1861086375779163,1123
2022-11-11 15:00:00,0.05483954468802698,-0.19983136593591905,1186
2022-11-11 16:00:00,0.07429360243716679,-0.14927646610814926,1313
2022-11-11 17:00:00,0.07157551669316375,-0.1589825119236884,1258
2022-11-11 18:00:00,0.05897200870195794,-0.11820159535895576,1379
2022-11-11 19:00:00,0.03656124481327801,-0.17593360995850624,1205
2022-11-11 20:00:00,0.04545794871794872,-0.18632478632478633,1170
2022-11-11 21:00:00,0.02731616257088847,-0.17580340264650285,1058
2022-11-11 22:00:00,0.08344468937875751,-0.12424849699398798,998
2022-11-11 23:00:00,0.05663390804597702,-0.15057471264367817,870
2022-11-12 00:00:00,0.0,0.0,0
2022-11-12 01:00:00,0.0,0.0,0
2022-11-12 02:00:00,0.0,0.0,0
2022-11-12 03:00:00,0.0,0.0,0
2022-11-12 04:00:00,0.0,0.0,0
2022-11-12 05:00:00,0.0,0.0,0
2022-11-12 06:00:00,0.0,0.0,0
2022-11-12 07:00:00,0.0,0.0,0
2022-11-12 08:00:00,0.0,0.0,0
2022-11-12 09:00:00,0.0,0.0,0
2022-11-12 10:00:00,0.0,0.0,0
2022-11-12 11:00:00,0.0,0.0,0
2022-11-12 12:00:00,0.0,0.0,0
2022-11-12 13:00:00,0.0,0.0,0
2022-11-12 14:00:00,0.0,0.0,0
2022-11-12 15:00:00,0.0,0.0,0
2022-11-12 16:00:00,0.0,0.0,0
2022-11-12 17:00:00,0.0,0.0,0
2022-11-12 18:00:00,0.0,0.0,0
2022-11-12 19:00:00,0.0,0.0,0
2022-11-12 20:00:00,0.0,0.0,0
2022-11-12 21:00:00,0.0,0.0,0
2022-11-12 22:00:00,0.0,0.0,0
2022-11-12 23:00:00,0.0,0.0,0
2022-11-13 00:00:00,0.0,0.0,0
2022-11-13 01:00:00,0.0,0.0,0
2022-11-13 02:00:00,0.0,0.0,0
2022-11-13 03:00:00,0.0,0.0,0
2022-11-13 04:00:00,0.0,0.0,0
2022-11-13 05:00:00,0.0,0.0,0
2022-11-13 06:00:00,0.0,0.0,0
2022-11-13 07:00:00,0.0,0.0,0
2022-11-13 08:00:00,0.0,0.0,0
2022-11-13 09:00:00,0.0,0.0,0
2022-11-13 10:00:00,0.0,0.0,0
2022-11-13 11:00:00,0.0,0.0,0
2022-11-13 12:00:00,0.0,0.0,0
2022-11-13 13:00:00,0.0,0.0,0
2022-11-13 14:00:00,0.0,0.0,0
2022-11-13 15:00:00,0.0,0.0,0
2022-11-13 16:00:00,0.0,0.0,0
2022-11-13 17:00:00,0.0,0.0,0
2022-11-13 18:00:00,0.0,0.0,0
2022-11-13 19:00:00,0.07777345971563981,-0.24644549763033174,211
2022-11-13 20:00:00,0.10109045725646124,-0.20576540755467196,1006
2022-11-13 21:00:00,0.09847068345323741,-0.11061151079136691,1112
2022-11-13 22:00:00,0.06908140350877193,-0.18011695906432748,855
2022-11-13 23:00:00,0.015242599277978337,-0.20818291215403129,831
2022-11-14 00:00:00,0.0,0.0,0
2022-11-14 01:00:00,0.0,0.0,0
2022-11-14 02:00:00,0.0,0.0,0
2022-11-14 03:00:00,0.0,0.0,0
2022-11-14 04:00:00,0.0,0.0,0
2022-11-14 05:00:00,0.0,0.0,0
2022-11-14 06:00:00,0.0,0.0,0
2022-11-14 07:00:00,0.0,0.0,0
2022-11-14 08:00:00,0.0,0.0,0
2022-11-14 09:00:00,0.0,0.0,0
2022-11-14 10:00:00,0.0,0.0,0
2022-11-14 11:00:00,0.0,0.0,0
2022-11-14 12:00:00,0.0,0.0,0
2022-11-14 13:00:00,0.0,0.0,0
2022-11-14 14:00:00,0.15987243066884177,-0.040783034257748776,613
2022-11-14 15:00:00,0.13312095588235295,-0.046875,1088
2022-11-14 16:00:00,0.1354886567164179,-0.09054726368159204,1005
2022-11-14 17:00:00,0.14555077071290945,-0.055876685934489405,1038
2022-11-14 18:00:00,0.17605034079844206,0.01557935735150925,1027
2022-11-14 19:00:00,0.09360291970802918,-0.10114702815432743,959
2022-11-14 20:00:00,0.03669491891891892,-0.15243243243243243,925
2022-11-14 21:00:00,0.1082,-0.1443661971830986,852
2022-11-14 22:00:00,0.10560877697841727,-0.10359712230215827,695
2022-11-14 23:00:00,0.10855426573426574,-0.11048951048951049,715
2022-11-15 00:00:00,0.09877379209370425,-0.12884333821376281,683
2022-11-15 01:00:00,0.05116290909090909,-0.16363636363636364,550
2022-11-15 02:00:00,0.06542937399678973,-0.15730337078651685,623
2022-11-15 03:00:00,0.00805461847389558,-0.20281124497991967,498
2022-11-15 04:00:00,0.01717202380952381,-0.16666666666666666,504
2022-11-15 05:00:00,0.044688436830835114,-0.13704496788008566,467
2022-11-15 06:00:00,0.12450382059800665,-0.06312292358803986,602
2022-11-15 07:00:00,0.08306827956989248,-0.056451612903225805,744
2022-11-15 08:00:00,0.08031578947368422,-0.0935672514619883,855
2022-11-15 09:00:00,0.07151612903225807,-0.10215053763440861,744
2022-11-15 10:00:00,0.10122093352192363,-0.06789250353606789,707
2022-11-15 11:00:00,0.11504262125902992,-0.08565531475748193,969
2022-11-15 12:00:00,0.12022280701754387,-0.08991228070175439,912
2022-11-15 13:00:00,0.12207475642161203,-0.10894596988485385,1129
2022-11-15 14:00:00,0.11016673448626654,-0.10986775178026449,983
2022-11-15 15:00:00,0.09332737777777778,-0.1751111111111111,1125
2022-11-15 16:00:00,0.07863286290322581,-0.10483870967741936,992
2022-11-15 17:00:00,0.06832131868131869,-0.11978021978021978,910
2022-11-15 18:00:00,0.07674356333676623,-0.10916580844490216,971
2022-11-15 19:00:00,0.07671254801536492,-0.11523687580025609,781
2022-11-15 20:00:00,0.10161762402088773,-0.08746736292428199,766
2022-11-15 21:00:00,0.08229719495091165,-0.11781206171107994,713
2022-11-15 22:00:00,0.04154260869565217,-0.15217391304347827,690
2022-11-15 23:00:00,0.08255907590759076,-0.14026402640264027,606
2022-11-16 00:00:00,0.0,0.0,0
2022-11-16 01:00:00,0.0,0.0,0
2022-11-16 02:00:00,0.0,0.0,0
2022-11-16 03:00:00,0.0,0.0,0
2022-11-16 04:00:00,0.0,0.0,0
2022-11-16 05:00:00,0.0,0.0,0
2022-11-16 06:00:00,0.0,0.0,0
2022-11-16 07:00:00,0.09348139534883722,-0.09689922480620156,258
2022-11-16 08:00:00,0.10915204755614268,-0.06472919418758256,757
2022-11-16 09:00:00,0.11349646226415094,-0.11084905660377359,848
2022-11-16 10:00:00,0.06848304297328688,-0.10220673635307782,861
2022-11-16 11:00:00,0.09960128205128205,-0.08440170940170941,936
2022-11-16 12:00:00,0.11740026595744682,-0.047872340425531915,1128
2022-11-16 13:00:00,0.052993013408609735,-0.13126323218066338,1417
2022-11-16 14:00:00,0.06723655547991832,-0.12049012933968686,1469
2022-11-16 15:00:00,0.047761647254575705,-0.13477537437603992,1202
2022-11-16 16:00:00,0.07182909498878084,-0.09947643979057591,1337
2022-11-16 17:00:00,0.09540579598145286,-0.12596599690880989,1294
2022-11-16 18:00:00,0.07219379905808478,-0.0706436420722135,1274
2022-11-16 19:00:00,0.06331974752028854,-0.11632100991884581,1109
2022-11-16 20:00:00,0.07312527777777778,-0.1175925925925926,1080
2022-11-16 21:00:00,0.08907659192825111,-0.12376681614349776,1115
2022-11-16 22:00:00,0.11927088846880907,-0.0888468809073724,1058
2022-11-16 23:00:00,0.08774140480591497,-0.09149722735674677,1082
2022-11-17 00:00:00,0.0,0.0,0
2022-11-17 01:00:00,0.0,0.0,0
2022-11-17 02:00:00,0.0,0.0,0
2022-11-17 03:00:00,0.0,0.0,0
2022-11-17 04:00:00,0.0,0.0,0
2022-11-17 05:00:00,0.0,0.0,0
2022-11-17 06:00:00,0.0,0.0,0
2022-11-17 07:00:00,0.0,0.0,0
2022-11-17 08:00:00,0.0,0.0,0
2022-11-17 09:00:00,0.0,0.0,0
2022-11-17 10:00:00,0.0,0.0,0
2022-11-17 11:00:00,0.0,0.0,0
2022-11-17 12:00:00,0.0,0.0,0
2022-11-17 13:00:00,0.0,0.0,0
2022-11-17 14:00:00,0.0,0.0,0
2022-11-17 15:00:00,0.0,0.0,0
2022-11-17 16:00:00,0.0,0.0,0
2022-11-17 17:00:00,0.0,0.0,0
2022-11-17 18:00:00,0.0,0.0,0
2022-11-17 19:00:00,0.0,0.0,0
2022-11-17 20:00:00,0.0,0.0,0
2022-11-17 21:00:00,0.0,0.0,0
2022-11-17 22:00:00,0.0,0.0,0
2022-11-17 23:00:00,0.0,0.0,0
2022-11-18 00:00:00,0.0,0.0,0
2022-11-18 01:00:00,0.0,0.0,0
2022-11-18 02:00:00,0.0,0.0,0
2022-11-18 03:00:00,0.0,0.0,0
2022-11-18 04:00:00,0.0,0.0,0
2022-11-18 05:00:00,0.0,0.0,0
2022-11-18 06:00:00,0.0,0.0,0
2022-11-18 07:00:00,0.0,0.0,0
2022-11-18 08:00:00,0.0,0.0,0
2022-11-18 09:00:00,0.0,0.0,0
2022-11-18 10:00:00,0.0,0.0,0
2022-11-18 11:00:00,0.0,0.0,0
2022-11-18 12:00:00,0.0,0.0,0
2022-11-18 13:00:00,0.0,0.0,0
2022-11-18 14:00:00,0.0,0.0,0
2022-11-18 15:00:00,0.0,0.0,0
2022-11-18 16:00:00,0.0,0.0,0
2022-11-18 17:00:00,0.0,0.0,0
2022-11-18 18:00:00,0.0,0.0,0
2022-11-18 19:00:00,0.0,0.0,0
2022-11-18 20:00:00,0.0,0.0,0
2022-11-18 21:00:00,0.0,0.0,0
2022-11-18 22:00:00,0.0,0.0,0
2022-11-18 23:00:00,0.0,0.0,0
2022-11-19 00:00:00,0.0,0.0,0
2022-11-19 01:00:00,0.0,0.0,0
2022-11-19 02:00:00,0.0,0.0,0
2022-11-19 03:00:00,0.0,0.0,0
2022-11-19 04:00:00,0.0,0.0,0
2022-11-19 05:00:00,0.0,0.0,0
2022-11-19 06:00:00,0.0,0.0,0
2022-11-19 07:00:00,0.0,0.0,0
2022-11-19 08:00:00,0.0,0.0,0
2022-11-19 09:00:00,0.0,0.0,0
2022-11-19 10:00:00,0.0,0.0,0
2022-11-19 11:00:00,0.0,0.0,0
2022-11-19 12:00:00,0.0,0.0,0
2022-11-19 13:00:00,0.0,0.0,0
2022-11-19 14:00:00,0.0,0.0,0
2022-11-19 15:00:00,0.0,0.0,0
2022-11-19 16:00:00,0.0,0.0,0
2022-11-19 17:00:00,0.0,0.0,0
2022-11-19 18:00:00,0.0,0.0,0
2022-11-19 19:00:00,0.0,0.0,0
2022-11-19 20:00:00,0.0,0.0,0
2022-11-19 21:00:00,0.0,0.0,0
2022-11-19 22:00:00,0.0,0.0,0
2022-11-19 23:00:00,0.0,0.0,0
2022-11-20 00:00:00,0.0,0.0,0
2022-11-20 01:00:00,0.0,0.0,0
2022-11-20 02:00:00,0.0,0.0,0
2022-11-20 03:00:00,0.0,0.0,0
2022-11-20 04:00:00,0.0,0.0,0
2022-11-20 05:00:00,0.0,0.0,0
2022-11-20 06:00:00,0.0,0.0,0
2022-11-20 07:00:00,0.0,0.0,0
2022-11-20 08:00:00,0.0,0.0,0
2022-11-20 09:00:00,0.0,0.0,0
2022-11-20 10:00:00,0.0,0.0,0
2022-11-20 11:00:00,0.0,0.0,0
2022-11-20 12:00:00,0.0,0.0,0
2022-11-20 13:00:00,0.0,0.0,0
2022-11-20 14:00:00,0.0,0.0,0
2022-11-20 15:00:00,0.0,0.0,0
2022-11-20 16:00:00,0.0,0.0,0
2022-11-20 17:00:00,0.0,0.0,0
2022-11-20 18:00:00,0.0,0.0,0
2022-11-20 19:00:00,-0.01895267175572519,-0.17557251908396945,131
2022-11-20 20:00:00,0.05714601910828026,-0.12420382165605096,628
2022-11-20 21:00:00,0.0921643006263048,-0.12212943632567849,958
2022-11-20 22:00:00,0.05986139817629179,-0.17933130699088146,987
2022-11-20 23:00:00,0.07683190529875987,-0.1161217587373168,887
2022-11-21 00:00:00,0.0,0.0,0
2022-11-21 01:00:00,0.0,0.0,0
2022-11-21 02:00:00,0.0,0.0,0
2022-11-21 03:00:00,0.0,0.0,0
2022-11-21 04:00:00,0.0,0.0,0
2022-11-21 05:00:00,0.0,0.0,0
2022-11-21 06:00:00,0.0,0.0,0
2022-11-21 07:00:00,0.0,0.0,0
2022-11-21 08:00:00,0.0,0.0,0
2022-11-21 09:00:00,0.0,0.0,0
2022-11-21 10:00:00,0.06407982708933718,-0.07780979827089338,347
2022-11-21 11:00:00,0.03564238505747127,-0.09195402298850575,696
2022-11-21 12:00:00,0.07748236009732361,0.0170316301703163,822
2022-11-21 13:00:00,0.10181164383561643,-0.05707762557077625,876
2022-11-21 14:00:00,0.09200419664268585,-0.07194244604316546,834
2022-11-21 15:00:00,0.11112300263388938,-0.1044776119402985,1139
2022-11-21 16:00:00,0.097335303514377,-0.09345047923322684,1252
2022-11-21 17:00:00,0.09920519698239731,-0.09471919530595138,1193
2022-11-21 18:00:00,0.09527236641221373,-0.07786259541984733,1310
2022-11-21 19:00:00,0.05888279499011206,-0.11931443638760712,1517
2022-11-21 20:00:00,0.07902961854899028,-0.10919970082273747,1337
2022-11-21 21:00:00,0.03227803425167536,-0.16232315711094564,1343
2022-11-21 22:00:00,0.01933077519379845,-0.17906976744186046,1290
2022-11-21 23:00:00,0.06024313131313132,-0.1404040404040404,990
2022-11-22 00:00:00,0.0,0.0,0
2022-11-22 01:00:00,0.0,0.0,0
2022-11-22 02:00:00,0.0,0.0,0
2022-11-22 03:00:00,0.0,0.0,0
2022-11-22 04:00:00,0.0,0.0,0
2022-11-22 05:00:00,0.0,0.0,0
2022-11-22 06:00:00,0.0,0.0,0
2022-11-22 07:00:00,0.0,0.0,0
2022-11-22 08:00:00,0.0,0.0,0
2022-11-22 09:00:00,0.0,0.0,0
2022-11-22 10:00:00,0.0,0.0,0
2022-11-22 11:00:00,0.0,0.0,0
2022-11-22 12:00:00,0.0,0.0,0
2022-11-22 13:00:00,0.0,0.0,0
2022-11-22 14:00:00,0.0,0.0,0
2022-11-22 15:00:00,0.0,0.0,0
2022-11-22 16:00:00,0.0,0.0,0
2022-11-22 17:00:00,0.0,0.0,0
2022-11-22 18:00:00,0.0,0.0,0
2022-11-22 19:00:00,0.0,0.0,0
2022-11-22 20:00:00,0.0,0.0,0
2022-11-22 21:00:00,0.0,0.0,0
2022-11-22 22:00:00,0.0,0.0,0
2022-11-22 23:00:00,0.0,0.0,0
2022-11-23 00:00:00,0.0,0.0,0
2022-11-23 01:00:00,0.0,0.0,0
2022-11-23 02:00:00,0.0,0.0,0
2022-11-23 03:00:00,0.0,0.0,0
2022-11-23 04:00:00,0.0,0.0,0
2022-11-23 05:00:00,0.0,0.0,0
2022-11-23 06:00:00,0.0,0.0,0
2022-11-23 07:00:00,0.0,0.0,0
2022-11-23 08:00:00,0.0,0.0,0
2022-11-23 09:00:00,0.0,0.0,0
2022-11-23 10:00:00,0.0,0.0,0
2022-11-23 11:00:00,0.0,0.0,0
2022-11-23 12:00:00,0.0,0.0,0
2022-11-23 13:00:00,0.0,0.0,0
2022-11-23 14:00:00,0.0,0.0,0
2022-11-23 15:00:00,0.0,0.0,0
2022-11-23 16:00:00,0.0,0.0,0
2022-11-23 17:00:00,0.0,0.0,0
2022-11-23 18:00:00,0.0,0.0,0
2022-11-23 19:00:00,0.0,0.0,0
2022-11-23 20:00:00,0.0,0.0,0
2022-11-23 21:00:00,0.0,0.0,0
2022-11-23 22:00:00,0.0,0.0,0
2022-11-23 23:00:00,0.0,0.0,0
2022-11-24 00:00:00,0.0,0.0,0
2022-11-24 01:00:00,0.0,0.0,0
2022-11-24 02:00:00,0.0,0.0,0
2022-11-24 03:00:00,0.0,0.0,0
2022-11-24 04:00:00,0.0,0.0,0
2022-11-24 05:00:00,0.0,0.0,0
2022-11-24 06:00:00,0.0,0.0,0
2022-11-24 07:00:00,0.0,0.0,0
2022-11-24 08:00:00,0.0,0.0,0
2022-11-24 09:00:00,0.0,0.0,0
2022-11-24 10:00:00,0.0,0.0,0
2022-11-24 11:00:00,0.0,0.0,0
2022-11-24 12:00:00,0.0,0.0,0
2022-11-24 13:00:00,0.0,0.0,0
2022-11-24 14:00:00,0.0,0.0,0
2022-11-24 15:00:00,0.0,0.0,0
2022-11-24 16:00:00,0.0,0.0,0
2022-11-24 17:00:00,0.0,0.0,0
2022-11-24 18:00:00,0.0,0.0,0
2022-11-24 19:00:00,0.0,0.0,0
2022-11-24 20:00:00,0.0,0.0,0
2022-11-24 21:00:00,0.0,0.0,0
2022-11-24 22:00:00,0.0,0.0,0
2022-11-24 23:00:00,0.0,0.0,0
2022-11-25 00:00:00,0.0,0.0,0
2022-11-25 01:00:00,0.0,0.0,0
2022-11-25 02:00:00,0.0,0.0,0
2022-11-25 03:00:00,0.0,0.0,0
2022-11-25 04:00:00,0.0,0.0,0
2022-11-25 05:00:00,0.0,0.0,0
2022-11-25 06:00:00,0.0,0.0,0
2022-11-25 07:00:00,0.0,0.0,0
2022-11-25 08:00:00,0.0,0.0,0
2022-11-25 09:00:00,0.0,0.0,0
2022-11-25 10:00:00,0.0,0.0,0
2022-11-25 11:00:00,0.0,0.0,0
2022-11-25 12:00:00,0.0,0.0,0
2022-11-25 13:00:00,0.0,0.0,0
2022-11-25 14:00:00,0.0,0.0,0
2022-11-25 15:00:00,0.0,0.0,0
2022-11-25 16:00:00,0.0,0.0,0
2022-11-25 17:00:00,0.0,0.0,0
2022-11-25 18:00:00,0.0,0.0,0
2022-11-25 19:00:00,0.0,0.0,0
2022-11-25 20:00:00,0.0,0.0,0
2022-11-25 21:00:00,0.0,0.0,0
2022-11-25 22:00:00,0.0,0.0,0
2022-11-25 23:00:00,0.0,0.0,0
2022-11-26 00:00:00,0.0,0.0,0
2022-11-26 01:00:00,0.0,0.0,0
2022-11-26 02:00:00,0.0,0.0,0
2022-11-26 03:00:00,0.0,0.0,0
2022-11-26 04:00:00,0.0,0.0,0
2022-11-26 05:00:00,0.0,0.0,0
2022-11-26 06:00:00,0.0,0.0,0
2022-11-26 07:00:00,0.0,0.0,0
2022-11-26 08:00:00,0.0,0.0,0
2022-11-26 09:00:00,0.0,0.0,0
2022-11-26 10:00:00,0.0,0.0,0
2022-11-26 11:00:00,0.0,0.0,0
2022-11-26 12:00:00,0.0,0.0,0
2022-11-26 13:00:00,0.0,0.0,0
2022-11-26 14:00:00,0.0,0.0,0
2022-11-26 15:00:00,0.0,0.0,0
2022-11-26 16:00:00,0.0,0.0,0
2022-11-26 17:00:00,0.0,0.0,0
2022-11-26 18:00:00,0.0,0.0,0
2022-11-26 19:00:00,0.0,0.0,0
2022-11-26 20:00:00,0.0,0.0,0
2022-11-26 21:00:00,0.0,0.0,0
2022-11-26 22:00:00,0.0,0.0,0
2022-11-26 23:00:00,0.0,0.0,0
2022-11-27 00:00:00,0.0,0.0,0
2022-11-27 01:00:00,0.0,0.0,0
2022-11-27 02:00:00,0.0,0.0,0
2022-11-27 03:00:00,0.0,0.0,0
2022-11-27 04:00:00,0.0,0.0,0
2022-11-27 05:00:00,0.0,0.0,0
2022-11-27 06:00:00,0.0,0.0,0
2022-11-27 07:00:00,0.0,0.0,0
2022-11-27 08:00:00,0.0,0.0,0
2022-11-27 09:00:00,0.0,0.0,0
2022-11-27 10:00:00,0.0,0.0,0
2022-11-27 11:00:00,0.0,0.0,0
2022-11-27 12:00:00,0.0,0.0,0
2022-11-27 13:00:00,0.0,0.0,0
2022-11-27 14:00:00,0.0,0.0,0
2022-11-27 15:00:00,0.0,0.0,0
2022-11-27 16:00:00,0.0,0.0,0
2022-11-27 17:00:00,0.0,0.0,0
2022-11-27 18:00:00,0.0,0.0,0
2022-11-27 19:00:00,0.0,0.0,0
2022-11-27 20:00:00,0.0,0.0,0
2022-11-27 21:00:00,0.0,0.0,0
2022-11-27 22:00:00,0.0,0.0,0
2022-11-27 23:00:00,0.0,0.0,0
2022-11-28 00:00:00,0.0,0.0,0
2022-11-28 01:00:00,0.0,0.0,0
2022-11-28 02:00:00,0.0,0.0,0
2022-11-28 03:00:00,0.0,0.0,0
2022-11-28 04:00:00,0.0,0.0,0
2022-11-28 05:00:00,0.0,0.0,0
2022-11-28 06:00:00,0.0,0.0,0
2022-11-28 07:00:00,0.0,0.0,0
2022-11-28 08:00:00,0.0,0.0,0
2022-11-28 09:00:00,0.0,0.0,0
2022-11-28 10:00:00,0.0,0.0,0
2022-11-28 11:00:00,0.0,0.0,0
2022-11-28 12:00:00,0.0,0.0,0
2022-11-28 13:00:00,0.0,0.0,0
2022-11-28 14:00:00,0.0,0.0,0
2022-11-28 15:00:00,0.0,0.0,0
2022-11-28 16:00:00,0.0,0.0,0
2022-11-28 17:00:00,0.0,0.0,0
2022-11-28 18:00:00,0.0,0.0,0
2022-11-28 19:00:00,0.0,0.0,0
2022-11-28 20:00:00,0.0,0.0,0
2022-11-28 21:00:00,0.0,0.0,0
2022-11-28 22:00:00,0.0,0.0,0
2022-11-28 23:00:00,0.0,0.0,0
2022-11-29 00:00:00,0.0,0.0,0
2022-11-29 01:00:00,0.0,0.0,0
2022-11-29 02:00:00,0.0,0.0,0
2022-11-29 03:00:00,0.0,0.0,0
2022-11-29 04:00:00,0.0,0.0,0
2022-11-29 05:00:00,0.0,0.0,0
2022-11-29 06:00:00,0.0,0.0,0
2022-11-29 07:00:00,0.0,0.0,0
2022-11-29 08:00:00,0.0,0.0,0
2022-11-29 09:00:00,0.0,0.0,0
2022-11-29 10:00:00,0.0,0.0,0
2022-11-29 11:00:00,0.0,0.0,0
2022-11-29 12:00:00,0.0,0.0,0
2022-11-29 13:00:00,0.0,0.0,0
2022-11-29 14:00:00,0.0,0.0,0
2022-11-29 15:00:00,0.0,0.0,0
2022-11-29 16:00:00,0.0,0.0,0
2022-11-29 17:00:00,0.0,0.0,0
2022-11-29 18:00:00,0.0,0.0,0
2022-11-29 19:00:00,0.0,0.0,0
2022-11-29 20:00:00,0.0,0.0,0
2022-11-29 21:00:00,0.0,0.0,0
2022-11-29 22:00:00,0.0,0.0,0
2022-11-29 23:00:00,0.0,0.0,0
2022-11-30 00:00:00,0.0,0.0,0
2022-11-30 01:00:00,0.0,0.0,0
2022-11-30 02:00:00,0.0,0.0,0
2022-11-30 03:00:00,0.0,0.0,0
2022-11-30 04:00:00,0.0,0.0,0
2022-11-30 05:00:00,0.0,0.0,0
2022-11-30 06:00:00,0.0,0.0,0
2022-11-30 07:00:00,0.0,0.0,0
2022-11-30 08:00:00,0.0,0.0,0
2022-11-30 09:00:00,0.0,0.0,0
2022-11-30 10:00:00,0.0,0.0,0
2022-11-30 11:00:00,0.0,0.0,0
2022-11-30 12:00:00,0.0,0.0,0
2022-11-30 13:00:00,0.0,0.0,0
2022-11-30 14:00:00,0.0,0.0,0
2022-11-30 15:00:00,0.0,0.0,0
2022-11-30 16:00:00,0.0,0.0,0
2022-11-30 17:00:00,0.0,0.0,0
2022-11-30 18:00:00,0.0,0.0,0
2022-11-30 19:00:00,0.0,0.0,0
2022-11-30 20:00:00,0.0,0.0,0
2022-11-30 21:00:00,0.0,0.0,0
2022-11-30 22:00:00,0.0,0.0,0
2022-11-30 23:00:00,0.0,0.0,0
2022-12-01 00:00:00,0.0,0.0,0
2022-12-01 01:00:00,0.0,0.0,0
2022-12-01 02:00:00,0.0,0.0,0
2022-12-01 03:00:00,0.0,0.0,0
2022-12-01 04:00:00,0.0,0.0,0
2022-12-01 05:00:00,0.0,0.0,0
2022-12-01 06:00:00,0.0,0.0,0
2022-12-01 07:00:00,0.0,0.0,0
2022-12-01 08:00:00,0.0,0.0,0
2022-12-01 09:00:00,0.0,0.0,0
2022-12-01 10:00:00,0.0,0.0,0
2022-12-01 11:00:00,0.0,0.0,0
2022-12-01 12:00:00,0.0,0.0,0
2022-12-01 13:00:00,0.0,0.0,0
2022-12-01 14:00:00,0.0,0.0,0
2022-12-01 15:00:00,0.0,0.0,0
2022-12-01 16:00:00,0.0,0.0,0
2022-12-01 17:00:00,0.0,0.0,0
2022-12-01 18:00:00,0.0,0.0,0
2022-12-01 19:00:00,0.0,0.0,0
2022-12-01 20:00:00,0.0,0.0,0
2022-12-01 21:00:00,0.0,0.0,0
2022-12-01 22:00:00,0.0,0.0,0
2022-12-01 23:00:00,0.0,0.0,0
2022-12-02 00:00:00,0.0,0.0,0
2022-12-02 01:00:00,0.0,0.0,0
2022-12-02 02:00:00,0.0,0.0,0
2022-12-02 03:00:00,0.0,0.0,0
2022-12-02 04:00:00,0.0,0.0,0
2022-12-02 05:00:00,0.0,0.0,0
2022-12-02 06:00:00,0.0,0.0,0
2022-12-02 07:00:00,0.0,0.0,0
2022-12-02 08:00:00,0.0,0.0,0
2022-12-02 09:00:00,0.0,0.0,0
2022-12-02 10:00:00,0.0,0.0,0
2022-12-02 11:00:00,0.0,0.0,0
2022-12-02 12:00:00,0.0,0.0,0
2022-12-02 13:00:00,0.0,0.0,0
2022-12-02 14:00:00,0.0,0.0,0
2022-12-02 15:00:00,0.0,0.0,0
2022-12-02 16:00:00,0.0,0.0,0
2022-12-02 17:00:00,0.0,0.0,0
2022-12-02 18:00:00,0.0,0.0,0
2022-12-02 19:00:00,0.0,0.0,0
2022-12-02 20:00:00,0.0,0.0,0
2022-12-02 21:00:00,0.0,0.0,0
2022-12-02 22:00:00,0.0,0.0,0
2022-12-02 23:00:00,0.0,0.0,0
2022-12-03 00:00:00,0.0,0.0,0
2022-12-03 01:00:00,0.0,0.0,0
2022-12-03 02:00:00,0.0,0.0,0
2022-12-03 03:00:00,0.0,0.0,0
2022-12-03 04:00:00,0.0,0.0,0
2022-12-03 05:00:00,0.0,0.0,0
2022-12-03 06:00:00,0.0,0.0,0
2022-12-03 07:00:00,0.0,0.0,0
2022-12-03 08:00:00,0.0,0.0,0
2022-12-03 09:00:00,0.0,0.0,0
2022-12-03 10:00:00,0.0,0.0,0
2022-12-03 11:00:00,0.0,0.0,0
2022-12-03 12:00:00,0.0,0.0,0
2022-12-03 13:00:00,0.0,0.0,0
2022-12-03 14:00:00,0.0,0.0,0
2022-12-03 15:00:00,0.0,0.0,0
2022-12-03 16:00:00,0.0,0.0,0
2022-12-03 17:00:00,0.0,0.0,0
2022-12-03 18:00:00,0.0,0.0,0
2022-12-03 19:00:00,0.0,0.0,0
2022-12-03 20:00:00,0.0,0.0,0
2022-12-03 21:00:00,0.0,0.0,0
2022-12-03 22:00:00,0.0,0.0,0
2022-12-03 23:00:00,0.0,0.0,0
2022-12-04 00:00:00,0.0,0.0,0
2022-12-04 01:00:00,0.0,0.0,0
2022-12-04 02:00:00,0.0,0.0,0
2022-12-04 03:00:00,0.0,0.0,0
2022-12-04 04:00:00,0.0,0.0,0
2022-12-04 05:00:00,0.0,0.0,0
2022-12-04 06:00:00,0.0,0.0,0
2022-12-04 07:00:00,0.0,0.0,0
2022-12-04 08:00:00,0.0,0.0,0
2022-12-04 09:00:00,0.0,0.0,0
2022-12-04 10:00:00,0.0,0.0,0
2022-12-04 11:00:00,0.0,0.0,0
2022-12-04 12:00:00,0.0,0.0,0
2022-12-04 13:00:00,0.0,0.0,0
2022-12-04 14:00:00,0.0,0.0,0
2022-12-04 15:00:00,0.0,0.0,0
2022-12-04 16:00:00,0.0,0.0,0
2022-12-04 17:00:00,0.0,0.0,0
2022-12-04 18:00:00,0.0,0.0,0
2022-12-04 19:00:00,0.0,0.0,0
2022-12-04 20:00:00,0.0,0.0,0
2022-12-04 21:00:00,0.0,0.0,0
2022-12-04 22:00:00,0.0,0.0,0
2022-12-04 23:00:00,0.0,0.0,0
2022-12-05 00:00:00,0.0,0.0,0
2022-12-05 01:00:00,0.0,0.0,0
2022-12-05 02:00:00,0.0,0.0,0
2022-12-05 03:00:00,0.0,0.0,0
2022-12-05 04:00:00,0.0,0.0,0
2022-12-05 05:00:00,0.0,0.0,0
2022-12-05 06:00:00,0.0,0.0,0
2022-12-05 07:00:00,0.0,0.0,0
2022-12-05 08:00:00,0.0,0.0,0
2022-12-05 09:00:00,0.0,0.0,0
2022-12-05 10:00:00,0.0,0.0,0
2022-12-05 11:00:00,0.0,0.0,0
2022-12-05 12:00:00,0.0,0.0,0
2022-12-05 13:00:00,0.0,0.0,0
2022-12-05 14:00:00,0.0,0.0,0
2022-12-05 15:00:00,0.0,0.0,0
2022-12-05 16:00:00,0.0,0.0,0
2022-12-05 17:00:00,0.0,0.0,0
2022-12-05 18:00:00,0.0,0.0,0
2022-12-05 19:00:00,0.0,0.0,0
2022-12-05 20:00:00,0.0,0.0,0
2022-12-05 21:00:00,0.0,0.0,0
2022-12-05 22:00:00,0.0,0.0,0
2022-12-05 23:00:00,0.0,0.0,0
2022-12-06 00:00:00,0.0,0.0,0
2022-12-06 01:00:00,0.0,0.0,0
2022-12-06 02:00:00,0.0,0.0,0
2022-12-06 03:00:00,0.0,0.0,0
2022-12-06 04:00:00,0.0,0.0,0
2022-12-06 05:00:00,0.0,0.0,0
2022-12-06 06:00:00,0.0,0.0,0
2022-12-06 07:00:00,0.0,0.0,0
2022-12-06 08:00:00,0.0,0.0,0
2022-12-06 09:00:00,0.0,0.0,0
2022-12-06 10:00:00,0.0,0.0,0
2022-12-06 11:00:00,0.0,0.0,0
2022-12-06 12:00:00,0.0,0.0,0
2022-12-06 13:00:00,0.0,0.0,0
2022-12-06 14:00:00,0.0,0.0,0
2022-12-06 15:00:00,0.0,0.0,0
2022-12-06 16:00:00,0.0,0.0,0
2022-12-06 17:00:00,0.0,0.0,0
2022-12-06 18:00:00,0.0,0.0,0
2022-12-06 19:00:00,0.0,0.0,0
2022-12-06 20:00:00,0.0,0.0,0
2022-12-06 21:00:00,0.0,0.0,0
2022-12-06 22:00:00,0.0,0.0,0
2022-12-06 23:00:00,0.0,0.0,0
2022-12-07 00:00:00,0.0,0.0,0
2022-12-07 01:00:00,0.0,0.0,0
2022-12-07 02:00:00,0.0,0.0,0
2022-12-07 03:00:00,0.0,0.0,0
2022-12-07 04:00:00,0.0,0.0,0
2022-12-07 05:00:00,0.0,0.0,0
2022-12-07 06:00:00,0.0,0.0,0
2022-12-07 07:00:00,0.0,0.0,0
2022-12-07 08:00:00,0.0,0.0,0
2022-12-07 09:00:00,0.0,0.0,0
2022-12-07 10:00:00,0.0,0.0,0
2022-12-07 11:00:00,0.0,0.0,0
2022-12-07 12:00:00,0.0,0.0,0
2022-12-07 13:00:00,0.0,0.0,0
2022-12-07 14:00:00,0.0,0.0,0
2022-12-07 15:00:00,0.0,0.0,0
2022-12-07 16:00:00,0.0,0.0,0
2022-12-07 17:00:00,0.0,0.0,0
2022-12-07 18:00:00,0.0,0.0,0
2022-12-07 19:00:00,0.0,0.0,0
2022-12-07 20:00:00,0.0,0.0,0
2022-12-07 21:00:00,0.0,0.0,0
2022-12-07 22:00:00,0.0,0.0,0
2022-12-07 23:00:00,0.0,0.0,0
2022-12-08 00:00:00,0.0,0.0,0
2022-12-08 01:00:00,0.0,0.0,0
2022-12-08 02:00:00,0.0,0.0,0
2022-12-08 03:00:00,0.0,0.0,0
2022-12-08 04:00:00,0.0,0.0,0
2022-12-08 05:00:00,0.0,0.0,0
2022-12-08 06:00:00,0.0,0.0,0
2022-12-08 07:00:00,0.0,0.0,0
2022-12-08 08:00:00,0.0,0.0,0
2022-12-08 09:00:00,0.0,0.0,0
2022-12-08 10:00:00,0.0,0.0,0
2022-12-08 11:00:00,0.0,0.0,0
2022-12-08 12:00:00,0.0,0.0,0
2022-12-08 13:00:00,0.0,0.0,0
2022-12-08 14:00:00,0.0,0.0,0
2022-12-08 15:00:00,0.0,0.0,0
2022-12-08 16:00:00,0.0,0.0,0
2022-12-08 17:00:00,0.0,0.0,0
2022-12-08 18:00:00,0.0,0.0,0
2022-12-08 19:00:00,0.0,0.0,0
2022-12-08 20:00:00,0.0,0.0,0
2022-12-08 21:00:00,0.0,0.0,0
2022-12-08 22:00:00,0.0,0.0,0
2022-12-08 23:00:00,0.0,0.0,0
2022-12-09 00:00:00,0.0,0.0,0
2022-12-09 01:00:00,0.0,0.0,0
2022-12-09 02:00:00,0.0,0.0,0
2022-12-09 03:00:00,0.0,0.0,0
2022-12-09 04:00:00,0.0,0.0,0
2022-12-09 05:00:00,0.0,0.0,0
2022-12-09 06:00:00,0.0,0.0,0
2022-12-09 07:00:00,0.0,0.0,0
2022-12-09 08:00:00,0.0,0.0,0
2022-12-09 09:00:00,0.0,0.0,0
2022-12-09 10:00:00,0.0,0.0,0
2022-12-09 11:00:00,0.0,0.0,0
2022-12-09 12:00:00,0.0,0.0,0
2022-12-09 13:00:00,0.0,0.0,0
2022-12-09 14:00:00,0.0,0.0,0
2022-12-09 15:00:00,0.0,0.0,0
2022-12-09 16:00:00,0.0,0.0,0
2022-12-09 17:00:00,0.0,0.0,0
2022-12-09 18:00:00,0.0,0.0,0
2022-12-09 19:00:00,0.0,0.0,0
2022-12-09 20:00:00,0.0,0.0,0
2022-12-09 21:00:00,0.0,0.0,0
2022-12-09 22:00:00,0.0,0.0,0
2022-12-09 23:00:00,0.0,0.0,0
2022-12-10 00:00:00,0.0,0.0,0
2022-12-10 01:00:00,0.0,0.0,0
2022-12-10 02:00:00,0.0,0.0,0
2022-12-10 03:00:00,0.0,0.0,0
2022-12-10 04:00:00,0.0,0.0,0
2022-12-10 05:00:00,0.0,0.0,0
2022-12-10 06:00:00,0.0,0.0,0
2022-12-10 07:00:00,0.0,0.0,0
2022-12-10 08:00:00,0.0,0.0,0
2022-12-10 09:00:00,0.0,0.0,0
2022-12-10 10:00:00,0.0,0.0,0
2022-12-10 11:00:00,0.0,0.0,0
2022-12-10 12:00:00,0.0,0.0,0
2022-12-10 13:00:00,0.0,0.0,0
2022-12-10 14:00:00,0.0,0.0,0
2022-12-10 15:00:00,0.0,0.0,0
2022-12-10 16:00:00,0.0,0.0,0
2022-12-10 17:00:00,0.0,0.0,0
2022-12-10 18:00:00,0.0,0.0,0
2022-12-10 19:00:00,0.0,0.0,0
2022-12-10 20:00:00,0.0,0.0,0
2022-12-10 21:00:00,0.0,0.0,0
2022-12-10 22:00:00,0.0,0.0,0
2022-12-10 23:00:00,0.0,0.0,0
2022-12-11 00:00:00,0.0,0.0,0
2022-12-11 01:00:00,0.0,0.0,0
2022-12-11 02:00:00,0.0,0.0,0
2022-12-11 03:00:00,0.0,0.0,0
2022-12-11 04:00:00,0.0,0.0,0
2022-12-11 05:00:00,0.0,0.0,0
2022-12-11 06:00:00,0.0,0.0,0
2022-12-11 07:00:00,0.0,0.0,0
2022-12-11 08:00:00,0.0,0.0,0
2022-12-11 09:00:00,0.0,0.0,0
2022-12-11 10:00:00,0.0,0.0,0
2022-12-11 11:00:00,0.0,0.0,0
2022-12-11 12:00:00,0.0,0.0,0
2022-12-11 13:00:00,0.0,0.0,0
2022-12-11 14:00:00,0.0,0.0,0
2022-12-11 15:00:00,0.0,0.0,0
2022-12-11 16:00:00,0.0,0.0,0
2022-12-11 17:00:00,0.0,0.0,0
2022-12-11 18:00:00,0.0,0.0,0
2022-12-11 19:00:00,0.0,0.0,0
2022-12-11 20:00:00,0.0,0.0,0
2022-12-11 21:00:00,0.0,0.0,0
2022-12-11 22:00:00,0.0,0.0,0
2022-12-11 23:00:00,0.0,0.0,0
2022-12-12 00:00:00,0.0,0.0,0
2022-12-12 01:00:00,0.0,0.0,0
2022-12-12 02:00:00,0.0,0.0,0
2022-12-12 03:00:00,0.0,0.0,0
2022-12-12 04:00:00,0.0,0.0,0
2022-12-12 05:00:00,0.0,0.0,0
2022-12-12 06:00:00,0.0,0.0,0
2022-12-12 07:00:00,0.0,0.0,0
2022-12-12 08:00:00,0.0,0.0,0
2022-12-12 09:00:00,0.0,0.0,0
2022-12-12 10:00:00,0.0,0.0,0
2022-12-12 11:00:00,0.0,0.0,0
2022-12-12 12:00:00,0.0,0.0,0
2022-12-12 13:00:00,0.0,0.0,0
2022-12-12 14:00:00,0.0,0.0,0
2022-12-12 15:00:00,0.0,0.0,0
2022-12-12 16:00:00,0.0,0.0,0
2022-12-12 17:00:00,0.0,0.0,0
2022-12-12 18:00:00,0.0,0.0,0
2022-12-12 19:00:00,0.0,0.0,0
2022-12-12 20:00:00,0.0,0.0,0
2022-12-12 21:00:00,0.0,0.0,0
2022-12-12 22:00:00,0.0,0.0,0
2022-12-12 23:00:00,0.0,0.0,0
2022-12-13 00:00:00,0.0,0.0,0
2022-12-13 01:00:00,0.0,0.0,0
2022-12-13 02:00:00,0.0,0.0,0
2022-12-13 03:00:00,0.0,0.0,0
2022-12-13 04:00:00,0.0,0.0,0
2022-12-13 05:00:00,0.0,0.0,0
2022-12-13 06:00:00,0.0,0.0,0
2022-12-13 07:00:00,0.0,0.0,0
2022-12-13 08:00:00,0.0,0.0,0
2022-12-13 09:00:00,0.0,0.0,0
2022-12-13 10:00:00,0.0,0.0,0
2022-12-13 11:00:00,0.0,0.0,0
2022-12-13 12:00:00,0.0,0.0,0
2022-12-13 13:00:00,0.0,0.0,0
2022-12-13 14:00:00,0.0,0.0,0
2022-12-13 15:00:00,0.0,0.0,0
2022-12-13 16:00:00,0.0,0.0,0
2022-12-13 17:00:00,0.0,0.0,0
2022-12-13 18:00:00,0.0,0.0,0
2022-12-13 19:00:00,0.0,0.0,0
2022-12-13 20:00:00,0.0,0.0,0
2022-12-13 21:00:00,0.0,0.0,0
2022-12-13 22:00:00,0.0,0.0,0
2022-12-13 23:00:00,0.0,0.0,0
2022-12-14 00:00:00,0.0,0.0,0
2022-12-14 01:00:00,0.0,0.0,0
2022-12-14 02:00:00,0.0,0.0,0
2022-12-14 03:00:00,0.0,0.0,0
2022-12-14 04:00:00,0.0,0.0,0
2022-12-14 05:00:00,0.0,0.0,0
2022-12-14 06:00:00,0.0,0.0,0
2022-12-14 07:00:00,0.0,0.0,0
2022-12-14 08:00:00,0.0,0.0,0
2022-12-14 09:00:00,0.0,0.0,0
2022-12-14 10:00:00,0.0,0.0,0
2022-12-14 11:00:00,0.0,0.0,0
2022-12-14 12:00:00,0.0,0.0,0
2022-12-14 13:00:00,0.0,0.0,0
2022-12-14 14:00:00,0.0,0.0,0
2022-12-14 15:00:00,0.0,0.0,0
2022-12-14 16:00:00,0.0,0.0,0
2022-12-14 17:00:00,0.0,0.0,0
2022-12-14 18:00:00,0.0,0.0,0
2022-12-14 19:00:00,0.0,0.0,0
2022-12-14 20:00:00,0.0,0.0,0
2022-12-14 21:00:00,0.0,0.0,0
2022-12-14 22:00:00,0.0,0.0,0
2022-12-14 23:00:00,0.0,0.0,0
2022-12-15 00:00:00,0.0,0.0,0
2022-12-15 01:00:00,0.0,0.0,0
2022-12-15 02:00:00,0.0,0.0,0
2022-12-15 03:00:00,0.0,0.0,0
2022-12-15 04:00:00,0.0,0.0,0
2022-12-15 05:00:00,0.0,0.0,0
2022-12-15 06:00:00,0.0,0.0,0
2022-12-15 07:00:00,0.0,0.0,0
2022-12-15 08:00:00,0.0,0.0,0
2022-12-15 09:00:00,0.0,0.0,0
2022-12-15 10:00:00,0.0,0.0,0
2022-12-15 11:00:00,0.0,0.0,0
2022-12-15 12:00:00,0.0,0.0,0
2022-12-15 13:00:00,0.0,0.0,0
2022-12-15 14:00:00,0.0,0.0,0
2022-12-15 15:00:00,0.0,0.0,0
2022-12-15 16:00:00,0.0,0.0,0
2022-12-15 17:00:00,0.0,0.0,0
2022-12-15 18:00:00,0.0,0.0,0
2022-12-15 19:00:00,0.0,0.0,0
2022-12-15 20:00:00,0.0,0.0,0
2022-12-15 21:00:00,0.0,0.0,0
2022-12-15 22:00:00,0.0,0.0,0
2022-12-15 23:00:00,0.0,0.0,0
2022-12-16 00:00:00,0.0,0.0,0
2022-12-16 01:00:00,0.0,0.0,0
2022-12-16 02:00:00,0.0,0.0,0
2022-12-16 03:00:00,0.0,0.0,0
2022-12-16 04:00:00,0.0,0.0,0
2022-12-16 05:00:00,0.0,0.0,0
2022-12-16 06:00:00,0.0,0.0,0
2022-12-16 07:00:00,0.0,0.0,0
2022-12-16 08:00:00,0.0,0.0,0
2022-12-16 09:00:00,0.0,0.0,0
2022-12-16 10:00:00,0.0,0.0,0
2022-12-16 11:00:00,0.0,0.0,0
2022-12-16 12:00:00,0.0,0.0,0
2022-12-16 13:00:00,0.0,0.0,0
2022-12-16 14:00:00,0.0,0.0,0
2022-12-16 15:00:00,0.0,0.0,0
2022-12-16 16:00:00,0.0,0.0,0
2022-12-16 17:00:00,0.0,0.0,0
2022-12-16 18:00:00,0.0,0.0,0
2022-12-16 19:00:00,0.0,0.0,0
2022-12-16 20:00:00,0.0,0.0,0
2022-12-16 21:00:00,0.0,0.0,0
2022-12-16 22:00:00,0.0,0.0,0
2022-12-16 23:00:00,0.0,0.0,0
2022-12-17 00:00:00,0.0,0.0,0
2022-12-17 01:00:00,0.0,0.0,0
2022-12-17 02:00:00,0.0,0.0,0
2022-12-17 03:00:00,0.0,0.0,0
2022-12-17 04:00:00,0.0,0.0,0
2022-12-17 05:00:00,0.0,0.0,0
2022-12-17 06:00:00,0.0,0.0,0
2022-12-17 07:00:00,0.0,0.0,0
2022-12-17 08:00:00,0.0,0.0,0
2022-12-17 09:00:00,0.0,0.0,0
2022-12-17 10:00:00,0.0,0.0,0
2022-12-17 11:00:00,0.0,0.0,0
2022-12-17 12:00:00,0.0,0.0,0
2022-12-17 13:00:00,0.0,0.0,0
2022-12-17 14:00:00,0.0,0.0,0
2022-12-17 15:00:00,0.0,0.0,0
2022-12-17 16:00:00,0.0,0.0,0
2022-12-17 17:00:00,0.0,0.0,0
2022-12-17 18:00:00,0.0,0.0,0
2022-12-17 19:00:00,0.0,0.0,0
2022-12-17 20:00:00,0.0,0.0,0
2022-12-17 21:00:00,0.0,0.0,0
2022-12-17 22:00:00,0.0,0.0,0
2022-12-17 23:00:00,0.0,0.0,0
2022-12-18 00:00:00,0.0,0.0,0
2022-12-18 01:00:00,0.0,0.0,0
2022-12-18 02:00:00,0.0,0.0,0
2022-12-18 03:00:00,0.0,0.0,0
2022-12-18 04:00:00,0.0,0.0,0
2022-12-18 05:00:00,0.0,0.0,0
2022-12-18 06:00:00,0.0,0.0,0
2022-12-18 07:00:00,0.0,0.0,0
2022-12-18 08:00:00,0.0,0.0,0
2022-12-18 09:00:00,0.0,0.0,0
2022-12-18 10:00:00,0.0,0.0,0
2022-12-18 11:00:00,0.0,0.0,0
2022-12-18 12:00:00,0.0,0.0,0
2022-12-18 13:00:00,0.0,0.0,0
2022-12-18 14:00:00,0.0,0.0,0
2022-12-18 15:00:00,0.0,0.0,0
2022-12-18 16:00:00,0.0,0.0,0
2022-12-18 17:00:00,0.0,0.0,0
2022-12-18 18:00:00,0.0,0.0,0
2022-12-18 19:00:00,0.0,0.0,0
2022-12-18 20:00:00,0.0,0.0,0
2022-12-18 21:00:00,0.0,0.0,0
2022-12-18 22:00:00,0.0,0.0,0
2022-12-18 23:00:00,0.0,0.0,0
2022-12-19 00:00:00,0.0,0.0,0
2022-12-19 01:00:00,0.0,0.0,0
2022-12-19 02:00:00,0.0,0.0,0
2022-12-19 03:00:00,0.0,0.0,0
2022-12-19 04:00:00,0.0,0.0,0
2022-12-19 05:00:00,0.0,0.0,0
2022-12-19 06:00:00,0.0,0.0,0
2022-12-19 07:00:00,0.0,0.0,0
2022-12-19 08:00:00,0.0,0.0,0
2022-12-19 09:00:00,0.0,0.0,0
2022-12-19 10:00:00,0.0,0.0,0
2022-12-19 11:00:00,0.0,0.0,0
2022-12-19 12:00:00,0.0,0.0,0
2022-12-19 13:00:00,0.0,0.0,0
2022-12-19 14:00:00,0.0,0.0,0
2022-12-19 15:00:00,0.0,0.0,0
2022-12-19 16:00:00,0.0,0.0,0
2022-12-19 17:00:00,0.0,0.0,0
2022-12-19 18:00:00,0.0,0.0,0
2022-12-19 19:00:00,0.0,0.0,0
2022-12-19 20:00:00,0.0,0.0,0
2022-12-19 21:00:00,0.0,0.0,0
2022-12-19 22:00:00,0.0,0.0,0
2022-12-19 23:00:00,0.0,0.0,0
2022-12-20 00:00:00,0.0,0.0,0
2022-12-20 01:00:00,0.0,0.0,0
2022-12-20 02:00:00,0.0,0.0,0
2022-12-20 03:00:00,0.0,0.0,0
2022-12-20 04:00:00,0.0,0.0,0
2022-12-20 05:00:00,0.0,0.0,0
2022-12-20 06:00:00,0.0,0.0,0
2022-12-20 07:00:00,0.0,0.0,0
2022-12-20 08:00:00,0.0,0.0,0
2022-12-20 09:00:00,0.0,0.0,0
2022-12-20 10:00:00,0.0,0.0,0
2022-12-20 11:00:00,0.0,0.0,0
2022-12-20 12:00:00,0.0,0.0,0
2022-12-20 13:00:00,0.0,0.0,0
2022-12-20 14:00:00,0.0,0.0,0
2022-12-20 15:00:00,0.0,0.0,0
2022-12-20 16:00:00,0.0,0.0,0
2022-12-20 17:00:00,0.0,0.0,0
2022-12-20 18:00:00,0.0,0.0,0
2022-12-20 19:00:00,0.0,0.0,0
2022-12-20 20:00:00,0.0,0.0,0
2022-12-20 21:00:00,0.0,0.0,0
2022-12-20 22:00:00,0.0,0.0,0
2022-12-20 23:00:00,0.0,0.0,0
2022-12-21 00:00:00,0.0,0.0,0
2022-12-21 01:00:00,0.0,0.0,0
2022-12-21 02:00:00,0.0,0.0,0
2022-12-21 03:00:00,0.0,0.0,0
2022-12-21 04:00:00,0.0,0.0,0
2022-12-21 05:00:00,0.0,0.0,0
2022-12-21 06:00:00,0.0,0.0,0
2022-12-21 07:00:00,0.0,0.0,0
2022-12-21 08:00:00,0.0,0.0,0
2022-12-21 09:00:00,0.0,0.0,0
2022-12-21 10:00:00,0.0,0.0,0
2022-12-21 11:00:00,0.0,0.0,0
2022-12-21 12:00:00,0.0,0.0,0
2022-12-21 13:00:00,0.0,0.0,0
2022-12-21 14:00:00,0.0,0.0,0
2022-12-21 15:00:00,0.0,0.0,0
2022-12-21 16:00:00,0.0,0.0,0
2022-12-21 17:00:00,0.0,0.0,0
2022-12-21 18:00:00,0.0,0.0,0
2022-12-21 19:00:00,0.0,0.0,0
2022-12-21 20:00:00,0.0,0.0,0
2022-12-21 21:00:00,0.0,0.0,0
2022-12-21 22:00:00,0.0,0.0,0
2022-12-21 23:00:00,0.0,0.0,0
2022-12-22 00:00:00,0.0,0.0,0
2022-12-22 01:00:00,0.0,0.0,0
2022-12-22 02:00:00,0.0,0.0,0
2022-12-22 03:00:00,0.0,0.0,0
2022-12-22 04:00:00,0.0,0.0,0
2022-12-22 05:00:00,0.0,0.0,0
2022-12-22 06:00:00,0.0,0.0,0
2022-12-22 07:00:00,0.0,0.0,0
2022-12-22 08:00:00,0.0,0.0,0
2022-12-22 09:00:00,0.0,0.0,0
2022-12-22 10:00:00,0.0,0.0,0
2022-12-22 11:00:00,0.0,0.0,0
2022-12-22 12:00:00,0.0,0.0,0
2022-12-22 13:00:00,0.0,0.0,0
2022-12-22 14:00:00,0.0,0.0,0
2022-12-22 15:00:00,0.0,0.0,0
2022-12-22 16:00:00,0.0,0.0,0
2022-12-22 17:00:00,0.0,0.0,0
2022-12-22 18:00:00,0.0,0.0,0
2022-12-22 19:00:00,0.0,0.0,0
2022-12-22 20:00:00,0.0,0.0,0
2022-12-22 21:00:00,0.0,0.0,0
2022-12-22 22:00:00,0.0,0.0,0
2022-12-22 23:00:00,0.0,0.0,0
2022-12-23 00:00:00,0.0,0.0,0
2022-12-23 01:00:00,0.0,0.0,0
2022-12-23 02:00:00,0.0,0.0,0
2022-12-23 03:00:00,0.0,0.0,0
2022-12-23 04:00:00,0.0,0.0,0
2022-12-23 05:00:00,0.0,0.0,0
2022-12-23 06:00:00,0.0,0.0,0
2022-12-23 07:00:00,0.0,0.0,0
2022-12-23 08:00:00,0.0,0.0,0
2022-12-23 09:00:00,0.0,0.0,0
2022-12-23 10:00:00,0.0,0.0,0
2022-12-23 11:00:00,0.0,0.0,0
2022-12-23 12:00:00,0.0,0.0,0
2022-12-23 13:00:00,0.0,0.0,0
2022-12-23 14:00:00,0.0,0.0,0
2022-12-23 15:00:00,0.0,0.0,0
2022-12-23 16:00:00,0.0,0.0,0
2022-12-23 17:00:00,0.0,0.0,0
2022-12-23 18:00:00,0.0,0.0,0
2022-12-23 19:00:00,0.0,0.0,0
2022-12-23 20:00:00,0.0,0.0,0
2022-12-23 21:00:00,0.0,0.0,0
2022-12-23 22:00:00,0.0,0.0,0
2022-12-23 23:00:00,0.0,0.0,0
2022-12-24 00:00:00,0.0,0.0,0
2022-12-24 01:00:00,0.0,0.0,0
2022-12-24 02:00:00,0.0,0.0,0
2022-12-24 03:00:00,0.0,0.0,0
2022-12-24 04:00:00,0.0,0.0,0
2022-12-24 05:00:00,0.0,0.0,0
2022-12-24 06:00:00,0.0,0.0,0
2022-12-24 07:00:00,0.0,0.0,0
2022-12-24 08:00:00,0.0,0.0,0
2022-12-24 09:00:00,0.0,0.0,0
2022-12-24 10:00:00,0.0,0.0,0
2022-12-24 11:00:00,0.0,0.0,0
2022-12-24 12:00:00,0.09494375,-0.125,32
2022-12-24 13:00:00,0.14700731225296443,0.0,506
2022-12-24 14:00:00,0.1738924006908463,0.11053540587219343,579
2022-12-24 15:00:00,0.0964629906542056,-0.014953271028037384,535
2022-12-24 16:00:00,0.2004584251968504,0.10236220472440945,635
2022-12-24 17:00:00,0.14061017612524462,0.033268101761252444,511
2022-12-24 18:00:00,0.0876668,-0.062,500
2022-12-24 19:00:00,0.15674953703703703,-0.009259259259259259,216
2022-12-24 20:00:00,0.14832,0.06666666666666667,15
2022-12-24 21:00:00,0.21575833333333336,0.0,24
2022-12-24 22:00:00,0.3348333333333333,0.2777777777777778,18
2022-12-24 23:00:00,0.0,0.0,0
2022-12-25 00:00:00,-0.1897333333333333,0.0,3
2022-12-25 01:00:00,0.07095416666666668,0.0,24
2022-12-25 02:00:00,0.11012,0.012903225806451613,155
2022-12-25 03:00:00,0.11249668874172186,0.052980132450331126,151
2022-12-25 04:00:00,0.08245000000000001,0.0,150
2022-12-25 05:00:00,0.09011336633663367,0.04455445544554455,202
2022-12-25 06:00:00,0.106459793814433,0.0,194
2022-12-25 07:00:00,0.13146308411214952,0.014018691588785047,214
2022-12-25 08:00:00,0.16548243243243244,0.05405405405405406,222
2022-12-25 09:00:00,0.08294029850746268,0.004975124378109453,201
2022-12-25 10:00:00,0.1510551867219917,0.1078838174273859,241
2022-12-25 11:00:00,0.1520192913385827,0.031496062992125984,254
2022-12-25 12:00:00,0.2063929012345679,0.021604938271604937,324
2022-12-25 13:00:00,0.11498503649635036,0.040145985401459854,274
2022-12-25 14:00:00,0.10842572347266881,0.006430868167202572,311
2022-12-25 15:00:00,0.09961964285714286,-0.03273809523809524,336
2022-12-25 16:00:00,0.11335525525525526,-0.024024024024024024,333
2022-12-25 17:00:00,0.15214309623430963,0.008368200836820083,717
2022-12-25 18:00:00,0.07897914364640884,-0.06767955801104972,724
2022-12-25 19:00:00,0.12985398373983742,0.0032520325203252032,615
2022-12-25 20:00:00,0.172421875,0.001358695652173913,736
2022-12-25 21:00:00,0.18196516690856315,-0.02177068214804064,689
2022-12-25 22:00:00,0.15015857605177993,-0.11003236245954692,618
2022-12-25 23:00:00,0.1143273851590106,0.0088339222614841,566
2022-12-26 00:00:00,0.0,0.0,0
2022-12-26 01:00:00,0.0,0.0,0
2022-12-26 02:00:00,0.0,0.0,0
2022-12-26 03:00:00,0.0,0.0,0
2022-12-26 04:00:00,0.0,0.0,0
2022-12-26 05:00:00,0.0,0.0,0
2022-12-26 06:00:00,0.0,0.0,0
2022-12-26 07:00:00,0.0,0.0,0
2022-12-26 08:00:00,0.0,0.0,0
2022-12-26 09:00:00,0.0,0.0,0
2022-12-26 10:00:00,0.0,0.0,0
2022-12-26 11:00:00,0.0,0.0,0
2022-12-26 12:00:00,0.0,0.0,0
2022-12-26 13:00:00,0.0,0.0,0
2022-12-26 14:00:00,0.0,0.0,0
2022-12-26 15:00:00,0.0,0.0,0
2022-12-26 16:00:00,0.0,0.0,0
2022-12-26 17:00:00,0.0,0.0,0
2022-12-26 18:00:00,0.0,0.0,0
2022-12-26 19:00:00,0.0,0.0,0
2022-12-26 20:00:00,0.0,0.0,0
2022-12-26 21:00:00,0.0,0.0,0
2022-12-26 22:00:00,-0.07749999999999999,-0.2,10
2022-12-26 23:00:00,0.09542654545454546,-0.06545454545454546,275
2022-12-27 00:00:00,0.11371123188405798,-0.007246376811594203,276
2022-12-27 01:00:00,0.09103145539906105,-0.07981220657276995,213
2022-12-27 02:00:00,0.06467242990654205,-0.14018691588785046,214
2022-12-27 03:00:00,0.1157138888888889,-0.03333333333333333,180
2022-12-27 04:00:00,0.10771666666666667,-0.017241379310344827,174
2022-12-27 05:00:00,0.1260679245283019,-0.02830188679245283,212
2022-12-27 06:00:00,0.11463915094339623,0.03773584905660377,212
2022-12-27 07:00:00,0.09717572016460906,-0.053497942386831275,243
2022-12-27 08:00:00,0.14899404761904764,0.03968253968253968,252
2022-12-27 09:00:00,0.10364188034188035,-0.04700854700854701,234
2022-12-27 10:00:00,0.11219727891156461,-0.003401360544217687,294
2022-12-27 11:00:00,0.1215412162162162,-0.02702702702702703,296
2022-12-27 12:00:00,0.11013069306930692,-0.039603960396039604,303
2022-12-27 13:00:00,0.0938937908496732,-0.013071895424836602,306
2022-12-27 14:00:00,0.09285370370370372,-0.033950617283950615,324
2022-12-27 15:00:00,0.07600366197183099,-0.08450704225352113,355
2022-12-27 16:00:00,0.11369274447949526,-0.05993690851735016,317
2022-12-27 17:00:00,0.16341728723404256,0.06914893617021277,376
2022-12-27 18:00:00,0.07523048192771084,-0.1650602409638554,830
2022-12-27 19:00:00,0.07682493917274939,-0.07907542579075426,822
2022-12-27 20:00:00,0.12654817518248174,-0.025547445255474453,822
2022-12-27 21:00:00,0.13716495507060333,-0.03594351732991014,779
2022-12-27 22:00:00,0.1193663829787234,-0.03546099290780142,705
2022-12-27 23:00:00,0.1907816431322208,0.06418485237483953,779
2022-12-28 00:00:00,0.0,0.0,0
2022-12-28 01:00:00,0.0,0.0,0
2022-12-28 02:00:00,0.0,0.0,0
2022-12-28 03:00:00,0.0,0.0,0
2022-12-28 04:00:00,0.0,0.0,0
2022-12-28 05:00:00,0.0,0.0,0
2022-12-28 06:00:00,0.0,0.0,0
2022-12-28 07:00:00,0.0,0.0,0
2022-12-28 08:00:00,0.0,0.0,0
2022-12-28 09:00:00,0.0,0.0,0
2022-12-28 10:00:00,0.0,0.0,0
2022-12-28 11:00:00,0.0,0.0,0
2022-12-28 12:00:00,0.0,0.0,0
2022-12-28 13:00:00,0.0,0.0,0
2022-12-28 14:00:00,0.0,0.0,0
2022-12-28 15:00:00,0.0,0.0,0
2022-12-28 16:00:00,0.0,0.0,0
2022-12-28 17:00:00,0.0,0.0,0
2022-12-28 18:00:00,0.0,0.0,0
2022-12-28 19:00:00,0.0,0.0,0
2022-12-28 20:00:00,0.0,0.0,0
2022-12-28 21:00:00,0.0,0.0,0
2022-12-28 22:00:00,0.0,0.0,0
2022-12-28 23:00:00,0.0,0.0,0
2022-12-29 00:00:00,0.0,0.0,0
2022-12-29 01:00:00,0.0,0.0,0
2022-12-29 02:00:00,0.0,0.0,0
2022-12-29 03:00:00,0.0,0.0,0
2022-12-29 04:00:00,0.0,0.0,0
2022-12-29 05:00:00,0.0,0.0,0
2022-12-29 06:00:00,0.0,0.0,0
2022-12-29 07:00:00,0.0,0.0,0
2022-12-29 08:00:00,0.0,0.0,0
2022-12-29 09:00:00,0.0,0.0,0
2022-12-29 10:00:00,0.0,0.0,0
2022-12-29 11:00:00,0.0,0.0,0
2022-12-29 12:00:00,0.0,0.0,0
2022-12-29 13:00:00,0.0,0.0,0
2022-12-29 14:00:00,0.0,0.0,0
2022-12-29 15:00:00,0.0,0.0,0
2022-12-29 16:00:00,0.0,0.0,0
2022-12-29 17:00:00,0.0,0.0,0
2022-12-29 18:00:00,0.0,0.0,0
2022-12-29 19:00:00,0.0,0.0,0
2022-12-29 20:00:00,0.0,0.0,0
2022-12-29 21:00:00,0.0,0.0,0
2022-12-29 22:00:00,0.0,0.0,0
2022-12-29 23:00:00,0.0,0.0,0
2022-12-30 00:00:00,0.0,0.0,0
2022-12-30 01:00:00,0.0,0.0,0
2022-12-30 02:00:00,0.0,0.0,0
2022-12-30 03:00:00,0.0,0.0,0
2022-12-30 04:00:00,0.0,0.0,0
2022-12-30 05:00:00,0.0,0.0,0
2022-12-30 06:00:00,0.0,0.0,0
2022-12-30 07:00:00,0.0,0.0,0
2022-12-30 08:00:00,0.0,0.0,0
2022-12-30 09:00:00,0.0,0.0,0
2022-12-30 10:00:00,0.0,0.0,0
2022-12-30 11:00:00,0.0,0.0,0
2022-12-30 12:00:00,0.0,0.0,0
2022-12-30 13:00:00,0.0,0.0,0
2022-12-30 14:00:00,0.0,0.0,0
2022-12-30 15:00:00,0.0,0.0,0
2022-12-30 16:00:00,0.0,0.0,0
2022-12-30 17:00:00,0.0,0.0,0
2022-12-30 18:00:00,0.0,0.0,0
2022-12-30 19:00:00,0.0,0.0,0
2022-12-30 20:00:00,0.0,0.0,0
2022-12-30 21:00:00,0.0,0.0,0
2022-12-30 22:00:00,0.0,0.0,0
2022-12-30 23:00:00,0.0,0.0,0
2022-12-31 00:00:00,0.0,0.0,0
2022-12-31 01:00:00,0.0,0.0,0
2022-12-31 02:00:00,0.0,0.0,0
2022-12-31 03:00:00,0.0,0.0,0
2022-12-31 04:00:00,0.0,0.0,0
2022-12-31 05:00:00,0.0,0.0,0
2022-12-31 06:00:00,0.0,0.0,0
2022-12-31 07:00:00,0.0,0.0,0
2022-12-31 08:00:00,0.0,0.0,0
2022-12-31 09:00:00,0.0,0.0,0
2022-12-31 10:00:00,0.0,0.0,0
2022-12-31 11:00:00,0.0,0.0,0
2022-12-31 12:00:00,0.0,0.0,0
2022-12-31 13:00:00,0.0,0.0,0
2022-12-31 14:00:00,0.0,0.0,0
2022-12-31 15:00:00,0.0,0.0,0
2022-12-31 16:00:00,0.0,0.0,0
2022-12-31 17:00:00,0.0,0.0,0
2022-12-31 18:00:00,0.0,0.0,0
2022-12-31 19:00:00,0.0,0.0,0
2022-12-31 20:00:00,0.0,0.0,0
2022-12-31 21:00:00,0.0,0.0,0
2022-12-31 22:00:00,0.0,0.0,0
2022-12-31 23:00:00,0.0,0.0,0
2023-01-01 00:00:00,0.0,0.0,0
2023-01-01 01:00:00,0.0,0.0,0
2023-01-01 02:00:00,0.0,0.0,0
2023-01-01 03:00:00,0.0,0.0,0
2023-01-01 04:00:00,0.0,0.0,0
2023-01-01 05:00:00,0.0,0.0,0
2023-01-01 06:00:00,0.0,0.0,0
2023-01-01 07:00:00,0.0,0.0,0
2023-01-01 08:00:00,0.0,0.0,0
2023-01-01 09:00:00,0.0,0.0,0
2023-01-01 10:00:00,0.0,0.0,0
2023-01-01 11:00:00,0.0,0.0,0
2023-01-01 12:00:00,0.0,0.0,0
2023-01-01 13:00:00,0.0,0.0,0
2023-01-01 14:00:00,0.0,0.0,0
2023-01-01 15:00:00,0.0,0.0,0
2023-01-01 16:00:00,0.0,0.0,0
2023-01-01 17:00:00,0.0,0.0,0
2023-01-01 18:00:00,0.0,0.0,0
2023-01-01 19:00:00,0.0,0.0,0
2023-01-01 20:00:00,0.0,0.0,0
2023-01-01 21:00:00,0.0,0.0,0
2023-01-01 22:00:00,0.0,0.0,0
2023-01-01 23:00:00,0.0,0.0,0
2023-01-02 00:00:00,0.0,0.0,0
2023-01-02 01:00:00,0.0,0.0,0
2023-01-02 02:00:00,0.0,0.0,0
2023-01-02 03:00:00,0.0,0.0,0
2023-01-02 04:00:00,0.0,0.0,0
2023-01-02 05:00:00,0.0,0.0,0
2023-01-02 06:00:00,0.0,0.0,0
2023-01-02 07:00:00,0.0,0.0,0
2023-01-02 08:00:00,0.0,0.0,0
2023-01-02 09:00:00,0.0,0.0,0
2023-01-02 10:00:00,0.0,0.0,0
2023-01-02 11:00:00,0.0,0.0,0
2023-01-02 12:00:00,0.0,0.0,0
2023-01-02 13:00:00,0.0,0.0,0
2023-01-02 14:00:00,0.0,0.0,0
2023-01-02 15:00:00,0.0,0.0,0
2023-01-02 16:00:00,0.0,0.0,0
2023-01-02 17:00:00,0.0,0.0,0
2023-01-02 18:00:00,0.0,0.0,0
2023-01-02 19:00:00,0.0,0.0,0
2023-01-02 20:00:00,0.0,0.0,0
2023-01-02 21:00:00,0.0,0.0,0
2023-01-02 22:00:00,0.0,0.0,0
2023-01-02 23:00:00,0.0,0.0,0
2023-01-03 00:00:00,0.0,0.0,0
2023-01-03 01:00:00,0.0,0.0,0
2023-01-03 02:00:00,0.0,0.0,0
2023-01-03 03:00:00,0.0,0.0,0
2023-01-03 04:00:00,0.0,0.0,0
2023-01-03 05:00:00,0.0,0.0,0
2023-01-03 06:00:00,0.0,0.0,0
2023-01-03 07:00:00,0.0,0.0,0
2023-01-03 08:00:00,0.0,0.0,0
2023-01-03 09:00:00,0.0,0.0,0
2023-01-03 10:00:00,0.0,0.0,0
2023-01-03 11:00:00,0.0,0.0,0
2023-01-03 12:00:00,0.0,0.0,0
2023-01-03 13:00:00,0.0,0.0,0
2023-01-03 14:00:00,0.0,0.0,0
2023-01-03 15:00:00,0.0,0.0,0
2023-01-03 16:00:00,0.0,0.0,0
2023-01-03 17:00:00,0.0,0.0,0
2023-01-03 18:00:00,0.0,0.0,0
2023-01-03 19:00:00,0.0,0.0,0
2023-01-03 20:00:00,0.0,0.0,0
2023-01-03 21:00:00,0.0,0.0,0
2023-01-03 22:00:00,0.0,0.0,0
2023-01-03 23:00:00,0.0,0.0,0
2023-01-04 00:00:00,0.0,0.0,0
2023-01-04 01:00:00,0.0,0.0,0
2023-01-04 02:00:00,0.0,0.0,0
2023-01-04 03:00:00,0.0,0.0,0
2023-01-04 04:00:00,0.0,0.0,0
2023-01-04 05:00:00,0.0,0.0,0
2023-01-04 06:00:00,0.0,0.0,0
2023-01-04 07:00:00,0.0,0.0,0
2023-01-04 08:00:00,0.0,0.0,0
2023-01-04 09:00:00,0.0,0.0,0
2023-01-04 10:00:00,0.0,0.0,0
2023-01-04 11:00:00,0.0,0.0,0
2023-01-04 12:00:00,0.0,0.0,0
2023-01-04 13:00:00,0.0,0.0,0
2023-01-04 14:00:00,0.0,0.0,0
2023-01-04 15:00:00,0.0,0.0,0
2023-01-04 16:00:00,0.0,0.0,0
2023-01-04 17:00:00,0.0,0.0,0
2023-01-04 18:00:00,0.0,0.0,0
2023-01-04 19:00:00,0.0,0.0,0
2023-01-04 20:00:00,0.0,0.0,0
2023-01-04 21:00:00,0.0,0.0,0
2023-01-04 22:00:00,0.0,0.0,0
2023-01-04 23:00:00,0.0,0.0,0
2023-01-05 00:00:00,0.0,0.0,0
2023-01-05 01:00:00,0.0,0.0,0
2023-01-05 02:00:00,0.0,0.0,0
2023-01-05 03:00:00,0.0,0.0,0
2023-01-05 04:00:00,0.0,0.0,0
2023-01-05 05:00:00,0.0,0.0,0
2023-01-05 06:00:00,0.0,0.0,0
2023-01-05 07:00:00,0.0,0.0,0
2023-01-05 08:00:00,0.0,0.0,0
2023-01-05 09:00:00,0.0,0.0,0
2023-01-05 10:00:00,0.0,0.0,0
2023-01-05 11:00:00,0.0,0.0,0
2023-01-05 12:00:00,0.0,0.0,0
2023-01-05 13:00:00,0.0,0.0,0
2023-01-05 14:00:00,0.0,0.0,0
2023-01-05 15:00:00,0.0,0.0,0
2023-01-05 16:00:00,0.0,0.0,0
2023-01-05 17:00:00,0.0,0.0,0
2023-01-05 18:00:00,0.0,0.0,0
2023-01-05 19:00:00,0.0,0.0,0
2023-01-05 20:00:00,0.0,0.0,0
2023-01-05 21:00:00,0.0,0.0,0
2023-01-05 22:00:00,0.0,0.0,0
2023-01-05 23:00:00,0.0,0.0,0
2023-01-06 00:00:00,0.0,0.0,0
2023-01-06 01:00:00,0.0,0.0,0
2023-01-06 02:00:00,0.0,0.0,0
2023-01-06 03:00:00,0.0,0.0,0
2023-01-06 04:00:00,0.0,0.0,0
2023-01-06 05:00:00,0.0,0.0,0
2023-01-06 06:00:00,0.0,0.0,0
2023-01-06 07:00:00,0.0,0.0,0
2023-01-06 08:00:00,0.0,0.0,0
2023-01-06 09:00:00,0.0,0.0,0
2023-01-06 10:00:00,0.0,0.0,0
2023-01-06 11:00:00,0.0,0.0,0
2023-01-06 12:00:00,0.0,0.0,0
2023-01-06 13:00:00,0.0,0.0,0
2023-01-06 14:00:00,0.0,0.0,0
2023-01-06 15:00:00,0.0,0.0,0
2023-01-06 16:00:00,0.0,0.0,0
2023-01-06 17:00:00,0.10614492753623188,-0.11594202898550725,69
2023-01-06 18:00:00,0.1316184659090909,-0.02556818181818182,352
2023-01-06 19:00:00,0.09838217270194986,-0.06128133704735376,359
2023-01-06 20:00:00,0.06467024128686327,-0.08310991957104558,373
2023-01-06 21:00:00,0.07484440677966102,-0.06779661016949153,295
2023-01-06 22:00:00,0.09033482758620691,-0.03793103448275862,290
2023-01-06 23:00:00,0.10007037037037037,-0.1111111111111111,270
2023-01-07 00:00:00,0.07154140350877193,-0.06315789473684211,285
2023-01-07 01:00:00,0.07800043668122271,-0.05240174672489083,229
2023-01-07 02:00:00,0.11014032258064517,-0.03225806451612903,186
2023-01-07 03:00:00,0.2175474074074074,-0.025925925925925925,270
2023-01-07 04:00:00,0.1489952830188679,0.0,212
2023-01-07 05:00:00,0.12453959390862945,-0.025380710659898477,197
2023-01-07 06:00:00,0.09316861924686193,-0.0041841004184100415,239
2023-01-07 07:00:00,0.1456863436123348,-0.03524229074889868,227
2023-01-07 08:00:00,0.07558259385665528,-0.08532423208191127,293
2023-01-07 09:00:00,0.0957279197080292,-0.03467153284671533,548
2023-01-07 10:00:00,0.148212925170068,0.09523809523809523,588
2023-01-07 11:00:00,0.15040665680473375,0.034023668639053255,676
2023-01-07 12:00:00,0.11834514106583072,-0.025078369905956112,638
2023-01-07 13:00:00,0.1076570054945055,-0.03296703296703297,728
2023-01-07 14:00:00,0.12417840199750312,-0.03745318352059925,801
2023-01-07 15:00:00,0.13034882506527415,-0.007832898172323759,766
2023-01-07 16:00:00,0.10546790945406126,-0.02130492676431425,751
2023-01-07 17:00:00,0.1321415300546448,-0.020491803278688523,732
2023-01-07 18:00:00,0.11155111111111111,-0.05694444444444444,720
2023-01-07 19:00:00,0.12485148648648649,-0.024324324324324326,740
2023-01-07 20:00:00,0.07016279720279721,-0.043356643356643354,715
2023-01-07 21:00:00,0.10974184704184704,-0.024531024531024532,693
2023-01-07 22:00:00,0.14151971383147854,0.011128775834658187,629
2023-01-07 23:00:00,0.08958675136116152,-0.041742286751361164,551
2023-01-08 00:00:00,0.0,0.0,0
2023-01-08 01:00:00,0.0,0.0,0
2023-01-08 02:00:00,0.0,0.0,0
2023-01-08 03:00:00,0.0,0.0,0
2023-01-08 04:00:00,0.0,0.0,0
2023-01-08 05:00:00,0.0,0.0,0
2023-01-08 06:00:00,0.0,0.0,0
2023-01-08 07:00:00,0.0,0.0,0
2023-01-08 08:00:00,0.0,0.0,0
2023-01-08 09:00:00,0.0,0.0,0
2023-01-08 10:00:00,0.0,0.0,0
2023-01-08 11:00:00,0.0,0.0,0
2023-01-08 12:00:00,0.0,0.0,0
2023-01-08 13:00:00,0.0,0.0,0
2023-01-08 14:00:00,0.0,0.0,0
2023-01-08 15:00:00,0.0,0.0,0
2023-01-08 16:00:00,0.0,0.0,0
2023-01-08 17:00:00,0.060722916666666675,-0.08333333333333333,48
2023-01-08 18:00:00,0.09582904290429044,-0.07260726072607261,303
2023-01-08 19:00:00,0.09743044982698962,-0.10034602076124567,289
2023-01-08 20:00:00,0.138078,-0.045,400
2023-01-08 21:00:00,0.07133092105263157,-0.14802631578947367,304
2023-01-08 22:00:00,0.14522246376811596,-0.06521739130434782,276
2023-01-08 23:00:00,0.148603125,-0.027083333333333334,480
2023-01-09 00:00:00,0.08660974477958237,0.002320185614849188,431
2023-01-09 01:00:00,0.09019525,-0.0225,400
2023-01-09 02:00:00,0.10955351681957186,-0.04281345565749235,327
2023-01-09 03:00:00,0.10710147601476015,-0.02952029520295203,271
2023-01-09 04:00:00,0.1156348275862069,-0.020689655172413793,290
2023-01-09 05:00:00,0.15236332179930795,-0.0657439446366782,289
2023-01-09 06:00:00,0.13516257142857144,-0.002857142857142857,350
2023-01-09 07:00:00,0.19174906666666666,0.072,375
2023-01-09 08:00:00,0.12812925531914893,-0.023936170212765957,376
2023-01-09 09:00:00,0.12633681055155876,-0.013189448441247002,834
2023-01-09 10:00:00,0.15950078387458008,-0.02463605823068309,893
2023-01-09 11:00:00,0.15311242603550296,-0.015384615384615385,845
2023-01-09 12:00:00,0.16967603938730855,0.03391684901531729,914
2023-01-09 13:00:00,0.1388637843336724,-0.0335707019328586,983
2023-01-09 14:00:00,0.153252738336714,-0.008113590263691683,986
2023-01-09 15:00:00,0.1410034354688951,-0.03064066852367688,1077
2023-01-09 16:00:00,0.1613030807660283,0.0,1201
2023-01-09 17:00:00,0.1456689594356261,-0.021164021164021163,1134
2023-01-09 18:00:00,0.10703657657657657,-0.06306306306306306,1110
2023-01-09 19:00:00,0.11761379310344827,-0.042842215256008356,957
2023-01-09 20:00:00,0.12028751345532832,-0.021528525296017224,929
2023-01-09 21:00:00,0.13891248439450687,-0.049937578027465665,801
2023-01-09 22:00:00,0.099803698630137,-0.07945205479452055,730
2023-01-09 23:00:00,0.09668865671641792,-0.0791044776119403,670
2023-01-10 00:00:00,0.0,0.0,0
2023-01-10 01:00:00,0.0,0.0,0
2023-01-10 02:00:00,0.0,0.0,0
2023-01-10 03:00:00,0.0,0.0,0
2023-01-10 04:00:00,0.0,0.0,0
2023-01-10 05:00:00,0.0,0.0,0
2023-01-10 06:00:00,0.0,0.0,0
2023-01-10 07:00:00,0.0,0.0,0
2023-01-10 08:00:00,0.0,0.0,0
2023-01-10 09:00:00,0.0,0.0,0
2023-01-10 10:00:00,0.0,0.0,0
2023-01-10 11:00:00,0.0,0.0,0
2023-01-10 12:00:00,0.0,0.0,0
2023-01-10 13:00:00,0.0,0.0,0
2023-01-10 14:00:00,0.0,0.0,0
2023-01-10 15:00:00,0.0,0.0,0
2023-01-10 16:00:00,0.0,0.0,0
2023-01-10 17:00:00,0.0,0.0,0
2023-01-10 18:00:00,0.0,0.0,0
2023-01-10 19:00:00,0.0,0.0,0
2023-01-10 20:00:00,0.0,0.0,0
2023-01-10 21:00:00,0.0,0.0,0
2023-01-10 22:00:00,0.0,0.0,0
2023-01-10 23:00:00,0.0,0.0,0
2023-01-11 00:00:00,0.0,0.0,0
2023-01-11 01:00:00,0.0,0.0,0
2023-01-11 02:00:00,0.0,0.0,0
2023-01-11 03:00:00,0.0,0.0,0
2023-01-11 04:00:00,0.0,0.0,0
2023-01-11 05:00:00,0.0,0.0,0
2023-01-11 06:00:00,0.0,0.0,0
2023-01-11 07:00:00,0.0,0.0,0
2023-01-11 08:00:00,0.0,0.0,0
2023-01-11 09:00:00,0.0,0.0,0
2023-01-11 10:00:00,0.0,0.0,0
2023-01-11 11:00:00,0.0,0.0,0
2023-01-11 12:00:00,0.0,0.0,0
2023-01-11 13:00:00,0.0,0.0,0
2023-01-11 14:00:00,0.0,0.0,0
2023-01-11 15:00:00,0.0,0.0,0
2023-01-11 16:00:00,0.0,0.0,0
2023-01-11 17:00:00,0.0,0.0,0
2023-01-11 18:00:00,0.0,0.0,0
2023-01-11 19:00:00,0.0,0.0,0
2023-01-11 20:00:00,0.0,0.0,0
2023-01-11 21:00:00,0.0,0.0,0
2023-01-11 22:00:00,0.0,0.0,0
2023-01-11 23:00:00,0.0,0.0,0
2023-01-12 00:00:00,0.0,0.0,0
2023-01-12 01:00:00,0.0,0.0,0
2023-01-12 02:00:00,0.0,0.0,0
2023-01-12 03:00:00,0.0,0.0,0
2023-01-12 04:00:00,0.0,0.0,0
2023-01-12 05:00:00,0.0,0.0,0
2023-01-12 06:00:00,0.0,0.0,0
2023-01-12 07:00:00,0.0,0.0,0
2023-01-12 08:00:00,0.0,0.0,0
2023-01-12 09:00:00,0.0,0.0,0
2023-01-12 10:00:00,0.0,0.0,0
2023-01-12 11:00:00,0.0,0.0,0
2023-01-12 12:00:00,0.0,0.0,0
2023-01-12 13:00:00,0.0,0.0,0
2023-01-12 14:00:00,0.0,0.0,0
2023-01-12 15:00:00,0.0,0.0,0
2023-01-12 16:00:00,0.0,0.0,0
2023-01-12 17:00:00,0.0,0.0,0
2023-01-12 18:00:00,0.0,0.0,0
2023-01-12 19:00:00,0.0,0.0,0
2023-01-12 20:00:00,0.0,0.0,0
2023-01-12 21:00:00,0.0,0.0,0
2023-01-12 22:00:00,0.0,0.0,0
2023-01-12 23:00:00,0.0,0.0,0
2023-01-13 00:00:00,0.0,0.0,0
2023-01-13 01:00:00,0.0,0.0,0
2023-01-13 02:00:00,0.0,0.0,0
2023-01-13 03:00:00,0.0,0.0,0
2023-01-13 04:00:00,0.0,0.0,0
2023-01-13 05:00:00,0.0,0.0,0
2023-01-13 06:00:00,0.0,0.0,0
2023-01-13 07:00:00,0.0,0.0,0
2023-01-13 08:00:00,0.0,0.0,0
2023-01-13 09:00:00,0.0,0.0,0
2023-01-13 10:00:00,0.0,0.0,0
2023-01-13 11:00:00,0.0,0.0,0
2023-01-13 12:00:00,0.0,0.0,0
2023-01-13 13:00:00,0.0,0.0,0
2023-01-13 14:00:00,0.0,0.0,0
2023-01-13 15:00:00,0.0,0.0,0
2023-01-13 16:00:00,0.0,0.0,0
2023-01-13 17:00:00,0.0,0.0,0
2023-01-13 18:00:00,0.0,0.0,0
2023-01-13 19:00:00,0.0,0.0,0
2023-01-13 20:00:00,0.0,0.0,0
2023-01-13 21:00:00,0.0,0.0,0
2023-01-13 22:00:00,0.0,0.0,0
2023-01-13 23:00:00,0.0,0.0,0
2023-01-14 00:00:00,0.0,0.0,0
2023-01-14 01:00:00,0.0,0.0,0
2023-01-14 02:00:00,0.0,0.0,0
2023-01-14 03:00:00,0.0,0.0,0
2023-01-14 04:00:00,0.0,0.0,0
2023-01-14 05:00:00,0.0,0.0,0
2023-01-14 06:00:00,0.0,0.0,0
2023-01-14 07:00:00,0.0,0.0,0
2023-01-14 08:00:00,0.0,0.0,0
2023-01-14 09:00:00,0.0,0.0,0
2023-01-14 10:00:00,0.0,0.0,0
2023-01-14 11:00:00,0.0,0.0,0
2023-01-14 12:00:00,0.0,0.0,0
2023-01-14 13:00:00,0.0,0.0,0
2023-01-14 14:00:00,0.0,0.0,0
2023-01-14 15:00:00,0.0,0.0,0
2023-01-14 16:00:00,0.0,0.0,0
2023-01-14 17:00:00,0.0,0.0,0
2023-01-14 18:00:00,0.0,0.0,0
2023-01-14 19:00:00,0.0,0.0,0
2023-01-14 20:00:00,0.0,0.0,0
2023-01-14 21:00:00,0.0,0.0,0
2023-01-14 22:00:00,0.0,0.0,0
2023-01-14 23:00:00,0.0,0.0,0
2023-01-15 00:00:00,0.0,0.0,0
2023-01-15 01:00:00,0.0,0.0,0
2023-01-15 02:00:00,0.0,0.0,0
2023-01-15 03:00:00,0.0,0.0,0
2023-01-15 04:00:00,0.0,0.0,0
2023-01-15 05:00:00,0.0,0.0,0
2023-01-15 06:00:00,0.0,0.0,0
2023-01-15 07:00:00,0.0,0.0,0
2023-01-15 08:00:00,0.0,0.0,0
2023-01-15 09:00:00,0.0,0.0,0
2023-01-15 10:00:00,0.0,0.0,0
2023-01-15 11:00:00,0.0,0.0,0
2023-01-15 12:00:00,0.0,0.0,0
2023-01-15 13:00:00,0.0,0.0,0
2023-01-15 14:00:00,0.0,0.0,0
2023-01-15 15:00:00,0.0,0.0,0
2023-01-15 16:00:00,0.0,0.0,0
2023-01-15 17:00:00,0.0,0.0,0
2023-01-15 18:00:00,0.0,0.0,0
2023-01-15 19:00:00,0.0,0.0,0
2023-01-15 20:00:00,0.0,0.0,0
2023-01-15 21:00:00,0.0,0.0,0
2023-01-15 22:00:00,0.0,0.0,0
2023-01-15 23:00:00,0.0,0.0,0
2023-01-16 00:00:00,0.0,0.0,0
2023-01-16 01:00:00,0.0,0.0,0
2023-01-16 02:00:00,0.0,0.0,0
2023-01-16 03:00:00,0.0,0.0,0
2023-01-16 04:00:00,0.0,0.0,0
2023-01-16 05:00:00,0.0,0.0,0
2023-01-16 06:00:00,0.0,0.0,0
2023-01-16 07:00:00,0.0,0.0,0
2023-01-16 08:00:00,0.0,0.0,0
2023-01-16 09:00:00,0.0,0.0,0
2023-01-16 10:00:00,0.0,0.0,0
2023-01-16 11:00:00,0.0,0.0,0
2023-01-16 12:00:00,0.0,0.0,0
2023-01-16 13:00:00,0.0,0.0,0
2023-01-16 14:00:00,0.0,0.0,0
2023-01-16 15:00:00,0.0,0.0,0
2023-01-16 16:00:00,0.0,0.0,0
2023-01-16 17:00:00,0.0,0.0,0
2023-01-16 18:00:00,0.0,0.0,0
2023-01-16 19:00:00,0.0,0.0,0
2023-01-16 20:00:00,0.0,0.0,0
2023-01-16 21:00:00,0.0,0.0,0
2023-01-16 22:00:00,0.0,0.0,0
2023-01-16 23:00:00,0.0,0.0,0
2023-01-17 00:00:00,0.0,0.0,0
2023-01-17 01:00:00,0.0,0.0,0
2023-01-17 02:00:00,0.0,0.0,0
2023-01-17 03:00:00,0.0,0.0,0
2023-01-17 04:00:00,0.0,0.0,0
2023-01-17 05:00:00,0.0,0.0,0
2023-01-17 06:00:00,0.0,0.0,0
2023-01-17 07:00:00,0.0,0.0,0
2023-01-17 08:00:00,0.0,0.0,0
2023-01-17 09:00:00,0.0,0.0,0
2023-01-17 10:00:00,0.0,0.0,0
2023-01-17 11:00:00,0.0,0.0,0
2023-01-17 12:00:00,0.0,0.0,0
2023-01-17 13:00:00,0.0,0.0,0
2023-01-17 14:00:00,0.0,0.0,0
2023-01-17 15:00:00,0.0,0.0,0
2023-01-17 16:00:00,0.0,0.0,0
2023-01-17 17:00:00,0.0,0.0,0
2023-01-17 18:00:00,0.0,0.0,0
2023-01-17 19:00:00,0.0,0.0,0
2023-01-17 20:00:00,0.0,0.0,0
2023-01-17 21:00:00,0.0,0.0,0
2023-01-17 22:00:00,0.0,0.0,0
2023-01-17 23:00:00,0.0,0.0,0
2023-01-18 00:00:00,0.0,0.0,0
2023-01-18 01:00:00,0.0,0.0,0
2023-01-18 02:00:00,0.0,0.0,0
2023-01-18 03:00:00,0.0,0.0,0
2023-01-18 04:00:00,0.0,0.0,0
2023-01-18 05:00:00,0.0,0.0,0
2023-01-18 06:00:00,0.0,0.0,0
2023-01-18 07:00:00,0.0,0.0,0
2023-01-18 08:00:00,0.0,0.0,0
2023-01-18 09:00:00,0.0,0.0,0
2023-01-18 10:00:00,0.0,0.0,0
2023-01-18 11:00:00,0.0,0.0,0
2023-01-18 12:00:00,0.0,0.0,0
2023-01-18 13:00:00,0.0,0.0,0
2023-01-18 14:00:00,0.0,0.0,0
2023-01-18 15:00:00,0.0,0.0,0
2023-01-18 16:00:00,0.0,0.0,0
2023-01-18 17:00:00,0.0,0.0,0
2023-01-18 18:00:00,0.0,0.0,0
2023-01-18 19:00:00,0.0,0.0,0
2023-01-18 20:00:00,0.0,0.0,0
2023-01-18 21:00:00,0.0,0.0,0
2023-01-18 22:00:00,0.0,0.0,0
2023-01-18 23:00:00,0.0,0.0,0
2023-01-19 00:00:00,0.0,0.0,0
2023-01-19 01:00:00,0.0,0.0,0
2023-01-19 02:00:00,0.0,0.0,0
2023-01-19 03:00:00,0.0,0.0,0
2023-01-19 04:00:00,0.0,0.0,0
2023-01-19 05:00:00,0.0,0.0,0
2023-01-19 06:00:00,0.0,0.0,0
2023-01-19 07:00:00,0.0,0.0,0
2023-01-19 08:00:00,0.0,0.0,0
2023-01-19 09:00:00,0.0,0.0,0
2023-01-19 10:00:00,0.0,0.0,0
2023-01-19 11:00:00,0.0,0.0,0
2023-01-19 12:00:00,0.0,0.0,0
2023-01-19 13:00:00,0.0,0.0,0
2023-01-19 14:00:00,0.0,0.0,0
2023-01-19 15:00:00,0.0,0.0,0
2023-01-19 16:00:00,0.0,0.0,0
2023-01-19 17:00:00,0.0,0.0,0
2023-01-19 18:00:00,0.0,0.0,0
2023-01-19 19:00:00,0.0,0.0,0
2023-01-19 20:00:00,0.0,0.0,0
2023-01-19 21:00:00,0.0,0.0,0
2023-01-19 22:00:00,0.0,0.0,0
2023-01-19 23:00:00,0.0,0.0,0
2023-01-20 00:00:00,0.0,0.0,0
2023-01-20 01:00:00,0.0,0.0,0
2023-01-20 02:00:00,0.0,0.0,0
2023-01-20 03:00:00,0.0,0.0,0
2023-01-20 04:00:00,0.0,0.0,0
2023-01-20 05:00:00,0.0,0.0,0
2023-01-20 06:00:00,0.0,0.0,0
2023-01-20 07:00:00,0.0,0.0,0
2023-01-20 08:00:00,0.0,0.0,0
2023-01-20 09:00:00,0.0,0.0,0
2023-01-20 10:00:00,0.0,0.0,0
2023-01-20 11:00:00,0.0,0.0,0
2023-01-20 12:00:00,0.0,0.0,0
2023-01-20 13:00:00,0.0,0.0,0
2023-01-20 14:00:00,0.0,0.0,0
2023-01-20 15:00:00,0.0,0.0,0
2023-01-20 16:00:00,0.0,0.0,0
2023-01-20 17:00:00,0.0,0.0,0
2023-01-20 18:00:00,0.0,0.0,0
2023-01-20 19:00:00,0.0,0.0,0
2023-01-20 20:00:00,0.0,0.0,0
2023-01-20 21:00:00,0.0,0.0,0
2023-01-20 22:00:00,0.0,0.0,0
2023-01-20 23:00:00,0.0,0.0,0
2023-01-21 00:00:00,0.0,0.0,0
2023-01-21 01:00:00,0.0,0.0,0
2023-01-21 02:00:00,0.0,0.0,0
2023-01-21 03:00:00,0.0,0.0,0
2023-01-21 04:00:00,0.0,0.0,0
2023-01-21 05:00:00,0.0,0.0,0
2023-01-21 06:00:00,0.0,0.0,0
2023-01-21 07:00:00,0.0,0.0,0
2023-01-21 08:00:00,0.0,0.0,0
2023-01-21 09:00:00,0.0,0.0,0
2023-01-21 10:00:00,0.0,0.0,0
2023-01-21 11:00:00,0.0,0.0,0
2023-01-21 12:00:00,0.0,0.0,0
2023-01-21 13:00:00,0.0,0.0,0
2023-01-21 14:00:00,0.0,0.0,0
2023-01-21 15:00:00,0.0,0.0,0
2023-01-21 16:00:00,0.0,0.0,0
2023-01-21 17:00:00,0.0,0.0,0
2023-01-21 18:00:00,0.0,0.0,0
2023-01-21 19:00:00,0.0,0.0,0
2023-01-21 20:00:00,0.0,0.0,0
2023-01-21 21:00:00,0.0,0.0,0
2023-01-21 22:00:00,0.0,0.0,0
2023-01-21 23:00:00,0.0,0.0,0
2023-01-22 00:00:00,0.0,0.0,0
2023-01-22 01:00:00,0.0,0.0,0
2023-01-22 02:00:00,0.0,0.0,0
2023-01-22 03:00:00,0.0,0.0,0
2023-01-22 04:00:00,0.0,0.0,0
2023-01-22 05:00:00,0.0,0.0,0
2023-01-22 06:00:00,0.0,0.0,0
2023-01-22 07:00:00,0.0,0.0,0
2023-01-22 08:00:00,0.0,0.0,0
2023-01-22 09:00:00,0.0,0.0,0
2023-01-22 10:00:00,0.0,0.0,0
2023-01-22 11:00:00,0.0,0.0,0
2023-01-22 12:00:00,0.0,0.0,0
2023-01-22 13:00:00,0.0,0.0,0
2023-01-22 14:00:00,0.0,0.0,0
2023-01-22 15:00:00,0.0,0.0,0
2023-01-22 16:00:00,0.0,0.0,0
2023-01-22 17:00:00,0.0,0.0,0
2023-01-22 18:00:00,0.0,0.0,0
2023-01-22 19:00:00,0.0,0.0,0
2023-01-22 20:00:00,0.0,0.0,0
2023-01-22 21:00:00,0.0,0.0,0
2023-01-22 22:00:00,0.0,0.0,0
2023-01-22 23:00:00,0.0,0.0,0
2023-01-23 00:00:00,0.0,0.0,0
2023-01-23 01:00:00,0.0,0.0,0
2023-01-23 02:00:00,0.0,0.0,0
2023-01-23 03:00:00,0.0,0.0,0
2023-01-23 04:00:00,0.0,0.0,0
2023-01-23 05:00:00,0.0,0.0,0
2023-01-23 06:00:00,0.0,0.0,0
2023-01-23 07:00:00,0.0,0.0,0
2023-01-23 08:00:00,0.0,0.0,0
2023-01-23 09:00:00,0.0,0.0,0
2023-01-23 10:00:00,0.0,0.0,0
2023-01-23 11:00:00,0.0,0.0,0
2023-01-23 12:00:00,0.0,0.0,0
2023-01-23 13:00:00,0.0,0.0,0
2023-01-23 14:00:00,0.0,0.0,0
2023-01-23 15:00:00,0.0,0.0,0
2023-01-23 16:00:00,0.0,0.0,0
2023-01-23 17:00:00,0.0,0.0,0
2023-01-23 18:00:00,0.0,0.0,0
2023-01-23 19:00:00,0.0,0.0,0
2023-01-23 20:00:00,0.0,0.0,0
2023-01-23 21:00:00,0.0,0.0,0
2023-01-23 22:00:00,0.0,0.0,0
2023-01-23 23:00:00,0.0,0.0,0
2023-01-24 00:00:00,0.0,0.0,0
2023-01-24 01:00:00,0.0,0.0,0
2023-01-24 02:00:00,0.0,0.0,0
2023-01-24 03:00:00,0.0,0.0,0
2023-01-24 04:00:00,0.0,0.0,0
2023-01-24 05:00:00,0.0,0.0,0
2023-01-24 06:00:00,0.0,0.0,0
2023-01-24 07:00:00,0.0,0.0,0
2023-01-24 08:00:00,0.0,0.0,0
2023-01-24 09:00:00,0.0,0.0,0
2023-01-24 10:00:00,0.0,0.0,0
2023-01-24 11:00:00,0.0,0.0,0
2023-01-24 12:00:00,0.0,0.0,0
2023-01-24 13:00:00,0.0,0.0,0
2023-01-24 14:00:00,0.0,0.0,0
2023-01-24 15:00:00,0.0,0.0,0
2023-01-24 16:00:00,0.0,0.0,0
2023-01-24 17:00:00,0.0,0.0,0
2023-01-24 18:00:00,0.0,0.0,0
2023-01-24 19:00:00,0.0,0.0,0
2023-01-24 20:00:00,0.0,0.0,0
2023-01-24 21:00:00,0.0,0.0,0
2023-01-24 22:00:00,0.0,0.0,0
2023-01-24 23:00:00,0.0,0.0,0
2023-01-25 00:00:00,0.0,0.0,0
2023-01-25 01:00:00,0.0,0.0,0
2023-01-25 02:00:00,0.0,0.0,0
2023-01-25 03:00:00,0.0,0.0,0
2023-01-25 04:00:00,0.0,0.0,0
2023-01-25 05:00:00,0.0,0.0,0
2023-01-25 06:00:00,0.0,0.0,0
2023-01-25 07:00:00,0.0,0.0,0
2023-01-25 08:00:00,0.0,0.0,0
2023-01-25 09:00:00,0.0,0.0,0
2023-01-25 10:00:00,0.0,0.0,0
2023-01-25 11:00:00,0.0,0.0,0
2023-01-25 12:00:00,0.0,0.0,0
2023-01-25 13:00:00,0.0,0.0,0
2023-01-25 14:00:00,0.0,0.0,0
2023-01-25 15:00:00,0.0,0.0,0
2023-01-25 16:00:00,0.0,0.0,0
2023-01-25 17:00:00,0.0,0.0,0
2023-01-25 18:00:00,0.0,0.0,0
2023-01-25 19:00:00,0.0,0.0,0
2023-01-25 20:00:00,0.0,0.0,0
2023-01-25 21:00:00,0.0,0.0,0
2023-01-25 22:00:00,0.0,0.0,0
2023-01-25 23:00:00,0.0,0.0,0
2023-01-26 00:00:00,0.0,0.0,0
2023-01-26 01:00:00,0.0,0.0,0
2023-01-26 02:00:00,0.0,0.0,0
2023-01-26 03:00:00,0.0,0.0,0
2023-01-26 04:00:00,0.0,0.0,0
2023-01-26 05:00:00,0.0,0.0,0
2023-01-26 06:00:00,0.0,0.0,0
2023-01-26 07:00:00,0.0,0.0,0
2023-01-26 08:00:00,0.0,0.0,0
2023-01-26 09:00:00,0.0,0.0,0
2023-01-26 10:00:00,0.0,0.0,0
2023-01-26 11:00:00,0.0,0.0,0
2023-01-26 12:00:00,0.0,0.0,0
2023-01-26 13:00:00,0.0,0.0,0
2023-01-26 14:00:00,0.0,0.0,0
2023-01-26 15:00:00,0.0,0.0,0
2023-01-26 16:00:00,0.0,0.0,0
2023-01-26 17:00:00,0.0,0.0,0
2023-01-26 18:00:00,0.0,0.0,0
2023-01-26 19:00:00,0.0,0.0,0
2023-01-26 20:00:00,0.0,0.0,0
2023-01-26 21:00:00,0.0,0.0,0
2023-01-26 22:00:00,0.0,0.0,0
2023-01-26 23:00:00,0.0,0.0,0
2023-01-27 00:00:00,0.0,0.0,0
2023-01-27 01:00:00,0.0,0.0,0
2023-01-27 02:00:00,0.0,0.0,0
2023-01-27 03:00:00,0.0,0.0,0
2023-01-27 04:00:00,0.0,0.0,0
2023-01-27 05:00:00,0.0,0.0,0
2023-01-27 06:00:00,0.0,0.0,0
2023-01-27 07:00:00,0.0,0.0,0
2023-01-27 08:00:00,0.0,0.0,0
2023-01-27 09:00:00,0.0,0.0,0
2023-01-27 10:00:00,0.0,0.0,0
2023-01-27 11:00:00,0.0,0.0,0
2023-01-27 12:00:00,0.0,0.0,0
2023-01-27 13:00:00,0.0,0.0,0
2023-01-27 14:00:00,0.0,0.0,0
2023-01-27 15:00:00,0.0,0.0,0
2023-01-27 16:00:00,0.0,0.0,0
2023-01-27 17:00:00,0.0,0.0,0
2023-01-27 18:00:00,0.0,0.0,0
2023-01-27 19:00:00,0.0,0.0,0
2023-01-27 20:00:00,0.0,0.0,0
2023-01-27 21:00:00,0.0,0.0,0
2023-01-27 22:00:00,0.0,0.0,0
2023-01-27 23:00:00,0.0,0.0,0
2023-01-28 00:00:00,0.0,0.0,0
2023-01-28 01:00:00,0.0,0.0,0
2023-01-28 02:00:00,0.0,0.0,0
2023-01-28 03:00:00,0.0,0.0,0
2023-01-28 04:00:00,0.0,0.0,0
2023-01-28 05:00:00,0.0,0.0,0
2023-01-28 06:00:00,0.0,0.0,0
2023-01-28 07:00:00,0.0,0.0,0
2023-01-28 08:00:00,0.0,0.0,0
2023-01-28 09:00:00,0.0,0.0,0
2023-01-28 10:00:00,0.0,0.0,0
2023-01-28 11:00:00,0.0,0.0,0
2023-01-28 12:00:00,0.0,0.0,0
2023-01-28 13:00:00,0.0,0.0,0
2023-01-28 14:00:00,0.0,0.0,0
2023-01-28 15:00:00,0.0,0.0,0
2023-01-28 16:00:00,0.0,0.0,0
2023-01-28 17:00:00,0.0,0.0,0
2023-01-28 18:00:00,0.0,0.0,0
2023-01-28 19:00:00,0.0,0.0,0
2023-01-28 20:00:00,0.0,0.0,0
2023-01-28 21:00:00,0.0,0.0,0
2023-01-28 22:00:00,0.0,0.0,0
2023-01-28 23:00:00,0.0,0.0,0
2023-01-29 00:00:00,0.0,0.0,0
2023-01-29 01:00:00,0.0,0.0,0
2023-01-29 02:00:00,0.0,0.0,0
2023-01-29 03:00:00,0.0,0.0,0
2023-01-29 04:00:00,0.0,0.0,0
2023-01-29 05:00:00,0.0,0.0,0
2023-01-29 06:00:00,0.0,0.0,0
2023-01-29 07:00:00,0.0,0.0,0
2023-01-29 08:00:00,0.0,0.0,0
2023-01-29 09:00:00,0.0,0.0,0
2023-01-29 10:00:00,0.0,0.0,0
2023-01-29 11:00:00,0.0,0.0,0
2023-01-29 12:00:00,0.0,0.0,0
2023-01-29 13:00:00,0.0,0.0,0
2023-01-29 14:00:00,0.0,0.0,0
2023-01-29 15:00:00,0.0,0.0,0
2023-01-29 16:00:00,0.0,0.0,0
2023-01-29 17:00:00,0.0,0.0,0
2023-01-29 18:00:00,0.0,0.0,0
2023-01-29 19:00:00,0.0,0.0,0
2023-01-29 20:00:00,0.0,0.0,0
2023-01-29 21:00:00,0.0,0.0,0
2023-01-29 22:00:00,0.0,0.0,0
2023-01-29 23:00:00,0.0,0.0,0
2023-01-30 00:00:00,0.0,0.0,0
2023-01-30 01:00:00,0.0,0.0,0
2023-01-30 02:00:00,0.0,0.0,0
2023-01-30 03:00:00,0.0,0.0,0
2023-01-30 04:00:00,0.0,0.0,0
2023-01-30 05:00:00,0.0,0.0,0
2023-01-30 06:00:00,0.0,0.0,0
2023-01-30 07:00:00,0.0,0.0,0
2023-01-30 08:00:00,0.0,0.0,0
2023-01-30 09:00:00,0.0,0.0,0
2023-01-30 10:00:00,0.0,0.0,0
2023-01-30 11:00:00,0.0,0.0,0
2023-01-30 12:00:00,0.0,0.0,0
2023-01-30 13:00:00,0.0,0.0,0
2023-01-30 14:00:00,0.0,0.0,0
2023-01-30 15:00:00,0.0,0.0,0
2023-01-30 16:00:00,0.0,0.0,0
2023-01-30 17:00:00,0.0,0.0,0
2023-01-30 18:00:00,0.0,0.0,0
2023-01-30 19:00:00,0.0,0.0,0
2023-01-30 20:00:00,0.0,0.0,0
2023-01-30 21:00:00,0.0,0.0,0
2023-01-30 22:00:00,0.0,0.0,0
2023-01-30 23:00:00,0.0,0.0,0
2023-01-31 00:00:00,0.0,0.0,0
2023-01-31 01:00:00,0.0,0.0,0
2023-01-31 02:00:00,0.0,0.0,0
2023-01-31 03:00:00,0.0,0.0,0
2023-01-31 04:00:00,0.0,0.0,0
2023-01-31 05:00:00,0.0,0.0,0
2023-01-31 06:00:00,0.0,0.0,0
2023-01-31 07:00:00,0.0,0.0,0
2023-01-31 08:00:00,0.0,0.0,0
2023-01-31 09:00:00,0.0,0.0,0
2023-01-31 10:00:00,0.0,0.0,0
2023-01-31 11:00:00,0.0,0.0,0
2023-01-31 12:00:00,0.0,0.0,0
2023-01-31 13:00:00,0.0,0.0,0
2023-01-31 14:00:00,0.0,0.0,0
2023-01-31 15:00:00,0.0,0.0,0
2023-01-31 16:00:00,0.0,0.0,0
2023-01-31 17:00:00,0.0,0.0,0
2023-01-31 18:00:00,0.0,0.0,0
2023-01-31 19:00:00,0.0,0.0,0
2023-01-31 20:00:00,0.0,0.0,0
2023-01-31 21:00:00,0.0,0.0,0
2023-01-31 22:00:00,0.0,0.0,0
2023-01-31 23:00:00,0.0,0.0,0
2023-02-01 00:00:00,0.0,0.0,0
2023-02-01 01:00:00,0.0,0.0,0
2023-02-01 02:00:00,0.0,0.0,0
2023-02-01 03:00:00,0.0,0.0,0
2023-02-01 04:00:00,0.0,0.0,0
2023-02-01 05:00:00,0.0,0.0,0
2023-02-01 06:00:00,0.0,0.0,0
2023-02-01 07:00:00,0.0,0.0,0
2023-02-01 08:00:00,0.0,0.0,0
2023-02-01 09:00:00,0.0,0.0,0
2023-02-01 10:00:00,0.0,0.0,0
2023-02-01 11:00:00,0.0,0.0,0
2023-02-01 12:00:00,0.0,0.0,0
2023-02-01 13:00:00,0.0,0.0,0
2023-02-01 14:00:00,0.0,0.0,0
2023-02-01 15:00:00,0.0,0.0,0
2023-02-01 16:00:00,0.0,0.0,0
2023-02-01 17:00:00,0.0,0.0,0
2023-02-01 18:00:00,0.0,0.0,0
2023-02-01 19:00:00,0.0,0.0,0
2023-02-01 20:00:00,0.0,0.0,0
2023-02-01 21:00:00,0.0,0.0,0
2023-02-01 22:00:00,0.0,0.0,0
2023-02-01 23:00:00,0.0,0.0,0
2023-02-02 00:00:00,0.0,0.0,0
2023-02-02 01:00:00,0.0,0.0,0
2023-02-02 02:00:00,0.0,0.0,0
2023-02-02 03:00:00,0.0,0.0,0
2023-02-02 04:00:00,0.0,0.0,0
2023-02-02 05:00:00,0.0,0.0,0
2023-02-02 06:00:00,0.0,0.0,0
2023-02-02 07:00:00,0.0,0.0,0
2023-02-02 08:00:00,0.0,0.0,0
2023-02-02 09:00:00,0.0,0.0,0
2023-02-02 10:00:00,0.0,0.0,0
2023-02-02 11:00:00,0.0,0.0,0
2023-02-02 12:00:00,0.0,0.0,0
2023-02-02 13:00:00,0.0,0.0,0
2023-02-02 14:00:00,0.0,0.0,0
2023-02-02 15:00:00,0.0,0.0,0
2023-02-02 16:00:00,0.0,0.0,0
2023-02-02 17:00:00,0.0,0.0,0
2023-02-02 18:00:00,0.0,0.0,0
2023-02-02 19:00:00,0.0,0.0,0
2023-02-02 20:00:00,0.0,0.0,0
2023-02-02 21:00:00,0.0,0.0,0
2023-02-02 22:00:00,0.0,0.0,0
2023-02-02 23:00:00,0.0,0.0,0
2023-02-03 00:00:00,0.0,0.0,0
2023-02-03 01:00:00,0.0,0.0,0
2023-02-03 02:00:00,0.0,0.0,0
2023-02-03 03:00:00,0.0,0.0,0
2023-02-03 04:00:00,0.0,0.0,0
2023-02-03 05:00:00,0.0,0.0,0
2023-02-03 06:00:00,0.0,0.0,0
2023-02-03 07:00:00,0.0,0.0,0
2023-02-03 08:00:00,0.0,0.0,0
2023-02-03 09:00:00,0.0,0.0,0
2023-02-03 10:00:00,0.0,0.0,0
2023-02-03 11:00:00,0.0,0.0,0
2023-02-03 12:00:00,0.0,0.0,0
2023-02-03 13:00:00,0.0,0.0,0
2023-02-03 14:00:00,0.0,0.0,0
2023-02-03 15:00:00,0.0,0.0,0
2023-02-03 16:00:00,0.0,0.0,0
2023-02-03 17:00:00,0.0,0.0,0
2023-02-03 18:00:00,0.0,0.0,0
2023-02-03 19:00:00,0.0,0.0,0
2023-02-03 20:00:00,0.0,0.0,0
2023-02-03 21:00:00,0.0,0.0,0
2023-02-03 22:00:00,0.0,0.0,0
2023-02-03 23:00:00,0.0,0.0,0
2023-02-04 00:00:00,0.0,0.0,0
2023-02-04 01:00:00,0.0,0.0,0
2023-02-04 02:00:00,0.0,0.0,0
2023-02-04 03:00:00,0.0,0.0,0
2023-02-04 04:00:00,0.0,0.0,0
2023-02-04 05:00:00,0.0,0.0,0
2023-02-04 06:00:00,0.0,0.0,0
2023-02-04 07:00:00,0.0,0.0,0
2023-02-04 08:00:00,0.0,0.0,0
2023-02-04 09:00:00,0.0,0.0,0
2023-02-04 10:00:00,0.0,0.0,0
2023-02-04 11:00:00,0.0,0.0,0
2023-02-04 12:00:00,0.0,0.0,0
2023-02-04 13:00:00,0.0,0.0,0
2023-02-04 14:00:00,0.0,0.0,0
2023-02-04 15:00:00,0.0,0.0,0
2023-02-04 16:00:00,0.0,0.0,0
2023-02-04 17:00:00,0.0,0.0,0
2023-02-04 18:00:00,0.0,0.0,0
2023-02-04 19:00:00,0.0,0.0,0
2023-02-04 20:00:00,0.0,0.0,0
2023-02-04 21:00:00,0.0,0.0,0
2023-02-04 22:00:00,0.0,0.0,0
2023-02-04 23:00:00,0.0,0.0,0
2023-02-05 00:00:00,0.0,0.0,0
2023-02-05 01:00:00,0.0,0.0,0
2023-02-05 02:00:00,0.0,0.0,0
2023-02-05 03:00:00,0.0,0.0,0
2023-02-05 04:00:00,0.0,0.0,0
2023-02-05 05:00:00,0.0,0.0,0
2023-02-05 06:00:00,0.0,0.0,0
2023-02-05 07:00:00,0.0,0.0,0
2023-02-05 08:00:00,0.0,0.0,0
2023-02-05 09:00:00,0.0,0.0,0
2023-02-05 10:00:00,0.0,0.0,0
2023-02-05 11:00:00,0.0,0.0,0
2023-02-05 12:00:00,0.0,0.0,0
2023-02-05 13:00:00,0.0,0.0,0
2023-02-05 14:00:00,0.0,0.0,0
2023-02-05 15:00:00,0.0,0.0,0
2023-02-05 16:00:00,0.0,0.0,0
2023-02-05 17:00:00,0.0,0.0,0
2023-02-05 18:00:00,0.0,0.0,0
2023-02-05 19:00:00,0.0,0.0,0
2023-02-05 20:00:00,0.0,0.0,0
2023-02-05 21:00:00,0.0,0.0,0
2023-02-05 22:00:00,0.0,0.0,0
2023-02-05 23:00:00,0.0,0.0,0
2023-02-06 00:00:00,0.0,0.0,0
2023-02-06 01:00:00,0.0,0.0,0
2023-02-06 02:00:00,0.0,0.0,0
2023-02-06 03:00:00,0.0,0.0,0
2023-02-06 04:00:00,0.0,0.0,0
2023-02-06 05:00:00,0.0,0.0,0
2023-02-06 06:00:00,0.0,0.0,0
2023-02-06 07:00:00,0.0,0.0,0
2023-02-06 08:00:00,0.0,0.0,0
2023-02-06 09:00:00,0.0,0.0,0
2023-02-06 10:00:00,0.0,0.0,0
2023-02-06 11:00:00,0.0,0.0,0
2023-02-06 12:00:00,0.0,0.0,0
2023-02-06 13:00:00,0.0,0.0,0
2023-02-06 14:00:00,0.0,0.0,0
2023-02-06 15:00:00,0.0,0.0,0
2023-02-06 16:00:00,0.0,0.0,0
2023-02-06 17:00:00,0.0,0.0,0
2023-02-06 18:00:00,0.0,0.0,0
2023-02-06 19:00:00,0.0,0.0,0
2023-02-06 20:00:00,0.0,0.0,0
2023-02-06 21:00:00,0.0,0.0,0
2023-02-06 22:00:00,0.0,0.0,0
2023-02-06 23:00:00,0.0,0.0,0
2023-02-07 00:00:00,0.0,0.0,0
2023-02-07 01:00:00,0.0,0.0,0
2023-02-07 02:00:00,0.0,0.0,0
2023-02-07 03:00:00,0.0,0.0,0
2023-02-07 04:00:00,0.0,0.0,0
2023-02-07 05:00:00,0.0,0.0,0
2023-02-07 06:00:00,0.0,0.0,0
2023-02-07 07:00:00,0.0,0.0,0
2023-02-07 08:00:00,0.0,0.0,0
2023-02-07 09:00:00,0.0,0.0,0
2023-02-07 10:00:00,0.0,0.0,0
2023-02-07 11:00:00,0.0,0.0,0
2023-02-07 12:00:00,0.0,0.0,0
2023-02-07 13:00:00,0.0,0.0,0
2023-02-07 14:00:00,0.0,0.0,0
2023-02-07 15:00:00,0.0,0.0,0
2023-02-07 16:00:00,0.0,0.0,0
2023-02-07 17:00:00,0.0,0.0,0
2023-02-07 18:00:00,0.0,0.0,0
2023-02-07 19:00:00,0.0,0.0,0
2023-02-07 20:00:00,0.0,0.0,0
2023-02-07 21:00:00,0.0,0.0,0
2023-02-07 22:00:00,0.0,0.0,0
2023-02-07 23:00:00,0.0,0.0,0
2023-02-08 00:00:00,0.0,0.0,0
2023-02-08 01:00:00,0.0,0.0,0
2023-02-08 02:00:00,0.0,0.0,0
2023-02-08 03:00:00,0.0,0.0,0
2023-02-08 04:00:00,0.0,0.0,0
2023-02-08 05:00:00,0.0,0.0,0
2023-02-08 06:00:00,0.0,0.0,0
2023-02-08 07:00:00,0.0,0.0,0
2023-02-08 08:00:00,0.0,0.0,0
2023-02-08 09:00:00,0.0,0.0,0
2023-02-08 10:00:00,0.0,0.0,0
2023-02-08 11:00:00,0.0,0.0,0
2023-02-08 12:00:00,0.0,0.0,0
2023-02-08 13:00:00,0.0,0.0,0
2023-02-08 14:00:00,0.0,0.0,0
2023-02-08 15:00:00,0.0,0.0,0
2023-02-08 16:00:00,0.0,0.0,0
2023-02-08 17:00:00,0.0,0.0,0
2023-02-08 18:00:00,0.0,0.0,0
2023-02-08 19:00:00,0.0,0.0,0
2023-02-08 20:00:00,0.0,0.0,0
2023-02-08 21:00:00,0.0,0.0,0
2023-02-08 22:00:00,0.0,0.0,0
2023-02-08 23:00:00,0.0,0.0,0
2023-02-09 00:00:00,0.0,0.0,0
2023-02-09 01:00:00,0.0,0.0,0
2023-02-09 02:00:00,0.0,0.0,0
2023-02-09 03:00:00,0.0,0.0,0
2023-02-09 04:00:00,0.0,0.0,0
2023-02-09 05:00:00,0.0,0.0,0
2023-02-09 06:00:00,0.0,0.0,0
2023-02-09 07:00:00,0.0,0.0,0
2023-02-09 08:00:00,0.0,0.0,0
2023-02-09 09:00:00,0.0,0.0,0
2023-02-09 10:00:00,0.0,0.0,0
2023-02-09 11:00:00,0.0,0.0,0
2023-02-09 12:00:00,0.0,0.0,0
2023-02-09 13:00:00,0.0,0.0,0
2023-02-09 14:00:00,0.0,0.0,0
2023-02-09 15:00:00,0.0,0.0,0
2023-02-09 16:00:00,0.0,0.0,0
2023-02-09 17:00:00,0.0,0.0,0
2023-02-09 18:00:00,0.0,0.0,0
2023-02-09 19:00:00,0.0,0.0,0
2023-02-09 20:00:00,0.0,0.0,0
2023-02-09 21:00:00,0.0,0.0,0
2023-02-09 22:00:00,0.0,0.0,0
2023-02-09 23:00:00,0.0,0.0,0
2023-02-10 00:00:00,0.0,0.0,0
2023-02-10 01:00:00,0.0,0.0,0
2023-02-10 02:00:00,0.0,0.0,0
2023-02-10 03:00:00,0.0,0.0,0
2023-02-10 04:00:00,0.0,0.0,0
2023-02-10 05:00:00,0.0,0.0,0
2023-02-10 06:00:00,0.0,0.0,0
2023-02-10 07:00:00,0.0,0.0,0
2023-02-10 08:00:00,0.0,0.0,0
2023-02-10 09:00:00,0.0,0.0,0
2023-02-10 10:00:00,0.0,0.0,0
2023-02-10 11:00:00,0.0,0.0,0
2023-02-10 12:00:00,0.0,0.0,0
2023-02-10 13:00:00,0.0,0.0,0
2023-02-10 14:00:00,0.0,0.0,0
2023-02-10 15:00:00,0.0,0.0,0
2023-02-10 16:00:00,0.0,0.0,0
2023-02-10 17:00:00,0.0,0.0,0
2023-02-10 18:00:00,0.0,0.0,0
2023-02-10 19:00:00,0.0,0.0,0
2023-02-10 20:00:00,0.0,0.0,0
2023-02-10 21:00:00,0.0,0.0,0
2023-02-10 22:00:00,0.0,0.0,0
2023-02-10 23:00:00,0.0,0.0,0
2023-02-11 00:00:00,0.0,0.0,0
2023-02-11 01:00:00,0.0,0.0,0
2023-02-11 02:00:00,0.0,0.0,0
2023-02-11 03:00:00,0.0,0.0,0
2023-02-11 04:00:00,0.0,0.0,0
2023-02-11 05:00:00,0.0,0.0,0
2023-02-11 06:00:00,0.0,0.0,0
2023-02-11 07:00:00,0.0,0.0,0
2023-02-11 08:00:00,0.0,0.0,0
2023-02-11 09:00:00,0.0,0.0,0
2023-02-11 10:00:00,0.0,0.0,0
2023-02-11 11:00:00,0.0,0.0,0
2023-02-11 12:00:00,0.0,0.0,0
2023-02-11 13:00:00,0.0,0.0,0
2023-02-11 14:00:00,0.0,0.0,0
2023-02-11 15:00:00,0.0,0.0,0
2023-02-11 16:00:00,0.0,0.0,0
2023-02-11 17:00:00,0.0,0.0,0
2023-02-11 18:00:00,0.0,0.0,0
2023-02-11 19:00:00,0.0,0.0,0
2023-02-11 20:00:00,0.0,0.0,0
2023-02-11 21:00:00,0.0,0.0,0
2023-02-11 22:00:00,0.0,0.0,0
2023-02-11 23:00:00,0.0,0.0,0
2023-02-12 00:00:00,0.0,0.0,0
2023-02-12 01:00:00,0.0,0.0,0
2023-02-12 02:00:00,0.0,0.0,0
2023-02-12 03:00:00,0.0,0.0,0
2023-02-12 04:00:00,0.0,0.0,0
2023-02-12 05:00:00,0.0,0.0,0
2023-02-12 06:00:00,0.0,0.0,0
2023-02-12 07:00:00,0.0,0.0,0
2023-02-12 08:00:00,0.0,0.0,0
2023-02-12 09:00:00,0.0,0.0,0
2023-02-12 10:00:00,0.0,0.0,0
2023-02-12 11:00:00,0.0,0.0,0
2023-02-12 12:00:00,0.0,0.0,0
2023-02-12 13:00:00,0.0,0.0,0
2023-02-12 14:00:00,0.0,0.0,0
2023-02-12 15:00:00,0.0,0.0,0
2023-02-12 16:00:00,0.0,0.0,0
2023-02-12 17:00:00,0.0,0.0,0
2023-02-12 18:00:00,0.0,0.0,0
2023-02-12 19:00:00,0.0,0.0,0
2023-02-12 20:00:00,0.0,0.0,0
2023-02-12 21:00:00,0.0,0.0,0
2023-02-12 22:00:00,0.0,0.0,0
2023-02-12 23:00:00,0.0,0.0,0
2023-02-13 00:00:00,0.0,0.0,0
2023-02-13 01:00:00,0.0,0.0,0
2023-02-13 02:00:00,0.0,0.0,0
2023-02-13 03:00:00,0.0,0.0,0
2023-02-13 04:00:00,0.0,0.0,0
2023-02-13 05:00:00,0.0,0.0,0
2023-02-13 06:00:00,0.0,0.0,0
2023-02-13 07:00:00,0.0,0.0,0
2023-02-13 08:00:00,0.0,0.0,0
2023-02-13 09:00:00,0.0,0.0,0
2023-02-13 10:00:00,0.0,0.0,0
2023-02-13 11:00:00,0.0,0.0,0
2023-02-13 12:00:00,0.0,0.0,0
2023-02-13 13:00:00,0.0,0.0,0
2023-02-13 14:00:00,0.0,0.0,0
2023-02-13 15:00:00,0.0,0.0,0
2023-02-13 16:00:00,0.0,0.0,0
2023-02-13 17:00:00,0.0,0.0,0
2023-02-13 18:00:00,0.0,0.0,0
2023-02-13 19:00:00,0.0,0.0,0
2023-02-13 20:00:00,0.0,0.0,0
2023-02-13 21:00:00,0.0,0.0,0
2023-02-13 22:00:00,0.0,0.0,0
2023-02-13 23:00:00,0.0,0.0,0
2023-02-14 00:00:00,0.0,0.0,0
2023-02-14 01:00:00,0.0,0.0,0
2023-02-14 02:00:00,0.0,0.0,0
2023-02-14 03:00:00,0.0,0.0,0
2023-02-14 04:00:00,0.0,0.0,0
2023-02-14 05:00:00,0.0,0.0,0
2023-02-14 06:00:00,0.0,0.0,0
2023-02-14 07:00:00,0.0,0.0,0
2023-02-14 08:00:00,0.0,0.0,0
2023-02-14 09:00:00,0.0,0.0,0
2023-02-14 10:00:00,0.0,0.0,0
2023-02-14 11:00:00,0.0,0.0,0
2023-02-14 12:00:00,0.0,0.0,0
2023-02-14 13:00:00,0.0,0.0,0
2023-02-14 14:00:00,0.0,0.0,0
2023-02-14 15:00:00,0.0,0.0,0
2023-02-14 16:00:00,0.0,0.0,0
2023-02-14 17:00:00,0.0,0.0,0
2023-02-14 18:00:00,0.0,0.0,0
2023-02-14 19:00:00,0.0,0.0,0
2023-02-14 20:00:00,0.0,0.0,0
2023-02-14 21:00:00,0.0,0.0,0
2023-02-14 22:00:00,0.0,0.0,0
2023-02-14 23:00:00,0.0,0.0,0
2023-02-15 00:00:00,0.0,0.0,0
2023-02-15 01:00:00,0.0,0.0,0
2023-02-15 02:00:00,0.0,0.0,0
2023-02-15 03:00:00,0.0,0.0,0
2023-02-15 04:00:00,0.0,0.0,0
2023-02-15 05:00:00,0.0,0.0,0
2023-02-15 06:00:00,0.0,0.0,0
2023-02-15 07:00:00,0.0,0.0,0
2023-02-15 08:00:00,0.0,0.0,0
2023-02-15 09:00:00,0.0,0.0,0
2023-02-15 10:00:00,0.0,0.0,0
2023-02-15 11:00:00,0.0,0.0,0
2023-02-15 12:00:00,0.0,0.0,0
2023-02-15 13:00:00,0.0,0.0,0
2023-02-15 14:00:00,0.0,0.0,0
2023-02-15 15:00:00,0.0,0.0,0
2023-02-15 16:00:00,0.0,0.0,0
2023-02-15 17:00:00,0.0,0.0,0
2023-02-15 18:00:00,0.0,0.0,0
2023-02-15 19:00:00,0.0,0.0,0
2023-02-15 20:00:00,0.0,0.0,0
2023-02-15 21:00:00,0.0,0.0,0
2023-02-15 22:00:00,0.0,0.0,0
2023-02-15 23:00:00,0.0,0.0,0
2023-02-16 00:00:00,0.0,0.0,0
2023-02-16 01:00:00,0.0,0.0,0
2023-02-16 02:00:00,0.0,0.0,0
2023-02-16 03:00:00,0.0,0.0,0
2023-02-16 04:00:00,0.0,0.0,0
2023-02-16 05:00:00,0.0,0.0,0
2023-02-16 06:00:00,0.0,0.0,0
2023-02-16 07:00:00,0.0,0.0,0
2023-02-16 08:00:00,0.0,0.0,0
2023-02-16 09:00:00,0.0,0.0,0
2023-02-16 10:00:00,0.0,0.0,0
2023-02-16 11:00:00,0.0,0.0,0
2023-02-16 12:00:00,0.0,0.0,0
2023-02-16 13:00:00,0.0,0.0,0
2023-02-16 14:00:00,0.0,0.0,0
2023-02-16 15:00:00,0.0,0.0,0
2023-02-16 16:00:00,0.0,0.0,0
2023-02-16 17:00:00,0.0,0.0,0
2023-02-16 18:00:00,0.0,0.0,0
2023-02-16 19:00:00,0.0,0.0,0
2023-02-16 20:00:00,0.0,0.0,0
2023-02-16 21:00:00,0.0,0.0,0
2023-02-16 22:00:00,0.0,0.0,0
2023-02-16 23:00:00,0.0,0.0,0
2023-02-17 00:00:00,0.0,0.0,0
2023-02-17 01:00:00,0.0,0.0,0
2023-02-17 02:00:00,0.0,0.0,0
2023-02-17 03:00:00,0.0,0.0,0
2023-02-17 04:00:00,0.0,0.0,0
2023-02-17 05:00:00,0.0,0.0,0
2023-02-17 06:00:00,0.0,0.0,0
2023-02-17 07:00:00,0.0,0.0,0
2023-02-17 08:00:00,0.0,0.0,0
2023-02-17 09:00:00,0.0,0.0,0
2023-02-17 10:00:00,0.0,0.0,0
2023-02-17 11:00:00,0.0,0.0,0
2023-02-17 12:00:00,0.0,0.0,0
2023-02-17 13:00:00,0.0,0.0,0
2023-02-17 14:00:00,0.0,0.0,0
2023-02-17 15:00:00,0.0,0.0,0
2023-02-17 16:00:00,0.0,0.0,0
2023-02-17 17:00:00,0.0,0.0,0
2023-02-17 18:00:00,0.0,0.0,0
2023-02-17 19:00:00,0.0,0.0,0
2023-02-17 20:00:00,0.0,0.0,0
2023-02-17 21:00:00,0.0,0.0,0
2023-02-17 22:00:00,0.0,0.0,0
2023-02-17 23:00:00,0.0,0.0,0
2023-02-18 00:00:00,0.0,0.0,0
2023-02-18 01:00:00,0.0,0.0,0
2023-02-18 02:00:00,0.0,0.0,0
2023-02-18 03:00:00,0.0,0.0,0
2023-02-18 04:00:00,0.0,0.0,0
2023-02-18 05:00:00,0.0,0.0,0
2023-02-18 06:00:00,0.0,0.0,0
2023-02-18 07:00:00,0.0,0.0,0
2023-02-18 08:00:00,0.0,0.0,0
2023-02-18 09:00:00,0.0,0.0,0
2023-02-18 10:00:00,0.0,0.0,0
2023-02-18 11:00:00,0.0,0.0,0
2023-02-18 12:00:00,0.0,0.0,0
2023-02-18 13:00:00,0.0,0.0,0
2023-02-18 14:00:00,0.0,0.0,0
2023-02-18 15:00:00,0.0,0.0,0
2023-02-18 16:00:00,0.0,0.0,0
2023-02-18 17:00:00,0.0,0.0,0
2023-02-18 18:00:00,0.0,0.0,0
2023-02-18 19:00:00,0.0,0.0,0
2023-02-18 20:00:00,0.0,0.0,0
2023-02-18 21:00:00,0.0,0.0,0
2023-02-18 22:00:00,0.0,0.0,0
2023-02-18 23:00:00,0.0,0.0,0
2023-02-19 00:00:00,0.0,0.0,0
2023-02-19 01:00:00,0.0,0.0,0
2023-02-19 02:00:00,0.0,0.0,0
2023-02-19 03:00:00,0.0,0.0,0
2023-02-19 04:00:00,0.0,0.0,0
2023-02-19 05:00:00,0.0,0.0,0
2023-02-19 06:00:00,0.0,0.0,0
2023-02-19 07:00:00,0.0,0.0,0
2023-02-19 08:00:00,0.0,0.0,0
2023-02-19 09:00:00,0.0,0.0,0
2023-02-19 10:00:00,0.0,0.0,0
2023-02-19 11:00:00,0.0,0.0,0
2023-02-19 12:00:00,0.0,0.0,0
2023-02-19 13:00:00,0.0,0.0,0
2023-02-19 14:00:00,0.0,0.0,0
2023-02-19 15:00:00,0.0,0.0,0
2023-02-19 16:00:00,0.0,0.0,0
2023-02-19 17:00:00,0.0,0.0,0
2023-02-19 18:00:00,0.0,0.0,0
2023-02-19 19:00:00,0.0,0.0,0
2023-02-19 20:00:00,0.0,0.0,0
2023-02-19 21:00:00,0.0,0.0,0
2023-02-19 22:00:00,0.0,0.0,0
2023-02-19 23:00:00,0.0,0.0,0
2023-02-20 00:00:00,0.0,0.0,0
2023-02-20 01:00:00,0.0,0.0,0
2023-02-20 02:00:00,0.0,0.0,0
2023-02-20 03:00:00,0.0,0.0,0
2023-02-20 04:00:00,0.0,0.0,0
2023-02-20 05:00:00,0.0,0.0,0
2023-02-20 06:00:00,0.0,0.0,0
2023-02-20 07:00:00,0.0,0.0,0
2023-02-20 08:00:00,0.0,0.0,0
2023-02-20 09:00:00,0.0,0.0,0
2023-02-20 10:00:00,0.0,0.0,0
2023-02-20 11:00:00,0.0,0.0,0
2023-02-20 12:00:00,0.0,0.0,0
2023-02-20 13:00:00,0.0,0.0,0
2023-02-20 14:00:00,0.0,0.0,0
2023-02-20 15:00:00,0.0,0.0,0
2023-02-20 16:00:00,0.0,0.0,0
2023-02-20 17:00:00,0.0,0.0,0
2023-02-20 18:00:00,0.0,0.0,0
2023-02-20 19:00:00,0.0,0.0,0
2023-02-20 20:00:00,0.0,0.0,0
2023-02-20 21:00:00,0.0,0.0,0
2023-02-20 22:00:00,0.0,0.0,0
2023-02-20 23:00:00,0.0,0.0,0
2023-02-21 00:00:00,0.0,0.0,0
2023-02-21 01:00:00,0.0,0.0,0
2023-02-21 02:00:00,0.0,0.0,0
2023-02-21 03:00:00,0.0,0.0,0
2023-02-21 04:00:00,0.0,0.0,0
2023-02-21 05:00:00,0.0,0.0,0
2023-02-21 06:00:00,0.0,0.0,0
2023-02-21 07:00:00,0.0,0.0,0
2023-02-21 08:00:00,0.0,0.0,0
2023-02-21 09:00:00,0.0,0.0,0
2023-02-21 10:00:00,0.0,0.0,0
2023-02-21 11:00:00,0.0,0.0,0
2023-02-21 12:00:00,0.0,0.0,0
2023-02-21 13:00:00,0.0,0.0,0
2023-02-21 14:00:00,0.0,0.0,0
2023-02-21 15:00:00,0.0,0.0,0
2023-02-21 16:00:00,0.0,0.0,0
2023-02-21 17:00:00,0.0,0.0,0
2023-02-21 18:00:00,0.0,0.0,0
2023-02-21 19:00:00,0.0,0.0,0
2023-02-21 20:00:00,0.0,0.0,0
2023-02-21 21:00:00,0.0,0.0,0
2023-02-21 22:00:00,0.0,0.0,0
2023-02-21 23:00:00,0.0,0.0,0
2023-02-22 00:00:00,0.0,0.0,0
2023-02-22 01:00:00,0.0,0.0,0
2023-02-22 02:00:00,0.0,0.0,0
2023-02-22 03:00:00,0.0,0.0,0
2023-02-22 04:00:00,0.0,0.0,0
2023-02-22 05:00:00,0.0,0.0,0
2023-02-22 06:00:00,0.0,0.0,0
2023-02-22 07:00:00,0.0,0.0,0
2023-02-22 08:00:00,0.0,0.0,0
2023-02-22 09:00:00,0.0,0.0,0
2023-02-22 10:00:00,0.0,0.0,0
2023-02-22 11:00:00,0.0,0.0,0
2023-02-22 12:00:00,0.0,0.0,0
2023-02-22 13:00:00,0.0,0.0,0
2023-02-22 14:00:00,0.0,0.0,0
2023-02-22 15:00:00,0.0,0.0,0
2023-02-22 16:00:00,0.0,0.0,0
2023-02-22 17:00:00,0.0,0.0,0
2023-02-22 18:00:00,0.0,0.0,0
2023-02-22 19:00:00,0.0,0.0,0
2023-02-22 20:00:00,0.0,0.0,0
2023-02-22 21:00:00,0.0,0.0,0
2023-02-22 22:00:00,0.0,0.0,0
2023-02-22 23:00:00,0.0,0.0,0
2023-02-23 00:00:00,0.0,0.0,0
2023-02-23 01:00:00,0.0,0.0,0
2023-02-23 02:00:00,0.0,0.0,0
2023-02-23 03:00:00,0.0,0.0,0
2023-02-23 04:00:00,0.0,0.0,0
2023-02-23 05:00:00,0.0,0.0,0
2023-02-23 06:00:00,0.0,0.0,0
2023-02-23 07:00:00,0.0,0.0,0
2023-02-23 08:00:00,0.0,0.0,0
2023-02-23 09:00:00,0.0,0.0,0
2023-02-23 10:00:00,0.0,0.0,0
2023-02-23 11:00:00,0.0,0.0,0
2023-02-23 12:00:00,0.0,0.0,0
2023-02-23 13:00:00,0.0,0.0,0
2023-02-23 14:00:00,0.0,0.0,0
2023-02-23 15:00:00,0.0,0.0,0
2023-02-23 16:00:00,0.0,0.0,0
2023-02-23 17:00:00,0.0,0.0,0
2023-02-23 18:00:00,0.0,0.0,0
2023-02-23 19:00:00,0.0,0.0,0
2023-02-23 20:00:00,0.0,0.0,0
2023-02-23 21:00:00,0.0,0.0,0
2023-02-23 22:00:00,0.0,0.0,0
2023-02-23 23:00:00,0.0,0.0,0
2023-02-24 00:00:00,0.0,0.0,0
2023-02-24 01:00:00,0.0,0.0,0
2023-02-24 02:00:00,0.0,0.0,0
2023-02-24 03:00:00,0.0,0.0,0
2023-02-24 04:00:00,0.0,0.0,0
2023-02-24 05:00:00,0.0,0.0,0
2023-02-24 06:00:00,0.0,0.0,0
2023-02-24 07:00:00,0.0,0.0,0
2023-02-24 08:00:00,0.0,0.0,0
2023-02-24 09:00:00,0.0,0.0,0
2023-02-24 10:00:00,0.0,0.0,0
2023-02-24 11:00:00,0.0,0.0,0
2023-02-24 12:00:00,0.0,0.0,0
2023-02-24 13:00:00,0.0,0.0,0
2023-02-24 14:00:00,0.0,0.0,0
2023-02-24 15:00:00,0.0,0.0,0
2023-02-24 16:00:00,0.0,0.0,0
2023-02-24 17:00:00,0.0,0.0,0
2023-02-24 18:00:00,0.0,0.0,0
2023-02-24 19:00:00,0.0,0.0,0
2023-02-24 20:00:00,0.0,0.0,0
2023-02-24 21:00:00,0.0,0.0,0
2023-02-24 22:00:00,0.0,0.0,0
2023-02-24 23:00:00,0.0,0.0,0
2023-02-25 00:00:00,0.0,0.0,0
2023-02-25 01:00:00,0.0,0.0,0
2023-02-25 02:00:00,0.0,0.0,0
2023-02-25 03:00:00,0.0,0.0,0
2023-02-25 04:00:00,0.0,0.0,0
2023-02-25 05:00:00,0.0,0.0,0
2023-02-25 06:00:00,0.0,0.0,0
2023-02-25 07:00:00,0.0,0.0,0
2023-02-25 08:00:00,0.0,0.0,0
2023-02-25 09:00:00,0.0,0.0,0
2023-02-25 10:00:00,0.0,0.0,0
2023-02-25 11:00:00,0.0,0.0,0
2023-02-25 12:00:00,0.0,0.0,0
2023-02-25 13:00:00,0.0,0.0,0
2023-02-25 14:00:00,0.0,0.0,0
2023-02-25 15:00:00,0.0,0.0,0
2023-02-25 16:00:00,0.0,0.0,0
2023-02-25 17:00:00,0.0,0.0,0
2023-02-25 18:00:00,0.0,0.0,0
2023-02-25 19:00:00,0.0,0.0,0
2023-02-25 20:00:00,0.14406354166666666,-0.14583333333333334,96
2023-02-25 21:00:00,0.13692415966386554,-0.023109243697478993,476
2023-02-25 22:00:00,0.07488037135278515,-0.08753315649867374,377
2023-02-25 23:00:00,0.15500347826086955,-0.03768115942028986,345
2023-02-26 00:00:00,0.1394163434903047,-0.008310249307479225,361
2023-02-26 01:00:00,0.15235533980582525,0.009708737864077669,309
2023-02-26 02:00:00,0.14817602739726027,0.030821917808219176,292
2023-02-26 03:00:00,0.14087264150943396,0.009433962264150943,318
2023-02-26 04:00:00,0.19030059171597635,0.1301775147928994,338
2023-02-26 05:00:00,0.223862124248497,0.156312625250501,499
2023-02-26 06:00:00,0.222330193236715,0.16908212560386474,414
2023-02-26 07:00:00,0.1548505376344086,0.0967741935483871,465
2023-02-26 08:00:00,0.19896109839816933,0.09610983981693363,437
2023-02-26 09:00:00,0.1843056399132321,0.11713665943600868,461
2023-02-26 10:00:00,0.16614914425427874,0.07334963325183375,409
2023-02-26 11:00:00,0.13648953722334004,0.04426559356136821,497
2023-02-26 12:00:00,0.15371340782122905,0.04283054003724395,537
2023-02-26 13:00:00,0.17897767857142857,0.023214285714285715,560
2023-02-26 14:00:00,0.17523747841105355,0.02072538860103627,579
2023-02-26 15:00:00,0.1715001851851852,0.03518518518518519,540
2023-02-26 16:00:00,0.17228051470588235,-0.007352941176470588,544
2023-02-26 17:00:00,0.1783140425531915,0.03971631205673759,705
2023-02-26 18:00:00,0.16288415233415235,0.04791154791154791,814
2023-02-26 19:00:00,0.16750718085106384,-0.005319148936170213,752
2023-02-26 20:00:00,0.15403660477453582,-0.03050397877984085,754
2023-02-26 21:00:00,0.1300451313755796,0.0077279752704791345,647
2023-02-26 22:00:00,0.12560545454545455,-0.01818181818181818,605
2023-02-26 23:00:00,0.1493258064516129,0.009487666034155597,527
2023-02-27 00:00:00,0.0,0.0,0
2023-02-27 01:00:00,0.0,0.0,0
2023-02-27 02:00:00,0.0,0.0,0
2023-02-27 03:00:00,0.0,0.0,0
2023-02-27 04:00:00,0.0,0.0,0
2023-02-27 05:00:00,0.0,0.0,0
2023-02-27 06:00:00,0.0,0.0,0
2023-02-27 07:00:00,0.0,0.0,0
2023-02-27 08:00:00,0.0,0.0,0
2023-02-27 09:00:00,0.0,0.0,0
2023-02-27 10:00:00,0.10137673267326733,0.0024752475247524753,404
2023-02-27 11:00:00,0.14327011494252875,-0.0038314176245210726,522
2023-02-27 12:00:00,0.1282553872053872,-0.02356902356902357,594
2023-02-27 13:00:00,0.1236660294117647,0.01764705882352941,680
2023-02-27 14:00:00,0.1381213371266003,0.01422475106685633,703
2023-02-27 15:00:00,0.14851146732429102,0.012330456226880395,811
2023-02-27 16:00:00,0.11014771322620519,-0.02595797280593325,809
2023-02-27 17:00:00,0.08910289389067523,-0.03536977491961415,622
2023-02-27 18:00:00,0.12558964451313756,0.05564142194744977,647
2023-02-27 19:00:00,0.11349589285714286,-0.04642857142857143,560
2023-02-27 20:00:00,0.12028402061855671,-0.020618556701030927,582
2023-02-27 21:00:00,0.08193673036093418,-0.004246284501061571,471
2023-02-27 22:00:00,0.09693908045977012,-0.05747126436781609,435
2023-02-27 23:00:00,0.10763687943262411,0.026004728132387706,423
2023-02-28 00:00:00,0.11099950372208436,-0.01488833746898263,403
2023-02-28 01:00:00,0.16306090534979426,0.02880658436213992,486
2023-02-28 02:00:00,0.11873171355498723,-0.01278772378516624,391
2023-02-28 03:00:00,0.10185121951219513,-0.02710027100271003,369
2023-02-28 04:00:00,0.027317313432835822,-0.04776119402985075,335
2023-02-28 05:00:00,0.06233333333333334,-0.040498442367601244,321
2023-02-28 06:00:00,0.12492358722358722,-0.014742014742014743,407
2023-02-28 07:00:00,0.08707121951219511,-0.024390243902439025,410
2023-02-28 08:00:00,0.0843002427184466,-0.024271844660194174,412
2023-02-28 09:00:00,0.08654464285714285,-0.031746031746031744,504
2023-02-28 10:00:00,0.106307822410148,0.03171247357293869,473
2023-02-28 11:00:00,0.07945365853658536,0.0150093808630394,533
2023-02-28 12:00:00,0.10996979166666666,-0.036458333333333336,576
2023-02-28 13:00:00,0.13225923460898503,-0.028286189683860232,601
2023-02-28 14:00:00,0.13981870286576167,-0.016591251885369532,663
2023-02-28 15:00:00,0.12986006240249612,-0.054602184087363496,641
2023-02-28 16:00:00,0.1439361861861862,-0.025525525525525526,666
2023-02-28 17:00:00,0.11604174528301887,0.0011792452830188679,848
2023-02-28 18:00:00,0.12515065502183406,0.0851528384279476,916
2023-02-28 19:00:00,0.10417827763496144,-0.05912596401028278,778
2023-02-28 20:00:00,0.16202118294360385,-0.013755158184319119,727
2023-02-28 21:00:00,0.11786268656716418,-0.0472636815920398,804
2023-02-28 22:00:00,0.1251809593023256,-0.00436046511627907,688
2023-02-28 23:00:00,0.134992996742671,-0.021172638436482084,614
2023-03-01 00:00:00,0.15721209677419357,-0.012903225806451613,620
2023-03-01 01:00:00,0.1334929389312977,-0.011450381679389313,524
2023-03-01 02:00:00,0.10586352201257862,-0.018867924528301886,477
2023-03-01 03:00:00,0.06077288135593221,-0.0696798493408663,531
2023-03-01 04:00:00,0.1439759649122807,0.017543859649122806,570
2023-03-01 05:00:00,0.14286916666666669,-0.023333333333333334,600
2023-03-01 06:00:00,0.11993162251655629,-0.006622516556291391,604
2023-03-01 07:00:00,0.14552255520504734,0.022082018927444796,634
2023-03-01 08:00:00,0.17368269986893842,0.03014416775884666,763
2023-03-01 09:00:00,0.16989699453551912,0.023224043715846996,732
2023-03-01 10:00:00,0.18772393700787401,0.03307086614173228,635
2023-03-01 11:00:00,0.1790140668523677,0.023676880222841225,718
2023-03-01 12:00:00,0.10553716475095785,-0.019157088122605363,783
2023-03-01 13:00:00,0.13800365135453474,-0.02591283863368669,849
2023-03-01 14:00:00,0.13951656804733728,0.03195266272189349,845
2023-03-01 15:00:00,0.155075950668037,0.0,973
2023-03-01 16:00:00,0.130758371040724,-0.026018099547511313,884
2023-03-01 17:00:00,0.12756471306471306,0.01098901098901099,819
2023-03-01 18:00:00,0.18676396713615023,0.11032863849765258,852
2023-03-01 19:00:00,0.15797611764705882,0.03058823529411765,850
2023-03-01 20:00:00,0.14586897856242118,-0.006305170239596469,793
2023-03-01 21:00:00,0.1220502463054187,-0.003284072249589491,609
2023-03-01 22:00:00,0.1789549504950495,0.01485148514851485,606
2023-03-01 23:00:00,0.14331003460207614,0.006920415224913495,578
2023-03-02 00:00:00,0.12145871121718377,-0.021479713603818614,419
2023-03-02 01:00:00,0.1306375350140056,-0.008403361344537815,357
2023-03-02 02:00:00,0.08606148867313916,-0.02912621359223301,309
2023-03-02 03:00:00,0.12840379746835442,-0.0031645569620253164,316
2023-03-02 04:00:00,0.16341973244147157,-0.033444816053511704,299
2023-03-02 05:00:00,0.1095128205128205,-0.009615384615384616,312
2023-03-02 06:00:00,0.11425457142857143,0.025714285714285714,350
2023-03-02 07:00:00,0.16088776978417266,0.0,417
2023-03-02 08:00:00,0.09235829875518672,-0.04979253112033195,482
2023-03-02 09:00:00,0.11973008849557523,0.004424778761061947,452
2023-03-02 10:00:00,0.105612109375,-0.009765625,512
2023-03-02 11:00:00,0.10977542372881356,-0.023305084745762712,472
2023-03-02 12:00:00,0.14552090592334493,-0.0017421602787456446,574
2023-03-02 13:00:00,0.08295284431137724,-0.08383233532934131,668
2023-03-02 14:00:00,0.1131308868501529,-0.05504587155963303,654
2023-03-02 15:00:00,0.12225544554455445,-0.026402640264026403,606
2023-03-02 16:00:00,0.08406424148606811,-0.02631578947368421,646
2023-03-02 17:00:00,0.06958099173553718,-0.10413223140495868,605
2023-03-02 18:00:00,0.10962740112994351,-0.1115819209039548,708
2023-03-02 19:00:00,0.14521955017301036,-0.01903114186851211,578
2023-03-02 20:00:00,0.11122192307692308,-0.03076923076923077,520
2023-03-02 21:00:00,0.10333707414829658,-0.04008016032064128,499
2023-03-02 22:00:00,0.09243589743589743,0.0,468
2023-03-02 23:00:00,0.09216992084432718,0.013192612137203167,379
2023-03-03 00:00:00,0.14588799076212472,-0.004618937644341801,433
2023-03-03 01:00:00,0.07090098522167487,-0.022167487684729065,812
2023-03-03 02:00:00,0.038174645892351276,-0.11614730878186968,706
2023-03-03 03:00:00,0.052137142857142854,-0.09915966386554621,595
2023-03-03 04:00:00,0.04402803180914513,-0.073558648111332,503
2023-03-03 05:00:00,0.04192293577981652,-0.05733944954128441,436
2023-03-03 06:00:00,0.0913978,0.022,500
2023-03-03 07:00:00,0.03570773930753564,-0.06720977596741344,491
2023-03-03 08:00:00,0.10317512776831346,-0.03747870528109029,587
2023-03-03 09:00:00,0.07687947761194029,-0.04664179104477612,536
2023-03-03 10:00:00,0.04572969588550985,-0.03220035778175313,559
2023-03-03 11:00:00,0.10524093357271096,-0.03411131059245961,557
2023-03-03 12:00:00,0.13623496062992124,0.006299212598425197,635
2023-03-03 13:00:00,0.13218101644245142,0.005979073243647235,669
2023-03-03 14:00:00,0.0649105806451613,-0.03483870967741935,775
2023-03-03 15:00:00,0.11018149171270718,-0.04143646408839779,724
2023-03-03 16:00:00,0.11405726618705037,-0.06474820143884892,695
2023-03-03 17:00:00,0.09594162754303599,0.004694835680751174,639
2023-03-03 18:00:00,0.018785419354838715,-0.1406451612903226,775
2023-03-03 19:00:00,0.06957636054421769,-0.07482993197278912,588
2023-03-03 20:00:00,0.09040242085661081,-0.0148975791433892,537
2023-03-03 21:00:00,0.12605973782771535,0.00749063670411985,534
2023-03-03 22:00:00,0.15481673387096775,-0.10685483870967742,496
2023-03-03 23:00:00,0.09250626631853785,-0.020887728459530026,383
2023-03-04 00:00:00,0.07930543209876542,-0.024691358024691357,405
2023-03-04 01:00:00,0.06846581920903955,-0.03389830508474576,354
2023-03-04 02:00:00,0.055209912536443154,-0.029154518950437316,343
2023-03-04 03:00:00,0.04778674698795181,-0.060240963855421686,332
2023-03-04 04:00:00,0.05374181818181818,-0.03333333333333333,330
2023-03-04 05:00:00,0.08419455128205128,0.00641025641025641,312
2023-03-04 06:00:00,0.092308,-0.03076923076923077,325
2023-03-04 07:00:00,0.11690612244897958,-0.0058309037900874635,343
2023-03-04 08:00:00,0.09522983539094651,-0.024691358024691357,486
2023-03-04 09:00:00,0.05170561797752809,-0.03089887640449438,356
2023-03-04 10:00:00,0.1112268085106383,-0.05319148936170213,470
2023-03-04 11:00:00,0.1633644216691069,0.036603221083455345,683
2023-03-04 12:00:00,0.16093073654390935,0.0028328611898017,706
2023-03-04 13:00:00,0.16193481375358168,0.054441260744985676,698
2023-03-04 14:00:00,0.1577167358229599,0.04979253112033195,723
2023-03-04 15:00:00,0.13399190672153635,-0.0205761316872428,729
2023-03-04 16:00:00,0.16766335329341317,-0.0011976047904191617,835
2023-03-04 17:00:00,0.137544578313253,0.030789825970548863,747
2023-03-04 18:00:00,0.1119897877984085,-0.07161803713527852,754
2023-03-04 19:00:00,0.0839741542625169,-0.06089309878213803,739
2023-03-04 20:00:00,0.12687713365539452,0.020933977455716585,621
2023-03-04 21:00:00,0.13550597738287562,0.04038772213247173,619
2023-03-04 22:00:00,0.12429205834683954,-0.04051863857374392,617
2023-03-04 23:00:00,0.13936643478260868,-0.036521739130434785,575
2023-03-05 00:00:00,0.0,0.0,0
2023-03-05 01:00:00,0.0,0.0,0
2023-03-05 02:00:00,0.0,0.0,0
2023-03-05 03:00:00,0.0,0.0,0
2023-03-05 04:00:00,0.0,0.0,0
2023-03-05 05:00:00,0.0,0.0,0
2023-03-05 06:00:00,0.0,0.0,0
2023-03-05 07:00:00,0.0,0.0,0
2023-03-05 08:00:00,0.0,0.0,0
2023-03-05 09:00:00,0.0,0.0,0
2023-03-05 10:00:00,0.0,0.0,0
2023-03-05 11:00:00,0.0,0.0,0
2023-03-05 12:00:00,0.0,0.0,0
2023-03-05 13:00:00,0.0,0.0,0
2023-03-05 14:00:00,0.10907631578947367,0.05263157894736842,38
2023-03-05 15:00:00,0.12673991416309013,0.027896995708154508,466
2023-03-05 16:00:00,0.11017435424354244,0.005535055350553505,542
2023-03-05 17:00:00,0.11694402277039848,-0.028462998102466792,527
2023-03-05 18:00:00,0.046132976827094475,-0.1051693404634581,561
2023-03-05 19:00:00,0.11289700427960057,-0.0442225392296719,701
2023-03-05 20:00:00,0.12099453717754173,0.010622154779969651,659
2023-03-05 21:00:00,0.10893217247097843,-0.03482587064676617,603
2023-03-05 22:00:00,0.10516755725190839,-0.030534351145038167,524
2023-03-05 23:00:00,0.14889713740458013,0.04770992366412214,524
